Tournament,Date,Series,Court,Surface,Round,Best of,Player_1,Player_2,Winner,Rank_1,Rank_2,Pts_1,Pts_2,Odd_1,Odd_2,Score,Rank_Mean,Upset,Selected_Player,Opponent,match_index,youtube_search_query,youtube_video_id,youtube_video_title,youtube_channel_title,youtube_published_at,youtube_url,comment_number,comment_text,comment_likes,comment_published_at,sentiment_score,negative_score,neutral_score,positive_score,compound_score,sentiment_label
Wimbledon,2025-07-13,Grand Slam,Outdoor,Grass,The Final,5,Alcaraz C.,Sinner J.,Sinner J.,2,1,9300,10430,2.0,1.83,6-4 4-6 4-6 4-6,1.5,False,Sinner,Alcaraz C.,0,Alcaraz vs Sinner Wimbledon 2025 highlights,CxfFbGWS9qw,An EPIC rivalry for the ages | Carlos Alcaraz v Jannik Sinner | Extended Highlights | Wimbledon 2025,Wimbledon,2025-07-13T19:45:54Z,https://www.youtube.com/watch?v=CxfFbGWS9qw,1,The way he has recovered from that heartbreaking loss at Roland Garros is nothing short of incredible.,2512,2025-07-13T19:51:53Z,"{'neg': 0.261, 'neu': 0.739, 'pos': 0.0, 'compound': -0.6486}",0.261,0.739,0.0,-0.6486,Negative
Wimbledon,2025-07-13,Grand Slam,Outdoor,Grass,The Final,5,Alcaraz C.,Sinner J.,Sinner J.,2,1,9300,10430,2.0,1.83,6-4 4-6 4-6 4-6,1.5,False,Sinner,Alcaraz C.,0,Alcaraz vs Sinner Wimbledon 2025 highlights,CxfFbGWS9qw,An EPIC rivalry for the ages | Carlos Alcaraz v Jannik Sinner | Extended Highlights | Wimbledon 2025,Wimbledon,2025-07-13T19:45:54Z,https://www.youtube.com/watch?v=CxfFbGWS9qw,2,"This is one of most elite tennis I have ever seen.  Offense, defense, movement, power, angles.....from both players.",1140,2025-07-14T02:39:28Z,"{'neg': 0.103, 'neu': 0.821, 'pos': 0.077, 'compound': -0.128}",0.103,0.821,0.077,-0.128,Negative
Wimbledon,2025-07-13,Grand Slam,Outdoor,Grass,The Final,5,Alcaraz C.,Sinner J.,Sinner J.,2,1,9300,10430,2.0,1.83,6-4 4-6 4-6 4-6,1.5,False,Sinner,Alcaraz C.,0,Alcaraz vs Sinner Wimbledon 2025 highlights,CxfFbGWS9qw,An EPIC rivalry for the ages | Carlos Alcaraz v Jannik Sinner | Extended Highlights | Wimbledon 2025,Wimbledon,2025-07-13T19:45:54Z,https://www.youtube.com/watch?v=CxfFbGWS9qw,3,"True champion! He doesn't scream, shout, or boast, whether he wins or loses a point.. always calm and composed. Amazing character.",1531,2025-07-15T04:39:47Z,"{'neg': 0.065, 'neu': 0.396, 'pos': 0.539, 'compound': 0.9497}",0.065,0.396,0.539,0.9497,Positive
Wimbledon,2025-07-13,Grand Slam,Outdoor,Grass,The Final,5,Alcaraz C.,Sinner J.,Sinner J.,2,1,9300,10430,2.0,1.83,6-4 4-6 4-6 4-6,1.5,False,Sinner,Alcaraz C.,0,Alcaraz vs Sinner Wimbledon 2025 highlights,CxfFbGWS9qw,An EPIC rivalry for the ages | Carlos Alcaraz v Jannik Sinner | Extended Highlights | Wimbledon 2025,Wimbledon,2025-07-13T19:45:54Z,https://www.youtube.com/watch?v=CxfFbGWS9qw,4,I like how grounded the celebration is. Arms aloft. Smile. That's it. Man this generation is a fine exemplar of sportsmanship,755,2025-07-15T04:04:15Z,"{'neg': 0.0, 'neu': 0.726, 'pos': 0.274, 'compound': 0.7003}",0.0,0.726,0.274,0.7003,Positive
Wimbledon,2025-07-13,Grand Slam,Outdoor,Grass,The Final,5,Alcaraz C.,Sinner J.,Sinner J.,2,1,9300,10430,2.0,1.83,6-4 4-6 4-6 4-6,1.5,False,Sinner,Alcaraz C.,0,Alcaraz vs Sinner Wimbledon 2025 highlights,CxfFbGWS9qw,An EPIC rivalry for the ages | Carlos Alcaraz v Jannik Sinner | Extended Highlights | Wimbledon 2025,Wimbledon,2025-07-13T19:45:54Z,https://www.youtube.com/watch?v=CxfFbGWS9qw,5,"Alcaraz fan here to congratulate Jannik! His serve was unstoppable today.

These two will bring plenty of joy for tennis enjoyers in years to come and im so here for it!",786,2025-07-13T20:09:30Z,"{'neg': 0.044, 'neu': 0.636, 'pos': 0.32, 'compound': 0.9059}",0.044,0.636,0.32,0.9059,Positive
Wimbledon,2025-07-13,Grand Slam,Outdoor,Grass,The Final,5,Alcaraz C.,Sinner J.,Sinner J.,2,1,9300,10430,2.0,1.83,6-4 4-6 4-6 4-6,1.5,False,Sinner,Alcaraz C.,0,Alcaraz vs Sinner Wimbledon 2025 highlights,CxfFbGWS9qw,An EPIC rivalry for the ages | Carlos Alcaraz v Jannik Sinner | Extended Highlights | Wimbledon 2025,Wimbledon,2025-07-13T19:45:54Z,https://www.youtube.com/watch?v=CxfFbGWS9qw,6,"I'm in love with Jannik Sinner's game, so elegant, so powerful and precise and beautiful to watch! I binge on every single video showcasing his highlights, too good!",255,2025-07-15T08:28:16Z,"{'neg': 0.0, 'neu': 0.541, 'pos': 0.459, 'compound': 0.9662}",0.0,0.541,0.459,0.9662,Positive
Wimbledon,2025-07-13,Grand Slam,Outdoor,Grass,The Final,5,Alcaraz C.,Sinner J.,Sinner J.,2,1,9300,10430,2.0,1.83,6-4 4-6 4-6 4-6,1.5,False,Sinner,Alcaraz C.,0,Alcaraz vs Sinner Wimbledon 2025 highlights,CxfFbGWS9qw,An EPIC rivalry for the ages | Carlos Alcaraz v Jannik Sinner | Extended Highlights | Wimbledon 2025,Wimbledon,2025-07-13T19:45:54Z,https://www.youtube.com/watch?v=CxfFbGWS9qw,7,"whoever makes these highlights- the break points are important. take out a few of the routine serve hold points, and show at least the breaks of serve, plus maybe a good rally that led to the break occasionally.. missing that... it's like skipping over an inning ending strikeout in baseball, or an interception in American football.",595,2025-07-13T20:29:19Z,"{'neg': 0.031, 'neu': 0.851, 'pos': 0.118, 'compound': 0.6478}",0.031,0.851,0.118,0.6478,Positive
Wimbledon,2025-07-13,Grand Slam,Outdoor,Grass,The Final,5,Alcaraz C.,Sinner J.,Sinner J.,2,1,9300,10430,2.0,1.83,6-4 4-6 4-6 4-6,1.5,False,Sinner,Alcaraz C.,0,Alcaraz vs Sinner Wimbledon 2025 highlights,CxfFbGWS9qw,An EPIC rivalry for the ages | Carlos Alcaraz v Jannik Sinner | Extended Highlights | Wimbledon 2025,Wimbledon,2025-07-13T19:45:54Z,https://www.youtube.com/watch?v=CxfFbGWS9qw,8,Sinner outplayed Alcaraz in every single way in this match. He was on fire!!!!,244,2025-07-13T21:40:25Z,"{'neg': 0.215, 'neu': 0.785, 'pos': 0.0, 'compound': -0.5526}",0.215,0.785,0.0,-0.5526,Negative
Wimbledon,2025-07-13,Grand Slam,Outdoor,Grass,The Final,5,Alcaraz C.,Sinner J.,Sinner J.,2,1,9300,10430,2.0,1.83,6-4 4-6 4-6 4-6,1.5,False,Sinner,Alcaraz C.,0,Alcaraz vs Sinner Wimbledon 2025 highlights,CxfFbGWS9qw,An EPIC rivalry for the ages | Carlos Alcaraz v Jannik Sinner | Extended Highlights | Wimbledon 2025,Wimbledon,2025-07-13T19:45:54Z,https://www.youtube.com/watch?v=CxfFbGWS9qw,9,"I didn’t thought Sinner would beat Alcraz today after that loss in french, Sinner showed the mental toughness today and got it done, congrats.",101,2025-07-14T01:38:42Z,"{'neg': 0.125, 'neu': 0.753, 'pos': 0.122, 'compound': 0.2263}",0.125,0.753,0.122,0.2263,Positive
Wimbledon,2025-07-13,Grand Slam,Outdoor,Grass,The Final,5,Alcaraz C.,Sinner J.,Sinner J.,2,1,9300,10430,2.0,1.83,6-4 4-6 4-6 4-6,1.5,False,Sinner,Alcaraz C.,0,Alcaraz vs Sinner Wimbledon 2025 highlights,CxfFbGWS9qw,An EPIC rivalry for the ages | Carlos Alcaraz v Jannik Sinner | Extended Highlights | Wimbledon 2025,Wimbledon,2025-07-13T19:45:54Z,https://www.youtube.com/watch?v=CxfFbGWS9qw,10,The last game of 2nd set is pure melody from Sinner..,208,2025-07-15T04:24:29Z,"{'neg': 0.0, 'neu': 1.0, 'pos': 0.0, 'compound': 0.0}",0.0,1.0,0.0,0.0,Neutral
Wimbledon,2025-07-13,Grand Slam,Outdoor,Grass,The Final,5,Alcaraz C.,Sinner J.,Sinner J.,2,1,9300,10430,2.0,1.83,6-4 4-6 4-6 4-6,1.5,False,Sinner,Alcaraz C.,0,Alcaraz vs Sinner Wimbledon 2025 highlights,CxfFbGWS9qw,An EPIC rivalry for the ages | Carlos Alcaraz v Jannik Sinner | Extended Highlights | Wimbledon 2025,Wimbledon,2025-07-13T19:45:54Z,https://www.youtube.com/watch?v=CxfFbGWS9qw,11,"He was in mission , so focused",108,2025-07-15T03:36:33Z,"{'neg': 0.0, 'neu': 0.641, 'pos': 0.359, 'compound': 0.5214}",0.0,0.641,0.359,0.5214,Positive
Wimbledon,2025-07-13,Grand Slam,Outdoor,Grass,The Final,5,Alcaraz C.,Sinner J.,Sinner J.,2,1,9300,10430,2.0,1.83,6-4 4-6 4-6 4-6,1.5,False,Sinner,Alcaraz C.,0,Alcaraz vs Sinner Wimbledon 2025 highlights,CxfFbGWS9qw,An EPIC rivalry for the ages | Carlos Alcaraz v Jannik Sinner | Extended Highlights | Wimbledon 2025,Wimbledon,2025-07-13T19:45:54Z,https://www.youtube.com/watch?v=CxfFbGWS9qw,12,Sinner is going to be on top for a LOOOOOOOOONG time,197,2025-07-14T03:11:55Z,"{'neg': 0.0, 'neu': 0.847, 'pos': 0.153, 'compound': 0.2023}",0.0,0.847,0.153,0.2023,Positive
Wimbledon,2025-07-13,Grand Slam,Outdoor,Grass,The Final,5,Alcaraz C.,Sinner J.,Sinner J.,2,1,9300,10430,2.0,1.83,6-4 4-6 4-6 4-6,1.5,False,Sinner,Alcaraz C.,0,Alcaraz vs Sinner Wimbledon 2025 highlights,CxfFbGWS9qw,An EPIC rivalry for the ages | Carlos Alcaraz v Jannik Sinner | Extended Highlights | Wimbledon 2025,Wimbledon,2025-07-13T19:45:54Z,https://www.youtube.com/watch?v=CxfFbGWS9qw,13,These two champions will write the history of tennis for the next 10 years.,14,2025-07-16T06:53:04Z,"{'neg': 0.0, 'neu': 0.793, 'pos': 0.207, 'compound': 0.5267}",0.0,0.793,0.207,0.5267,Positive
Wimbledon,2025-07-13,Grand Slam,Outdoor,Grass,The Final,5,Alcaraz C.,Sinner J.,Sinner J.,2,1,9300,10430,2.0,1.83,6-4 4-6 4-6 4-6,1.5,False,Sinner,Alcaraz C.,0,Alcaraz vs Sinner Wimbledon 2025 highlights,CxfFbGWS9qw,An EPIC rivalry for the ages | Carlos Alcaraz v Jannik Sinner | Extended Highlights | Wimbledon 2025,Wimbledon,2025-07-13T19:45:54Z,https://www.youtube.com/watch?v=CxfFbGWS9qw,14,"7:51 - At such an important moment, Sinner still shows his humanity and kindness. That's why he's my favorite player, not by how good he is as a player, but by what values he hold. Humbleness, composure, kindness along with extraordinary talent and work ethics. No racket breaking, no toilet breaks, no shouting, no replying to Kyrios' bullies. I was supporting Sinner in this match without even believing that he could win (shame on me) and I suffered so much for his mom before he won. I never experienced this kind of feelings before, like a brother of mine won a Grand Slam. So magical.",216,2025-07-15T12:33:03Z,"{'neg': 0.144, 'neu': 0.558, 'pos': 0.298, 'compound': 0.9762}",0.144,0.558,0.298,0.9762,Positive
Wimbledon,2025-07-13,Grand Slam,Outdoor,Grass,The Final,5,Alcaraz C.,Sinner J.,Sinner J.,2,1,9300,10430,2.0,1.83,6-4 4-6 4-6 4-6,1.5,False,Sinner,Alcaraz C.,0,Alcaraz vs Sinner Wimbledon 2025 highlights,CxfFbGWS9qw,An EPIC rivalry for the ages | Carlos Alcaraz v Jannik Sinner | Extended Highlights | Wimbledon 2025,Wimbledon,2025-07-13T19:45:54Z,https://www.youtube.com/watch?v=CxfFbGWS9qw,15,"My hat off to Sinner. What an amazing talent! Both are great, but Sinner really is extraordinary... Wow..",186,2025-07-14T04:08:27Z,"{'neg': 0.0, 'neu': 0.524, 'pos': 0.476, 'compound': 0.9142}",0.0,0.524,0.476,0.9142,Positive
Wimbledon,2025-07-13,Grand Slam,Outdoor,Grass,The Final,5,Alcaraz C.,Sinner J.,Sinner J.,2,1,9300,10430,2.0,1.83,6-4 4-6 4-6 4-6,1.5,False,Sinner,Alcaraz C.,0,Alcaraz vs Sinner Wimbledon 2025 highlights,CxfFbGWS9qw,An EPIC rivalry for the ages | Carlos Alcaraz v Jannik Sinner | Extended Highlights | Wimbledon 2025,Wimbledon,2025-07-13T19:45:54Z,https://www.youtube.com/watch?v=CxfFbGWS9qw,16,Sinner is like a robot....No hurt feelings from the French Open.....No acting up or getting frustrated...Just getting the job done......The Terminator!!,26,2025-07-15T14:51:42Z,"{'neg': 0.156, 'neu': 0.746, 'pos': 0.098, 'compound': -0.3578}",0.156,0.746,0.098,-0.3578,Negative
Wimbledon,2025-07-13,Grand Slam,Outdoor,Grass,The Final,5,Alcaraz C.,Sinner J.,Sinner J.,2,1,9300,10430,2.0,1.83,6-4 4-6 4-6 4-6,1.5,False,Sinner,Alcaraz C.,0,Alcaraz vs Sinner Wimbledon 2025 highlights,CxfFbGWS9qw,An EPIC rivalry for the ages | Carlos Alcaraz v Jannik Sinner | Extended Highlights | Wimbledon 2025,Wimbledon,2025-07-13T19:45:54Z,https://www.youtube.com/watch?v=CxfFbGWS9qw,17,8:56 Gotta love that jumping backhand from Sinner 🤩 he hits that shot when he's full of confidence.,222,2025-07-14T03:34:15Z,"{'neg': 0.0, 'neu': 0.681, 'pos': 0.319, 'compound': 0.8176}",0.0,0.681,0.319,0.8176,Positive
Wimbledon,2025-07-13,Grand Slam,Outdoor,Grass,The Final,5,Alcaraz C.,Sinner J.,Sinner J.,2,1,9300,10430,2.0,1.83,6-4 4-6 4-6 4-6,1.5,False,Sinner,Alcaraz C.,0,Alcaraz vs Sinner Wimbledon 2025 highlights,CxfFbGWS9qw,An EPIC rivalry for the ages | Carlos Alcaraz v Jannik Sinner | Extended Highlights | Wimbledon 2025,Wimbledon,2025-07-13T19:45:54Z,https://www.youtube.com/watch?v=CxfFbGWS9qw,18,"They absolutely had the two very top players in the finals!  OMG, what an incredible match.  They will both give us great years to come.",114,2025-07-14T00:47:49Z,"{'neg': 0.0, 'neu': 0.78, 'pos': 0.22, 'compound': 0.7569}",0.0,0.78,0.22,0.7569,Positive
Wimbledon,2025-07-13,Grand Slam,Outdoor,Grass,The Final,5,Alcaraz C.,Sinner J.,Sinner J.,2,1,9300,10430,2.0,1.83,6-4 4-6 4-6 4-6,1.5,False,Sinner,Alcaraz C.,0,Alcaraz vs Sinner Wimbledon 2025 highlights,CxfFbGWS9qw,An EPIC rivalry for the ages | Carlos Alcaraz v Jannik Sinner | Extended Highlights | Wimbledon 2025,Wimbledon,2025-07-13T19:45:54Z,https://www.youtube.com/watch?v=CxfFbGWS9qw,19,I like that Sinner doesn’t have to point to his ears to get support from the crowd. He knows it’s up to him to win with or without the crowd,165,2025-07-15T12:24:46Z,"{'neg': 0.0, 'neu': 0.75, 'pos': 0.25, 'compound': 0.8402}",0.0,0.75,0.25,0.8402,Positive
Wimbledon,2025-07-13,Grand Slam,Outdoor,Grass,The Final,5,Alcaraz C.,Sinner J.,Sinner J.,2,1,9300,10430,2.0,1.83,6-4 4-6 4-6 4-6,1.5,False,Sinner,Alcaraz C.,0,Alcaraz vs Sinner Wimbledon 2025 highlights,CxfFbGWS9qw,An EPIC rivalry for the ages | Carlos Alcaraz v Jannik Sinner | Extended Highlights | Wimbledon 2025,Wimbledon,2025-07-13T19:45:54Z,https://www.youtube.com/watch?v=CxfFbGWS9qw,20,sweet revenge,81,2025-07-13T19:50:33Z,"{'neg': 0.531, 'neu': 0.0, 'pos': 0.469, 'compound': -0.1027}",0.531,0.0,0.469,-0.1027,Negative
Wimbledon,2025-07-13,Grand Slam,Outdoor,Grass,The Final,5,Alcaraz C.,Sinner J.,Sinner J.,2,1,9300,10430,2.0,1.83,6-4 4-6 4-6 4-6,1.5,False,Sinner,Alcaraz C.,0,Alcaraz vs Sinner Wimbledon 2025 highlights,CxfFbGWS9qw,An EPIC rivalry for the ages | Carlos Alcaraz v Jannik Sinner | Extended Highlights | Wimbledon 2025,Wimbledon,2025-07-13T19:45:54Z,https://www.youtube.com/watch?v=CxfFbGWS9qw,21,The way both first and second set finished with insane shotmaking during the rallies was awesome,54,2025-07-15T02:18:23Z,"{'neg': 0.13, 'neu': 0.673, 'pos': 0.197, 'compound': 0.34}",0.13,0.673,0.197,0.34,Positive
Wimbledon,2025-07-13,Grand Slam,Outdoor,Grass,The Final,5,Alcaraz C.,Sinner J.,Sinner J.,2,1,9300,10430,2.0,1.83,6-4 4-6 4-6 4-6,1.5,False,Sinner,Alcaraz C.,0,Alcaraz vs Sinner Wimbledon 2025 highlights,CxfFbGWS9qw,An EPIC rivalry for the ages | Carlos Alcaraz v Jannik Sinner | Extended Highlights | Wimbledon 2025,Wimbledon,2025-07-13T19:45:54Z,https://www.youtube.com/watch?v=CxfFbGWS9qw,22,"Sinner dominated the baseline rallies with accurate strikes from both wings.
nobody should be trading strokes baseline-to-baseline with Sinner.",183,2025-07-13T20:02:08Z,"{'neg': 0.122, 'neu': 0.878, 'pos': 0.0, 'compound': -0.3612}",0.122,0.878,0.0,-0.3612,Negative
Wimbledon,2025-07-13,Grand Slam,Outdoor,Grass,The Final,5,Alcaraz C.,Sinner J.,Sinner J.,2,1,9300,10430,2.0,1.83,6-4 4-6 4-6 4-6,1.5,False,Sinner,Alcaraz C.,0,Alcaraz vs Sinner Wimbledon 2025 highlights,CxfFbGWS9qw,An EPIC rivalry for the ages | Carlos Alcaraz v Jannik Sinner | Extended Highlights | Wimbledon 2025,Wimbledon,2025-07-13T19:45:54Z,https://www.youtube.com/watch?v=CxfFbGWS9qw,23,I love how their set points are always just thriller points to watch; it’s like they are purposefully putting the most incredible performances for the most important points,24,2025-07-15T11:43:32Z,"{'neg': 0.0, 'neu': 0.702, 'pos': 0.298, 'compound': 0.8479}",0.0,0.702,0.298,0.8479,Positive
Wimbledon,2025-07-13,Grand Slam,Outdoor,Grass,The Final,5,Alcaraz C.,Sinner J.,Sinner J.,2,1,9300,10430,2.0,1.83,6-4 4-6 4-6 4-6,1.5,False,Sinner,Alcaraz C.,0,Alcaraz vs Sinner Wimbledon 2025 highlights,CxfFbGWS9qw,An EPIC rivalry for the ages | Carlos Alcaraz v Jannik Sinner | Extended Highlights | Wimbledon 2025,Wimbledon,2025-07-13T19:45:54Z,https://www.youtube.com/watch?v=CxfFbGWS9qw,24,What a joy watching Sinner play and win! Unbelievable person and player!,17,2025-07-18T22:06:38Z,"{'neg': 0.0, 'neu': 0.392, 'pos': 0.608, 'compound': 0.9078}",0.0,0.392,0.608,0.9078,Positive
Wimbledon,2025-07-13,Grand Slam,Outdoor,Grass,The Final,5,Alcaraz C.,Sinner J.,Sinner J.,2,1,9300,10430,2.0,1.83,6-4 4-6 4-6 4-6,1.5,False,Sinner,Alcaraz C.,0,Alcaraz vs Sinner Wimbledon 2025 highlights,CxfFbGWS9qw,An EPIC rivalry for the ages | Carlos Alcaraz v Jannik Sinner | Extended Highlights | Wimbledon 2025,Wimbledon,2025-07-13T19:45:54Z,https://www.youtube.com/watch?v=CxfFbGWS9qw,25,Nobody on planet Earth was beating Sinner today. The funny thing is Alcaraz would've likely won against anyone else with his otherwise excellent performance.,159,2025-07-14T00:46:29Z,"{'neg': 0.09, 'neu': 0.601, 'pos': 0.309, 'compound': 0.8074}",0.09,0.601,0.309,0.8074,Positive
French Open,2025-06-08,Grand Slam,Outdoor,Clay,The Final,5,Alcaraz C.,Sinner J.,Alcaraz C.,2,1,8850,10380,2.0,1.83,4-6 6-7 6-4 7-6 7-6,1.5,True,Sinner,Alcaraz C.,1,Alcaraz vs Sinner French Open 2025 highlights,aERKJuBtIGw,Highlights Sinner vs Alcaraz Final | Roland-Garros 2025,Roland-Garros,2025-06-08T21:27:52Z,https://www.youtube.com/watch?v=aERKJuBtIGw,1,This is exactly how a No.1 vs No.2 should be like.,14268,2025-06-08T22:16:13Z,"{'neg': 0.0, 'neu': 0.8, 'pos': 0.2, 'compound': 0.3612}",0.0,0.8,0.2,0.3612,Positive
French Open,2025-06-08,Grand Slam,Outdoor,Clay,The Final,5,Alcaraz C.,Sinner J.,Alcaraz C.,2,1,8850,10380,2.0,1.83,4-6 6-7 6-4 7-6 7-6,1.5,True,Sinner,Alcaraz C.,1,Alcaraz vs Sinner French Open 2025 highlights,aERKJuBtIGw,Highlights Sinner vs Alcaraz Final | Roland-Garros 2025,Roland-Garros,2025-06-08T21:27:52Z,https://www.youtube.com/watch?v=aERKJuBtIGw,2,This tennis match will go down in history as one of the greatest Slam finals of all time.,15784,2025-06-08T21:32:39Z,"{'neg': 0.114, 'neu': 0.702, 'pos': 0.184, 'compound': 0.3818}",0.114,0.702,0.184,0.3818,Positive
French Open,2025-06-08,Grand Slam,Outdoor,Clay,The Final,5,Alcaraz C.,Sinner J.,Alcaraz C.,2,1,8850,10380,2.0,1.83,4-6 6-7 6-4 7-6 7-6,1.5,True,Sinner,Alcaraz C.,1,Alcaraz vs Sinner French Open 2025 highlights,aERKJuBtIGw,Highlights Sinner vs Alcaraz Final | Roland-Garros 2025,Roland-Garros,2025-06-08T21:27:52Z,https://www.youtube.com/watch?v=aERKJuBtIGw,3,We are so lucky to have this rivalry for the next 10 years,6382,2025-06-08T21:28:57Z,"{'neg': 0.0, 'neu': 0.768, 'pos': 0.232, 'compound': 0.5598}",0.0,0.768,0.232,0.5598,Positive
French Open,2025-06-08,Grand Slam,Outdoor,Clay,The Final,5,Alcaraz C.,Sinner J.,Alcaraz C.,2,1,8850,10380,2.0,1.83,4-6 6-7 6-4 7-6 7-6,1.5,True,Sinner,Alcaraz C.,1,Alcaraz vs Sinner French Open 2025 highlights,aERKJuBtIGw,Highlights Sinner vs Alcaraz Final | Roland-Garros 2025,Roland-Garros,2025-06-08T21:27:52Z,https://www.youtube.com/watch?v=aERKJuBtIGw,4,Who’s here after Carlos won the Australian Open?!,384,2026-02-01T13:12:19Z,"{'neg': 0.0, 'neu': 0.637, 'pos': 0.363, 'compound': 0.6114}",0.0,0.637,0.363,0.6114,Positive
French Open,2025-06-08,Grand Slam,Outdoor,Clay,The Final,5,Alcaraz C.,Sinner J.,Alcaraz C.,2,1,8850,10380,2.0,1.83,4-6 6-7 6-4 7-6 7-6,1.5,True,Sinner,Alcaraz C.,1,Alcaraz vs Sinner French Open 2025 highlights,aERKJuBtIGw,Highlights Sinner vs Alcaraz Final | Roland-Garros 2025,Roland-Garros,2025-06-08T21:27:52Z,https://www.youtube.com/watch?v=aERKJuBtIGw,5,The 3 Championship points that Alcaraz saved in the 4th set were not shown??!  Are you kidding me?,7700,2025-06-08T23:41:16Z,"{'neg': 0.0, 'neu': 0.654, 'pos': 0.346, 'compound': 0.7865}",0.0,0.654,0.346,0.7865,Positive
French Open,2025-06-08,Grand Slam,Outdoor,Clay,The Final,5,Alcaraz C.,Sinner J.,Alcaraz C.,2,1,8850,10380,2.0,1.83,4-6 6-7 6-4 7-6 7-6,1.5,True,Sinner,Alcaraz C.,1,Alcaraz vs Sinner French Open 2025 highlights,aERKJuBtIGw,Highlights Sinner vs Alcaraz Final | Roland-Garros 2025,Roland-Garros,2025-06-08T21:27:52Z,https://www.youtube.com/watch?v=aERKJuBtIGw,6,"The speed, the pace, the power, the intensity, the shot precision, the court coverage, the stamina of both players, the drop shots......simply the highest-quality tennis match I have ever watched.",3182,2025-06-09T02:30:25Z,"{'neg': 0.065, 'neu': 0.867, 'pos': 0.068, 'compound': 0.0258}",0.065,0.867,0.068,0.0258,Neutral
French Open,2025-06-08,Grand Slam,Outdoor,Clay,The Final,5,Alcaraz C.,Sinner J.,Alcaraz C.,2,1,8850,10380,2.0,1.83,4-6 6-7 6-4 7-6 7-6,1.5,True,Sinner,Alcaraz C.,1,Alcaraz vs Sinner French Open 2025 highlights,aERKJuBtIGw,Highlights Sinner vs Alcaraz Final | Roland-Garros 2025,Roland-Garros,2025-06-08T21:27:52Z,https://www.youtube.com/watch?v=aERKJuBtIGw,7,Alcaraz really shocked me with his mental strength in this finals. He did something he had never done in his career. He came back from 2 sets down against an extremely quality opponent. This is the kind of matches you feel no one deserves to lose. Both of them played so well.  Carlos shot making in the super tie break was exquisite. I hope these 2 continue to stay healthy for a long time.,3394,2025-06-08T21:36:49Z,"{'neg': 0.083, 'neu': 0.72, 'pos': 0.198, 'compound': 0.8846}",0.083,0.72,0.198,0.8846,Positive
French Open,2025-06-08,Grand Slam,Outdoor,Clay,The Final,5,Alcaraz C.,Sinner J.,Alcaraz C.,2,1,8850,10380,2.0,1.83,4-6 6-7 6-4 7-6 7-6,1.5,True,Sinner,Alcaraz C.,1,Alcaraz vs Sinner French Open 2025 highlights,aERKJuBtIGw,Highlights Sinner vs Alcaraz Final | Roland-Garros 2025,Roland-Garros,2025-06-08T21:27:52Z,https://www.youtube.com/watch?v=aERKJuBtIGw,8,Match of the decade 🏆,1590,2025-06-10T07:57:13Z,"{'neg': 0.0, 'neu': 1.0, 'pos': 0.0, 'compound': 0.0}",0.0,1.0,0.0,0.0,Neutral
French Open,2025-06-08,Grand Slam,Outdoor,Clay,The Final,5,Alcaraz C.,Sinner J.,Alcaraz C.,2,1,8850,10380,2.0,1.83,4-6 6-7 6-4 7-6 7-6,1.5,True,Sinner,Alcaraz C.,1,Alcaraz vs Sinner French Open 2025 highlights,aERKJuBtIGw,Highlights Sinner vs Alcaraz Final | Roland-Garros 2025,Roland-Garros,2025-06-08T21:27:52Z,https://www.youtube.com/watch?v=aERKJuBtIGw,9,I have 46 years old. Been playing and watching tennis since 6. I have never ever seen such a high level tennis from both player on each point throughout the whole five sets. These two guys are going to elevate tennis to its limits.,2354,2025-06-09T15:16:28Z,"{'neg': 0.0, 'neu': 0.96, 'pos': 0.04, 'compound': 0.2023}",0.0,0.96,0.04,0.2023,Positive
French Open,2025-06-08,Grand Slam,Outdoor,Clay,The Final,5,Alcaraz C.,Sinner J.,Alcaraz C.,2,1,8850,10380,2.0,1.83,4-6 6-7 6-4 7-6 7-6,1.5,True,Sinner,Alcaraz C.,1,Alcaraz vs Sinner French Open 2025 highlights,aERKJuBtIGw,Highlights Sinner vs Alcaraz Final | Roland-Garros 2025,Roland-Garros,2025-06-08T21:27:52Z,https://www.youtube.com/watch?v=aERKJuBtIGw,10,"The match was a rollercoaster. From saving 3 match points down 3-5, 0-40, to failing to serve out the match at 5-4 in the fifth, to an unplayable super-tie to win Alcaraz the match. WOW",1970,2025-06-08T21:33:51Z,"{'neg': 0.076, 'neu': 0.733, 'pos': 0.191, 'compound': 0.7213}",0.076,0.733,0.191,0.7213,Positive
French Open,2025-06-08,Grand Slam,Outdoor,Clay,The Final,5,Alcaraz C.,Sinner J.,Alcaraz C.,2,1,8850,10380,2.0,1.83,4-6 6-7 6-4 7-6 7-6,1.5,True,Sinner,Alcaraz C.,1,Alcaraz vs Sinner French Open 2025 highlights,aERKJuBtIGw,Highlights Sinner vs Alcaraz Final | Roland-Garros 2025,Roland-Garros,2025-06-08T21:27:52Z,https://www.youtube.com/watch?v=aERKJuBtIGw,11,"That final point winner, out of this world",1013,2025-06-08T22:22:20Z,"{'neg': 0.0, 'neu': 0.648, 'pos': 0.352, 'compound': 0.5859}",0.0,0.648,0.352,0.5859,Positive
French Open,2025-06-08,Grand Slam,Outdoor,Clay,The Final,5,Alcaraz C.,Sinner J.,Alcaraz C.,2,1,8850,10380,2.0,1.83,4-6 6-7 6-4 7-6 7-6,1.5,True,Sinner,Alcaraz C.,1,Alcaraz vs Sinner French Open 2025 highlights,aERKJuBtIGw,Highlights Sinner vs Alcaraz Final | Roland-Garros 2025,Roland-Garros,2025-06-08T21:27:52Z,https://www.youtube.com/watch?v=aERKJuBtIGw,12,one of the greatest matches ever,641,2025-06-08T21:29:57Z,"{'neg': 0.0, 'neu': 0.543, 'pos': 0.457, 'compound': 0.6369}",0.0,0.543,0.457,0.6369,Positive
French Open,2025-06-08,Grand Slam,Outdoor,Clay,The Final,5,Alcaraz C.,Sinner J.,Alcaraz C.,2,1,8850,10380,2.0,1.83,4-6 6-7 6-4 7-6 7-6,1.5,True,Sinner,Alcaraz C.,1,Alcaraz vs Sinner French Open 2025 highlights,aERKJuBtIGw,Highlights Sinner vs Alcaraz Final | Roland-Garros 2025,Roland-Garros,2025-06-08T21:27:52Z,https://www.youtube.com/watch?v=aERKJuBtIGw,13,From 0-40 3 championship points down in 4th set to winning this final. Carlos's Mentality at age of 22 s just unbelievable. I look forward to more finals just like this between these two. Tennis is in great hands.,1398,2025-06-08T21:31:47Z,"{'neg': 0.0, 'neu': 0.694, 'pos': 0.306, 'compound': 0.9321}",0.0,0.694,0.306,0.9321,Positive
French Open,2025-06-08,Grand Slam,Outdoor,Clay,The Final,5,Alcaraz C.,Sinner J.,Alcaraz C.,2,1,8850,10380,2.0,1.83,4-6 6-7 6-4 7-6 7-6,1.5,True,Sinner,Alcaraz C.,1,Alcaraz vs Sinner French Open 2025 highlights,aERKJuBtIGw,Highlights Sinner vs Alcaraz Final | Roland-Garros 2025,Roland-Garros,2025-06-08T21:27:52Z,https://www.youtube.com/watch?v=aERKJuBtIGw,14,This definitely deserves 1 hour highlights in all of RG videos,395,2025-06-09T00:15:20Z,"{'neg': 0.0, 'neu': 0.787, 'pos': 0.213, 'compound': 0.4019}",0.0,0.787,0.213,0.4019,Positive
French Open,2025-06-08,Grand Slam,Outdoor,Clay,The Final,5,Alcaraz C.,Sinner J.,Alcaraz C.,2,1,8850,10380,2.0,1.83,4-6 6-7 6-4 7-6 7-6,1.5,True,Sinner,Alcaraz C.,1,Alcaraz vs Sinner French Open 2025 highlights,aERKJuBtIGw,Highlights Sinner vs Alcaraz Final | Roland-Garros 2025,Roland-Garros,2025-06-08T21:27:52Z,https://www.youtube.com/watch?v=aERKJuBtIGw,15,I cannot see better match than this ..absolutely out of this world,20,2025-11-19T17:16:00Z,"{'neg': 0.179, 'neu': 0.821, 'pos': 0.0, 'compound': -0.3412}",0.179,0.821,0.0,-0.3412,Negative
French Open,2025-06-08,Grand Slam,Outdoor,Clay,The Final,5,Alcaraz C.,Sinner J.,Alcaraz C.,2,1,8850,10380,2.0,1.83,4-6 6-7 6-4 7-6 7-6,1.5,True,Sinner,Alcaraz C.,1,Alcaraz vs Sinner French Open 2025 highlights,aERKJuBtIGw,Highlights Sinner vs Alcaraz Final | Roland-Garros 2025,Roland-Garros,2025-06-08T21:27:52Z,https://www.youtube.com/watch?v=aERKJuBtIGw,16,"That defensive slice at 30-30, serving 5/6 in the 5th, after Sinner’s massive return, was just out of this world. Carlos entered God-mode after that shot.",862,2025-06-09T00:48:16Z,"{'neg': 0.0, 'neu': 0.958, 'pos': 0.042, 'compound': 0.0258}",0.0,0.958,0.042,0.0258,Neutral
French Open,2025-06-08,Grand Slam,Outdoor,Clay,The Final,5,Alcaraz C.,Sinner J.,Alcaraz C.,2,1,8850,10380,2.0,1.83,4-6 6-7 6-4 7-6 7-6,1.5,True,Sinner,Alcaraz C.,1,Alcaraz vs Sinner French Open 2025 highlights,aERKJuBtIGw,Highlights Sinner vs Alcaraz Final | Roland-Garros 2025,Roland-Garros,2025-06-08T21:27:52Z,https://www.youtube.com/watch?v=aERKJuBtIGw,17,"Forget the highlights, I need a 3-hour documentary on that 5th set alone.

This is why we love tennis. Pure heart, pure drama, pure history.",394,2025-06-09T08:24:46Z,"{'neg': 0.117, 'neu': 0.631, 'pos': 0.252, 'compound': 0.7579}",0.117,0.631,0.252,0.7579,Positive
French Open,2025-06-08,Grand Slam,Outdoor,Clay,The Final,5,Alcaraz C.,Sinner J.,Alcaraz C.,2,1,8850,10380,2.0,1.83,4-6 6-7 6-4 7-6 7-6,1.5,True,Sinner,Alcaraz C.,1,Alcaraz vs Sinner French Open 2025 highlights,aERKJuBtIGw,Highlights Sinner vs Alcaraz Final | Roland-Garros 2025,Roland-Garros,2025-06-08T21:27:52Z,https://www.youtube.com/watch?v=aERKJuBtIGw,18,Best Roland Garros final ever for sure. Will be remembered for ever,471,2025-06-08T21:34:45Z,"{'neg': 0.0, 'neu': 0.606, 'pos': 0.394, 'compound': 0.7579}",0.0,0.606,0.394,0.7579,Positive
French Open,2025-06-08,Grand Slam,Outdoor,Clay,The Final,5,Alcaraz C.,Sinner J.,Alcaraz C.,2,1,8850,10380,2.0,1.83,4-6 6-7 6-4 7-6 7-6,1.5,True,Sinner,Alcaraz C.,1,Alcaraz vs Sinner French Open 2025 highlights,aERKJuBtIGw,Highlights Sinner vs Alcaraz Final | Roland-Garros 2025,Roland-Garros,2025-06-08T21:27:52Z,https://www.youtube.com/watch?v=aERKJuBtIGw,19,"As a Sinner fan, I can finally watch this without crying lmao. Love these two guys. I hope they stay healthy for the next 10/15 years and have a balanced rivalry where neither dominates the other. It's going to be fun for us",316,2025-07-14T08:31:53Z,"{'neg': 0.136, 'neu': 0.62, 'pos': 0.244, 'compound': 0.7263}",0.136,0.62,0.244,0.7263,Positive
French Open,2025-06-08,Grand Slam,Outdoor,Clay,The Final,5,Alcaraz C.,Sinner J.,Alcaraz C.,2,1,8850,10380,2.0,1.83,4-6 6-7 6-4 7-6 7-6,1.5,True,Sinner,Alcaraz C.,1,Alcaraz vs Sinner French Open 2025 highlights,aERKJuBtIGw,Highlights Sinner vs Alcaraz Final | Roland-Garros 2025,Roland-Garros,2025-06-08T21:27:52Z,https://www.youtube.com/watch?v=aERKJuBtIGw,20,"""Victory belongs to the most tenacious!""  What grit, passion, and self-belief to come back from 2 sets down, 4 match points in the 3rd, down a break at 5-4 in the 4th.  Absolute madman Alcaraz.",860,2025-06-08T22:06:00Z,"{'neg': 0.0, 'neu': 0.912, 'pos': 0.088, 'compound': 0.5093}",0.0,0.912,0.088,0.5093,Positive
French Open,2025-06-08,Grand Slam,Outdoor,Clay,The Final,5,Alcaraz C.,Sinner J.,Alcaraz C.,2,1,8850,10380,2.0,1.83,4-6 6-7 6-4 7-6 7-6,1.5,True,Sinner,Alcaraz C.,1,Alcaraz vs Sinner French Open 2025 highlights,aERKJuBtIGw,Highlights Sinner vs Alcaraz Final | Roland-Garros 2025,Roland-Garros,2025-06-08T21:27:52Z,https://www.youtube.com/watch?v=aERKJuBtIGw,21,This match totally deserves a 30min-long highlight. This will forever be one of the greatest GS Finals in tennis history.❤,122,2025-06-09T05:20:01Z,"{'neg': 0.0, 'neu': 0.638, 'pos': 0.362, 'compound': 0.8957}",0.0,0.638,0.362,0.8957,Positive
French Open,2025-06-08,Grand Slam,Outdoor,Clay,The Final,5,Alcaraz C.,Sinner J.,Alcaraz C.,2,1,8850,10380,2.0,1.83,4-6 6-7 6-4 7-6 7-6,1.5,True,Sinner,Alcaraz C.,1,Alcaraz vs Sinner French Open 2025 highlights,aERKJuBtIGw,Highlights Sinner vs Alcaraz Final | Roland-Garros 2025,Roland-Garros,2025-06-08T21:27:52Z,https://www.youtube.com/watch?v=aERKJuBtIGw,22,"11:16 The cool “you got this man, well done” smile Sinner did at net. First class. We are lucky to have both of these men right now.",376,2025-06-08T22:43:26Z,"{'neg': 0.0, 'neu': 0.703, 'pos': 0.297, 'compound': 0.8271}",0.0,0.703,0.297,0.8271,Positive
French Open,2025-06-08,Grand Slam,Outdoor,Clay,The Final,5,Alcaraz C.,Sinner J.,Alcaraz C.,2,1,8850,10380,2.0,1.83,4-6 6-7 6-4 7-6 7-6,1.5,True,Sinner,Alcaraz C.,1,Alcaraz vs Sinner French Open 2025 highlights,aERKJuBtIGw,Highlights Sinner vs Alcaraz Final | Roland-Garros 2025,Roland-Garros,2025-06-08T21:27:52Z,https://www.youtube.com/watch?v=aERKJuBtIGw,23,Who else is here before the Wimbledon final?,212,2025-07-11T21:21:54Z,"{'neg': 0.0, 'neu': 1.0, 'pos': 0.0, 'compound': 0.0}",0.0,1.0,0.0,0.0,Neutral
French Open,2025-06-08,Grand Slam,Outdoor,Clay,The Final,5,Alcaraz C.,Sinner J.,Alcaraz C.,2,1,8850,10380,2.0,1.83,4-6 6-7 6-4 7-6 7-6,1.5,True,Sinner,Alcaraz C.,1,Alcaraz vs Sinner French Open 2025 highlights,aERKJuBtIGw,Highlights Sinner vs Alcaraz Final | Roland-Garros 2025,Roland-Garros,2025-06-08T21:27:52Z,https://www.youtube.com/watch?v=aERKJuBtIGw,24,"What a match, they are simply a level above everyone else.",595,2025-06-08T21:30:34Z,"{'neg': 0.0, 'neu': 1.0, 'pos': 0.0, 'compound': 0.0}",0.0,1.0,0.0,0.0,Neutral
French Open,2025-06-08,Grand Slam,Outdoor,Clay,The Final,5,Alcaraz C.,Sinner J.,Alcaraz C.,2,1,8850,10380,2.0,1.83,4-6 6-7 6-4 7-6 7-6,1.5,True,Sinner,Alcaraz C.,1,Alcaraz vs Sinner French Open 2025 highlights,aERKJuBtIGw,Highlights Sinner vs Alcaraz Final | Roland-Garros 2025,Roland-Garros,2025-06-08T21:27:52Z,https://www.youtube.com/watch?v=aERKJuBtIGw,25,His fighting spirit is beyond this world.,97,2025-06-08T23:14:15Z,"{'neg': 0.272, 'neu': 0.543, 'pos': 0.185, 'compound': -0.2023}",0.272,0.543,0.185,-0.2023,Negative
Internazionali BNL d'Italia,2025-05-18,Masters 1000,Outdoor,Clay,The Final,3,Sinner J.,Alcaraz C.,Alcaraz C.,1,3,9730,7850,1.62,2.3,6-7 1-6,2.0,True,Sinner,Alcaraz C.,2,Sinner vs Alcaraz Internazionali BNL d'Italia 2025 highlights,ebUixP8eMEw,Jannik Sinner vs Carlos Alcaraz For The Title! 🏆 | Rome 2025 Final Highlights,Tennis TV,2025-05-18T17:49:35Z,https://www.youtube.com/watch?v=ebUixP8eMEw,1,If you LOVE tennis drama… check out this playlist! 🔥👇 https://www.youtube.com/playlist?list=PLQHHr8gPOsH4gcxVfeuk1C8E9PmzAkQbT,1,2026-04-13T14:45:58Z,"{'neg': 0.116, 'neu': 0.63, 'pos': 0.253, 'compound': 0.5893}",0.116,0.63,0.253,0.5893,Positive
Internazionali BNL d'Italia,2025-05-18,Masters 1000,Outdoor,Clay,The Final,3,Sinner J.,Alcaraz C.,Alcaraz C.,1,3,9730,7850,1.62,2.3,6-7 1-6,2.0,True,Sinner,Alcaraz C.,2,Sinner vs Alcaraz Internazionali BNL d'Italia 2025 highlights,ebUixP8eMEw,Jannik Sinner vs Carlos Alcaraz For The Title! 🏆 | Rome 2025 Final Highlights,Tennis TV,2025-05-18T17:49:35Z,https://www.youtube.com/watch?v=ebUixP8eMEw,2,This is what we call the tennis quantum paradox: Nobody can beat sinner except Alcaraz. Everybody on a good day can beat Alcaraz except sinner,6815,2025-05-18T17:50:00Z,"{'neg': 0.051, 'neu': 0.842, 'pos': 0.106, 'compound': 0.3612}",0.051,0.842,0.106,0.3612,Positive
Internazionali BNL d'Italia,2025-05-18,Masters 1000,Outdoor,Clay,The Final,3,Sinner J.,Alcaraz C.,Alcaraz C.,1,3,9730,7850,1.62,2.3,6-7 1-6,2.0,True,Sinner,Alcaraz C.,2,Sinner vs Alcaraz Internazionali BNL d'Italia 2025 highlights,ebUixP8eMEw,Jannik Sinner vs Carlos Alcaraz For The Title! 🏆 | Rome 2025 Final Highlights,Tennis TV,2025-05-18T17:49:35Z,https://www.youtube.com/watch?v=ebUixP8eMEw,3,"Very few can take on Sinner's rhythmic and consistent pummelling from the baseline, but Alcaraz's variation and agility is the perfect antidote.  A brilliant title win.",3563,2025-05-18T18:01:34Z,"{'neg': 0.0, 'neu': 0.598, 'pos': 0.402, 'compound': 0.9549}",0.0,0.598,0.402,0.9549,Positive
Internazionali BNL d'Italia,2025-05-18,Masters 1000,Outdoor,Clay,The Final,3,Sinner J.,Alcaraz C.,Alcaraz C.,1,3,9730,7850,1.62,2.3,6-7 1-6,2.0,True,Sinner,Alcaraz C.,2,Sinner vs Alcaraz Internazionali BNL d'Italia 2025 highlights,ebUixP8eMEw,Jannik Sinner vs Carlos Alcaraz For The Title! 🏆 | Rome 2025 Final Highlights,Tennis TV,2025-05-18T17:49:35Z,https://www.youtube.com/watch?v=ebUixP8eMEw,4,"Alcaraz is the truth, so much speed, power, accuracy and creativity",433,2025-05-18T22:49:48Z,"{'neg': 0.0, 'neu': 0.647, 'pos': 0.353, 'compound': 0.5994}",0.0,0.647,0.353,0.5994,Positive
Internazionali BNL d'Italia,2025-05-18,Masters 1000,Outdoor,Clay,The Final,3,Sinner J.,Alcaraz C.,Alcaraz C.,1,3,9730,7850,1.62,2.3,6-7 1-6,2.0,True,Sinner,Alcaraz C.,2,Sinner vs Alcaraz Internazionali BNL d'Italia 2025 highlights,ebUixP8eMEw,Jannik Sinner vs Carlos Alcaraz For The Title! 🏆 | Rome 2025 Final Highlights,Tennis TV,2025-05-18T17:49:35Z,https://www.youtube.com/watch?v=ebUixP8eMEw,5,"Alcaraz lives for these big matches, big moments, moments when the stakes are high. Congratulations, Carlitos! I have started watching tennis again because of you!!",2442,2025-05-18T18:13:03Z,"{'neg': 0.0, 'neu': 0.834, 'pos': 0.166, 'compound': 0.6981}",0.0,0.834,0.166,0.6981,Positive
Internazionali BNL d'Italia,2025-05-18,Masters 1000,Outdoor,Clay,The Final,3,Sinner J.,Alcaraz C.,Alcaraz C.,1,3,9730,7850,1.62,2.3,6-7 1-6,2.0,True,Sinner,Alcaraz C.,2,Sinner vs Alcaraz Internazionali BNL d'Italia 2025 highlights,ebUixP8eMEw,Jannik Sinner vs Carlos Alcaraz For The Title! 🏆 | Rome 2025 Final Highlights,Tennis TV,2025-05-18T17:49:35Z,https://www.youtube.com/watch?v=ebUixP8eMEw,6,It's by far the best game Alcaraz showed in the final against Sinner. Carlos proved himself to be the champion!,1576,2025-05-18T17:58:16Z,"{'neg': 0.0, 'neu': 0.682, 'pos': 0.318, 'compound': 0.8553}",0.0,0.682,0.318,0.8553,Positive
Internazionali BNL d'Italia,2025-05-18,Masters 1000,Outdoor,Clay,The Final,3,Sinner J.,Alcaraz C.,Alcaraz C.,1,3,9730,7850,1.62,2.3,6-7 1-6,2.0,True,Sinner,Alcaraz C.,2,Sinner vs Alcaraz Internazionali BNL d'Italia 2025 highlights,ebUixP8eMEw,Jannik Sinner vs Carlos Alcaraz For The Title! 🏆 | Rome 2025 Final Highlights,Tennis TV,2025-05-18T17:49:35Z,https://www.youtube.com/watch?v=ebUixP8eMEw,7,"Alcaraz to Sinner at the end: ""Happy to have you back..."" That's called true sportmanship.",424,2025-05-18T21:54:38Z,"{'neg': 0.0, 'neu': 0.667, 'pos': 0.333, 'compound': 0.7579}",0.0,0.667,0.333,0.7579,Positive
Internazionali BNL d'Italia,2025-05-18,Masters 1000,Outdoor,Clay,The Final,3,Sinner J.,Alcaraz C.,Alcaraz C.,1,3,9730,7850,1.62,2.3,6-7 1-6,2.0,True,Sinner,Alcaraz C.,2,Sinner vs Alcaraz Internazionali BNL d'Italia 2025 highlights,ebUixP8eMEw,Jannik Sinner vs Carlos Alcaraz For The Title! 🏆 | Rome 2025 Final Highlights,Tennis TV,2025-05-18T17:49:35Z,https://www.youtube.com/watch?v=ebUixP8eMEw,8,"Alcaraz has already won all 4 major clay titles (Roland Garros, Monte Carlo, Madrid and Rome) at age 22 😳",854,2025-05-18T17:56:40Z,"{'neg': 0.0, 'neu': 0.844, 'pos': 0.156, 'compound': 0.5719}",0.0,0.844,0.156,0.5719,Positive
Internazionali BNL d'Italia,2025-05-18,Masters 1000,Outdoor,Clay,The Final,3,Sinner J.,Alcaraz C.,Alcaraz C.,1,3,9730,7850,1.62,2.3,6-7 1-6,2.0,True,Sinner,Alcaraz C.,2,Sinner vs Alcaraz Internazionali BNL d'Italia 2025 highlights,ebUixP8eMEw,Jannik Sinner vs Carlos Alcaraz For The Title! 🏆 | Rome 2025 Final Highlights,Tennis TV,2025-05-18T17:49:35Z,https://www.youtube.com/watch?v=ebUixP8eMEw,9,Alcaraz had to play against Sinner and the public. He is unbelievable. When he plays his best like today no one can stop him. Congratulations are in order.,925,2025-05-18T17:50:58Z,"{'neg': 0.107, 'neu': 0.485, 'pos': 0.408, 'compound': 0.9081}",0.107,0.485,0.408,0.9081,Positive
Internazionali BNL d'Italia,2025-05-18,Masters 1000,Outdoor,Clay,The Final,3,Sinner J.,Alcaraz C.,Alcaraz C.,1,3,9730,7850,1.62,2.3,6-7 1-6,2.0,True,Sinner,Alcaraz C.,2,Sinner vs Alcaraz Internazionali BNL d'Italia 2025 highlights,ebUixP8eMEw,Jannik Sinner vs Carlos Alcaraz For The Title! 🏆 | Rome 2025 Final Highlights,Tennis TV,2025-05-18T17:49:35Z,https://www.youtube.com/watch?v=ebUixP8eMEw,10,He came to save this sport from boredom. He is absolutely out of this world. He does what he wants......,136,2025-05-19T13:24:07Z,"{'neg': 0.098, 'neu': 0.766, 'pos': 0.136, 'compound': 0.2263}",0.098,0.766,0.136,0.2263,Positive
Internazionali BNL d'Italia,2025-05-18,Masters 1000,Outdoor,Clay,The Final,3,Sinner J.,Alcaraz C.,Alcaraz C.,1,3,9730,7850,1.62,2.3,6-7 1-6,2.0,True,Sinner,Alcaraz C.,2,Sinner vs Alcaraz Internazionali BNL d'Italia 2025 highlights,ebUixP8eMEw,Jannik Sinner vs Carlos Alcaraz For The Title! 🏆 | Rome 2025 Final Highlights,Tennis TV,2025-05-18T17:49:35Z,https://www.youtube.com/watch?v=ebUixP8eMEw,11,Alcaraz drop shots gone insane. 🔥,504,2025-05-18T18:10:59Z,"{'neg': 0.706, 'neu': 0.294, 'pos': 0.0, 'compound': -0.7351}",0.706,0.294,0.0,-0.7351,Negative
Internazionali BNL d'Italia,2025-05-18,Masters 1000,Outdoor,Clay,The Final,3,Sinner J.,Alcaraz C.,Alcaraz C.,1,3,9730,7850,1.62,2.3,6-7 1-6,2.0,True,Sinner,Alcaraz C.,2,Sinner vs Alcaraz Internazionali BNL d'Italia 2025 highlights,ebUixP8eMEw,Jannik Sinner vs Carlos Alcaraz For The Title! 🏆 | Rome 2025 Final Highlights,Tennis TV,2025-05-18T17:49:35Z,https://www.youtube.com/watch?v=ebUixP8eMEw,12,I remember Sinner fans saying Alcaraz had no chance after Sinner destroyed Ruud. Turns out Alcaraz did have a chance. He had more than a chance.,1070,2025-05-18T18:00:16Z,"{'neg': 0.158, 'neu': 0.705, 'pos': 0.137, 'compound': -0.172}",0.158,0.705,0.137,-0.172,Negative
Internazionali BNL d'Italia,2025-05-18,Masters 1000,Outdoor,Clay,The Final,3,Sinner J.,Alcaraz C.,Alcaraz C.,1,3,9730,7850,1.62,2.3,6-7 1-6,2.0,True,Sinner,Alcaraz C.,2,Sinner vs Alcaraz Internazionali BNL d'Italia 2025 highlights,ebUixP8eMEw,Jannik Sinner vs Carlos Alcaraz For The Title! 🏆 | Rome 2025 Final Highlights,Tennis TV,2025-05-18T17:49:35Z,https://www.youtube.com/watch?v=ebUixP8eMEw,13,Beating two Italians b2b to win the title in their home town is something speacial. Congrats!,8,2025-05-18T22:31:49Z,"{'neg': 0.128, 'neu': 0.553, 'pos': 0.319, 'compound': 0.6696}",0.128,0.553,0.319,0.6696,Positive
Internazionali BNL d'Italia,2025-05-18,Masters 1000,Outdoor,Clay,The Final,3,Sinner J.,Alcaraz C.,Alcaraz C.,1,3,9730,7850,1.62,2.3,6-7 1-6,2.0,True,Sinner,Alcaraz C.,2,Sinner vs Alcaraz Internazionali BNL d'Italia 2025 highlights,ebUixP8eMEw,Jannik Sinner vs Carlos Alcaraz For The Title! 🏆 | Rome 2025 Final Highlights,Tennis TV,2025-05-18T17:49:35Z,https://www.youtube.com/watch?v=ebUixP8eMEw,14,"Alcaraz played an uncharacteristically measured, mature, and deliberate style today. He made a point of hitting slower but deep shots with a ton of spin that Sinner couldn’t just rip back",892,2025-05-18T17:59:10Z,"{'neg': 0.0, 'neu': 0.89, 'pos': 0.11, 'compound': 0.3818}",0.0,0.89,0.11,0.3818,Positive
Internazionali BNL d'Italia,2025-05-18,Masters 1000,Outdoor,Clay,The Final,3,Sinner J.,Alcaraz C.,Alcaraz C.,1,3,9730,7850,1.62,2.3,6-7 1-6,2.0,True,Sinner,Alcaraz C.,2,Sinner vs Alcaraz Internazionali BNL d'Italia 2025 highlights,ebUixP8eMEw,Jannik Sinner vs Carlos Alcaraz For The Title! 🏆 | Rome 2025 Final Highlights,Tennis TV,2025-05-18T17:49:35Z,https://www.youtube.com/watch?v=ebUixP8eMEw,15,Carlos with the pure dominance 🔥 he proved everyone wrong,540,2025-05-18T17:56:58Z,"{'neg': 0.385, 'neu': 0.49, 'pos': 0.126, 'compound': -0.5719}",0.385,0.49,0.126,-0.5719,Negative
Internazionali BNL d'Italia,2025-05-18,Masters 1000,Outdoor,Clay,The Final,3,Sinner J.,Alcaraz C.,Alcaraz C.,1,3,9730,7850,1.62,2.3,6-7 1-6,2.0,True,Sinner,Alcaraz C.,2,Sinner vs Alcaraz Internazionali BNL d'Italia 2025 highlights,ebUixP8eMEw,Jannik Sinner vs Carlos Alcaraz For The Title! 🏆 | Rome 2025 Final Highlights,Tennis TV,2025-05-18T17:49:35Z,https://www.youtube.com/watch?v=ebUixP8eMEw,16,Alcaraz has the best drop shot out of nowhere 😇,6,2025-05-31T05:53:45Z,"{'neg': 0.244, 'neu': 0.532, 'pos': 0.224, 'compound': 0.1581}",0.244,0.532,0.224,0.1581,Positive
Internazionali BNL d'Italia,2025-05-18,Masters 1000,Outdoor,Clay,The Final,3,Sinner J.,Alcaraz C.,Alcaraz C.,1,3,9730,7850,1.62,2.3,6-7 1-6,2.0,True,Sinner,Alcaraz C.,2,Sinner vs Alcaraz Internazionali BNL d'Italia 2025 highlights,ebUixP8eMEw,Jannik Sinner vs Carlos Alcaraz For The Title! 🏆 | Rome 2025 Final Highlights,Tennis TV,2025-05-18T17:49:35Z,https://www.youtube.com/watch?v=ebUixP8eMEw,17,the real Alcaraz is back.,163,2025-05-18T18:03:21Z,"{'neg': 0.0, 'neu': 1.0, 'pos': 0.0, 'compound': 0.0}",0.0,1.0,0.0,0.0,Neutral
Internazionali BNL d'Italia,2025-05-18,Masters 1000,Outdoor,Clay,The Final,3,Sinner J.,Alcaraz C.,Alcaraz C.,1,3,9730,7850,1.62,2.3,6-7 1-6,2.0,True,Sinner,Alcaraz C.,2,Sinner vs Alcaraz Internazionali BNL d'Italia 2025 highlights,ebUixP8eMEw,Jannik Sinner vs Carlos Alcaraz For The Title! 🏆 | Rome 2025 Final Highlights,Tennis TV,2025-05-18T17:49:35Z,https://www.youtube.com/watch?v=ebUixP8eMEw,18,"What a final. No more than 4/5 shots per game. This was a high-caliber final, and Alcaraz delivered.",358,2025-05-18T18:05:50Z,"{'neg': 0.115, 'neu': 0.885, 'pos': 0.0, 'compound': -0.296}",0.115,0.885,0.0,-0.296,Negative
Internazionali BNL d'Italia,2025-05-18,Masters 1000,Outdoor,Clay,The Final,3,Sinner J.,Alcaraz C.,Alcaraz C.,1,3,9730,7850,1.62,2.3,6-7 1-6,2.0,True,Sinner,Alcaraz C.,2,Sinner vs Alcaraz Internazionali BNL d'Italia 2025 highlights,ebUixP8eMEw,Jannik Sinner vs Carlos Alcaraz For The Title! 🏆 | Rome 2025 Final Highlights,Tennis TV,2025-05-18T17:49:35Z,https://www.youtube.com/watch?v=ebUixP8eMEw,19,Alcaraz bought me back to Tennis ❤,6,2025-05-19T14:52:21Z,"{'neg': 0.0, 'neu': 0.625, 'pos': 0.375, 'compound': 0.6369}",0.0,0.625,0.375,0.6369,Positive
Internazionali BNL d'Italia,2025-05-18,Masters 1000,Outdoor,Clay,The Final,3,Sinner J.,Alcaraz C.,Alcaraz C.,1,3,9730,7850,1.62,2.3,6-7 1-6,2.0,True,Sinner,Alcaraz C.,2,Sinner vs Alcaraz Internazionali BNL d'Italia 2025 highlights,ebUixP8eMEw,Jannik Sinner vs Carlos Alcaraz For The Title! 🏆 | Rome 2025 Final Highlights,Tennis TV,2025-05-18T17:49:35Z,https://www.youtube.com/watch?v=ebUixP8eMEw,20,I know Sinner has regular nightmares about Alcaraz 😂,88,2025-05-18T17:59:14Z,"{'neg': 0.114, 'neu': 0.659, 'pos': 0.228, 'compound': 0.4404}",0.114,0.659,0.228,0.4404,Positive
Internazionali BNL d'Italia,2025-05-18,Masters 1000,Outdoor,Clay,The Final,3,Sinner J.,Alcaraz C.,Alcaraz C.,1,3,9730,7850,1.62,2.3,6-7 1-6,2.0,True,Sinner,Alcaraz C.,2,Sinner vs Alcaraz Internazionali BNL d'Italia 2025 highlights,ebUixP8eMEw,Jannik Sinner vs Carlos Alcaraz For The Title! 🏆 | Rome 2025 Final Highlights,Tennis TV,2025-05-18T17:49:35Z,https://www.youtube.com/watch?v=ebUixP8eMEw,21,"You can argue about many things, but there can be no argument about who has the best defense in tennis. Bravo, Carlos!",297,2025-05-18T18:08:46Z,"{'neg': 0.056, 'neu': 0.596, 'pos': 0.348, 'compound': 0.8692}",0.056,0.596,0.348,0.8692,Positive
Internazionali BNL d'Italia,2025-05-18,Masters 1000,Outdoor,Clay,The Final,3,Sinner J.,Alcaraz C.,Alcaraz C.,1,3,9730,7850,1.62,2.3,6-7 1-6,2.0,True,Sinner,Alcaraz C.,2,Sinner vs Alcaraz Internazionali BNL d'Italia 2025 highlights,ebUixP8eMEw,Jannik Sinner vs Carlos Alcaraz For The Title! 🏆 | Rome 2025 Final Highlights,Tennis TV,2025-05-18T17:49:35Z,https://www.youtube.com/watch?v=ebUixP8eMEw,22,"So fun to watch Carlos flying around the court with variations of shots, mind blowing!!! Congratulations and Vamos!!!",58,2025-05-19T21:14:21Z,"{'neg': 0.0, 'neu': 0.649, 'pos': 0.351, 'compound': 0.8645}",0.0,0.649,0.351,0.8645,Positive
Internazionali BNL d'Italia,2025-05-18,Masters 1000,Outdoor,Clay,The Final,3,Sinner J.,Alcaraz C.,Alcaraz C.,1,3,9730,7850,1.62,2.3,6-7 1-6,2.0,True,Sinner,Alcaraz C.,2,Sinner vs Alcaraz Internazionali BNL d'Italia 2025 highlights,ebUixP8eMEw,Jannik Sinner vs Carlos Alcaraz For The Title! 🏆 | Rome 2025 Final Highlights,Tennis TV,2025-05-18T17:49:35Z,https://www.youtube.com/watch?v=ebUixP8eMEw,23,Last time Sinner Lost the match in straight sets was in ATP Finals 2023 against GOAT. That tells you how good was Alcaraz today! Sinner brings best in Alcaraz! Incredible match!,347,2025-05-18T18:44:04Z,"{'neg': 0.059, 'neu': 0.689, 'pos': 0.252, 'compound': 0.8213}",0.059,0.689,0.252,0.8213,Positive
Internazionali BNL d'Italia,2025-05-18,Masters 1000,Outdoor,Clay,The Final,3,Sinner J.,Alcaraz C.,Alcaraz C.,1,3,9730,7850,1.62,2.3,6-7 1-6,2.0,True,Sinner,Alcaraz C.,2,Sinner vs Alcaraz Internazionali BNL d'Italia 2025 highlights,ebUixP8eMEw,Jannik Sinner vs Carlos Alcaraz For The Title! 🏆 | Rome 2025 Final Highlights,Tennis TV,2025-05-18T17:49:35Z,https://www.youtube.com/watch?v=ebUixP8eMEw,24,Carlos is just unplayable when he is at his best. Absolutely insane performance!,236,2025-05-18T17:53:04Z,"{'neg': 0.162, 'neu': 0.595, 'pos': 0.243, 'compound': 0.3609}",0.162,0.595,0.243,0.3609,Positive
Internazionali BNL d'Italia,2025-05-18,Masters 1000,Outdoor,Clay,The Final,3,Sinner J.,Alcaraz C.,Alcaraz C.,1,3,9730,7850,1.62,2.3,6-7 1-6,2.0,True,Sinner,Alcaraz C.,2,Sinner vs Alcaraz Internazionali BNL d'Italia 2025 highlights,ebUixP8eMEw,Jannik Sinner vs Carlos Alcaraz For The Title! 🏆 | Rome 2025 Final Highlights,Tennis TV,2025-05-18T17:49:35Z,https://www.youtube.com/watch?v=ebUixP8eMEw,25,"Such great long rallies, with Alcaraz flying around the court like an avenging angel. Cheers.",17,2025-05-19T17:37:41Z,"{'neg': 0.0, 'neu': 0.553, 'pos': 0.447, 'compound': 0.8658}",0.0,0.553,0.447,0.8658,Positive
Australian Open,2025-01-26,Grand Slam,Outdoor,Hard,The Final,5,Sinner J.,Zverev A.,Sinner J.,1,2,11830,7635,1.33,3.4,6-3 7-6 6-3,1.5,False,Sinner,Zverev A.,3,Sinner vs Zverev Australian Open 2025 highlights,F5B1QpU0Evo,Jannik Sinner v Alexander Zverev Extended Highlights | Australian Open 2025 Final,Australian Open,2025-01-26T12:30:12Z,https://www.youtube.com/watch?v=F5B1QpU0Evo,1,"There should be a rule for editing highlights: always show the breakpoints, in games or tiebreaks. I don't care if it's a double fault or a lousy unforced error. I want to see the faces and hear the crowd. It's part of the narrative. Editors should understand that a highlights video is not about the best points but rather about telling the story of the game",4064,2025-01-26T14:14:28Z,"{'neg': 0.14, 'neu': 0.844, 'pos': 0.016, 'compound': -0.7781}",0.14,0.844,0.016,-0.7781,Negative
Australian Open,2025-01-26,Grand Slam,Outdoor,Hard,The Final,5,Sinner J.,Zverev A.,Sinner J.,1,2,11830,7635,1.33,3.4,6-3 7-6 6-3,1.5,False,Sinner,Zverev A.,3,Sinner vs Zverev Australian Open 2025 highlights,F5B1QpU0Evo,Jannik Sinner v Alexander Zverev Extended Highlights | Australian Open 2025 Final,Australian Open,2025-01-26T12:30:12Z,https://www.youtube.com/watch?v=F5B1QpU0Evo,2,"Unless he gets injured, there's just no way Sinner doesn't win at least 10 Grand Slams; he's just too aggressive and consistent from the baseline.",2394,2025-01-26T12:37:09Z,"{'neg': 0.294, 'neu': 0.614, 'pos': 0.092, 'compound': -0.678}",0.294,0.614,0.092,-0.678,Negative
Australian Open,2025-01-26,Grand Slam,Outdoor,Hard,The Final,5,Sinner J.,Zverev A.,Sinner J.,1,2,11830,7635,1.33,3.4,6-3 7-6 6-3,1.5,False,Sinner,Zverev A.,3,Sinner vs Zverev Australian Open 2025 highlights,F5B1QpU0Evo,Jannik Sinner v Alexander Zverev Extended Highlights | Australian Open 2025 Final,Australian Open,2025-01-26T12:30:12Z,https://www.youtube.com/watch?v=F5B1QpU0Evo,3,I’m convinced that Sinner is some type of tennis robot prototype at this point,767,2025-01-26T13:57:07Z,"{'neg': 0.0, 'neu': 0.828, 'pos': 0.172, 'compound': 0.4019}",0.0,0.828,0.172,0.4019,Positive
Australian Open,2025-01-26,Grand Slam,Outdoor,Hard,The Final,5,Sinner J.,Zverev A.,Sinner J.,1,2,11830,7635,1.33,3.4,6-3 7-6 6-3,1.5,False,Sinner,Zverev A.,3,Sinner vs Zverev Australian Open 2025 highlights,F5B1QpU0Evo,Jannik Sinner v Alexander Zverev Extended Highlights | Australian Open 2025 Final,Australian Open,2025-01-26T12:30:12Z,https://www.youtube.com/watch?v=F5B1QpU0Evo,4,"Sinner is the definition of quiet strength and focus. He’s like learned how to take the energy it takes to grunt, yell, or celebrate and convert that into his game instead. A true stoic.",565,2025-01-26T14:10:55Z,"{'neg': 0.0, 'neu': 0.67, 'pos': 0.33, 'compound': 0.9231}",0.0,0.67,0.33,0.9231,Positive
Australian Open,2025-01-26,Grand Slam,Outdoor,Hard,The Final,5,Sinner J.,Zverev A.,Sinner J.,1,2,11830,7635,1.33,3.4,6-3 7-6 6-3,1.5,False,Sinner,Zverev A.,3,Sinner vs Zverev Australian Open 2025 highlights,F5B1QpU0Evo,Jannik Sinner v Alexander Zverev Extended Highlights | Australian Open 2025 Final,Australian Open,2025-01-26T12:30:12Z,https://www.youtube.com/watch?v=F5B1QpU0Evo,5,This AO was arguably Zverev's best run of performance and still sinner didn't seem to break serious sweat in this match. He is going to be a legend of the game.,1290,2025-01-26T14:01:10Z,"{'neg': 0.093, 'neu': 0.789, 'pos': 0.118, 'compound': 0.4404}",0.093,0.789,0.118,0.4404,Positive
Australian Open,2025-01-26,Grand Slam,Outdoor,Hard,The Final,5,Sinner J.,Zverev A.,Sinner J.,1,2,11830,7635,1.33,3.4,6-3 7-6 6-3,1.5,False,Sinner,Zverev A.,3,Sinner vs Zverev Australian Open 2025 highlights,F5B1QpU0Evo,Jannik Sinner v Alexander Zverev Extended Highlights | Australian Open 2025 Final,Australian Open,2025-01-26T12:30:12Z,https://www.youtube.com/watch?v=F5B1QpU0Evo,6,I don’t get how the difference can be so enormous between the first and the second tennis player in the world. That’s amazing.,752,2025-01-26T14:42:52Z,"{'neg': 0.0, 'neu': 0.853, 'pos': 0.147, 'compound': 0.5859}",0.0,0.853,0.147,0.5859,Positive
Australian Open,2025-01-26,Grand Slam,Outdoor,Hard,The Final,5,Sinner J.,Zverev A.,Sinner J.,1,2,11830,7635,1.33,3.4,6-3 7-6 6-3,1.5,False,Sinner,Zverev A.,3,Sinner vs Zverev Australian Open 2025 highlights,F5B1QpU0Evo,Jannik Sinner v Alexander Zverev Extended Highlights | Australian Open 2025 Final,Australian Open,2025-01-26T12:30:12Z,https://www.youtube.com/watch?v=F5B1QpU0Evo,7,"No drama, or extravagant celebration, pure focused tennis only. This guy is as a picture of consistent ball strike atm.",630,2025-01-26T15:44:14Z,"{'neg': 0.159, 'neu': 0.73, 'pos': 0.112, 'compound': -0.0258}",0.159,0.73,0.112,-0.0258,Neutral
Australian Open,2025-01-26,Grand Slam,Outdoor,Hard,The Final,5,Sinner J.,Zverev A.,Sinner J.,1,2,11830,7635,1.33,3.4,6-3 7-6 6-3,1.5,False,Sinner,Zverev A.,3,Sinner vs Zverev Australian Open 2025 highlights,F5B1QpU0Evo,Jannik Sinner v Alexander Zverev Extended Highlights | Australian Open 2025 Final,Australian Open,2025-01-26T12:30:12Z,https://www.youtube.com/watch?v=F5B1QpU0Evo,8,"scary thing is, apart from the powerful groundstrokes, Sinner is also getting more comfortable hitting drop shots",598,2025-01-26T13:49:55Z,"{'neg': 0.223, 'neu': 0.521, 'pos': 0.256, 'compound': 0.2094}",0.223,0.521,0.256,0.2094,Positive
Australian Open,2025-01-26,Grand Slam,Outdoor,Hard,The Final,5,Sinner J.,Zverev A.,Sinner J.,1,2,11830,7635,1.33,3.4,6-3 7-6 6-3,1.5,False,Sinner,Zverev A.,3,Sinner vs Zverev Australian Open 2025 highlights,F5B1QpU0Evo,Jannik Sinner v Alexander Zverev Extended Highlights | Australian Open 2025 Final,Australian Open,2025-01-26T12:30:12Z,https://www.youtube.com/watch?v=F5B1QpU0Evo,9,I love how Sinner never lifts his ear to the crowd as if he deserves applause or energy from the crowd he just keeps playing in the zone and makes his game the beckoning call,420,2025-01-26T15:00:59Z,"{'neg': 0.0, 'neu': 0.74, 'pos': 0.26, 'compound': 0.872}",0.0,0.74,0.26,0.872,Positive
Australian Open,2025-01-26,Grand Slam,Outdoor,Hard,The Final,5,Sinner J.,Zverev A.,Sinner J.,1,2,11830,7635,1.33,3.4,6-3 7-6 6-3,1.5,False,Sinner,Zverev A.,3,Sinner vs Zverev Australian Open 2025 highlights,F5B1QpU0Evo,Jannik Sinner v Alexander Zverev Extended Highlights | Australian Open 2025 Final,Australian Open,2025-01-26T12:30:12Z,https://www.youtube.com/watch?v=F5B1QpU0Evo,10,Sinner is too powerful and accurate. What a performance.,180,2025-01-26T14:23:35Z,"{'neg': 0.0, 'neu': 0.741, 'pos': 0.259, 'compound': 0.4215}",0.0,0.741,0.259,0.4215,Positive
Australian Open,2025-01-26,Grand Slam,Outdoor,Hard,The Final,5,Sinner J.,Zverev A.,Sinner J.,1,2,11830,7635,1.33,3.4,6-3 7-6 6-3,1.5,False,Sinner,Zverev A.,3,Sinner vs Zverev Australian Open 2025 highlights,F5B1QpU0Evo,Jannik Sinner v Alexander Zverev Extended Highlights | Australian Open 2025 Final,Australian Open,2025-01-26T12:30:12Z,https://www.youtube.com/watch?v=F5B1QpU0Evo,11,Sinner's anticipation of the next shot and get into position are just amazing.,348,2025-01-26T13:00:24Z,"{'neg': 0.0, 'neu': 0.679, 'pos': 0.321, 'compound': 0.6369}",0.0,0.679,0.321,0.6369,Positive
Australian Open,2025-01-26,Grand Slam,Outdoor,Hard,The Final,5,Sinner J.,Zverev A.,Sinner J.,1,2,11830,7635,1.33,3.4,6-3 7-6 6-3,1.5,False,Sinner,Zverev A.,3,Sinner vs Zverev Australian Open 2025 highlights,F5B1QpU0Evo,Jannik Sinner v Alexander Zverev Extended Highlights | Australian Open 2025 Final,Australian Open,2025-01-26T12:30:12Z,https://www.youtube.com/watch?v=F5B1QpU0Evo,12,"Sinner's shots are always more powerful, faster and accurate than that of majority of his opponents. It's rare to see Sinner's shots wobbling. Such a clean striker of the ball",494,2025-01-26T13:04:21Z,"{'neg': 0.0, 'neu': 0.829, 'pos': 0.171, 'compound': 0.6997}",0.0,0.829,0.171,0.6997,Positive
Australian Open,2025-01-26,Grand Slam,Outdoor,Hard,The Final,5,Sinner J.,Zverev A.,Sinner J.,1,2,11830,7635,1.33,3.4,6-3 7-6 6-3,1.5,False,Sinner,Zverev A.,3,Sinner vs Zverev Australian Open 2025 highlights,F5B1QpU0Evo,Jannik Sinner v Alexander Zverev Extended Highlights | Australian Open 2025 Final,Australian Open,2025-01-26T12:30:12Z,https://www.youtube.com/watch?v=F5B1QpU0Evo,13,"It’s scary that Zverev didn’t even play badly, but Sinner smoked him in straights anyway. 

Facing 0 break points is actually insane",27,2025-01-26T16:01:26Z,"{'neg': 0.281, 'neu': 0.657, 'pos': 0.062, 'compound': -0.7184}",0.281,0.657,0.062,-0.7184,Negative
Australian Open,2025-01-26,Grand Slam,Outdoor,Hard,The Final,5,Sinner J.,Zverev A.,Sinner J.,1,2,11830,7635,1.33,3.4,6-3 7-6 6-3,1.5,False,Sinner,Zverev A.,3,Sinner vs Zverev Australian Open 2025 highlights,F5B1QpU0Evo,Jannik Sinner v Alexander Zverev Extended Highlights | Australian Open 2025 Final,Australian Open,2025-01-26T12:30:12Z,https://www.youtube.com/watch?v=F5B1QpU0Evo,14,Sinner just doesn't have any flaws in his game. Every stroke is just textbook perfect tennis.,245,2025-01-26T14:41:05Z,"{'neg': 0.0, 'neu': 0.802, 'pos': 0.198, 'compound': 0.5719}",0.0,0.802,0.198,0.5719,Positive
Australian Open,2025-01-26,Grand Slam,Outdoor,Hard,The Final,5,Sinner J.,Zverev A.,Sinner J.,1,2,11830,7635,1.33,3.4,6-3 7-6 6-3,1.5,False,Sinner,Zverev A.,3,Sinner vs Zverev Australian Open 2025 highlights,F5B1QpU0Evo,Jannik Sinner v Alexander Zverev Extended Highlights | Australian Open 2025 Final,Australian Open,2025-01-26T12:30:12Z,https://www.youtube.com/watch?v=F5B1QpU0Evo,15,"Sober and Humble even after winning grand slam final.
Well Done Jannik Sinner 🌹",121,2025-01-26T18:20:56Z,"{'neg': 0.123, 'neu': 0.474, 'pos': 0.403, 'compound': 0.7096}",0.123,0.474,0.403,0.7096,Positive
Australian Open,2025-01-26,Grand Slam,Outdoor,Hard,The Final,5,Sinner J.,Zverev A.,Sinner J.,1,2,11830,7635,1.33,3.4,6-3 7-6 6-3,1.5,False,Sinner,Zverev A.,3,Sinner vs Zverev Australian Open 2025 highlights,F5B1QpU0Evo,Jannik Sinner v Alexander Zverev Extended Highlights | Australian Open 2025 Final,Australian Open,2025-01-26T12:30:12Z,https://www.youtube.com/watch?v=F5B1QpU0Evo,16,Sinner is on another level now 😮 Feeling bad for Zverev. Dude has moved from Djokovic- Nadal era to Sinner-Alcaraz,243,2025-01-26T13:32:50Z,"{'neg': 0.135, 'neu': 0.808, 'pos': 0.058, 'compound': -0.4588}",0.135,0.808,0.058,-0.4588,Negative
Australian Open,2025-01-26,Grand Slam,Outdoor,Hard,The Final,5,Sinner J.,Zverev A.,Sinner J.,1,2,11830,7635,1.33,3.4,6-3 7-6 6-3,1.5,False,Sinner,Zverev A.,3,Sinner vs Zverev Australian Open 2025 highlights,F5B1QpU0Evo,Jannik Sinner v Alexander Zverev Extended Highlights | Australian Open 2025 Final,Australian Open,2025-01-26T12:30:12Z,https://www.youtube.com/watch?v=F5B1QpU0Evo,17,"His returns ,his accuracy and above all he is everywhere .. wherever you hit the ball  you will find him standing there just unbelievable",107,2025-01-26T14:24:11Z,"{'neg': 0.0, 'neu': 0.927, 'pos': 0.073, 'compound': 0.2023}",0.0,0.927,0.073,0.2023,Positive
Australian Open,2025-01-26,Grand Slam,Outdoor,Hard,The Final,5,Sinner J.,Zverev A.,Sinner J.,1,2,11830,7635,1.33,3.4,6-3 7-6 6-3,1.5,False,Sinner,Zverev A.,3,Sinner vs Zverev Australian Open 2025 highlights,F5B1QpU0Evo,Jannik Sinner v Alexander Zverev Extended Highlights | Australian Open 2025 Final,Australian Open,2025-01-26T12:30:12Z,https://www.youtube.com/watch?v=F5B1QpU0Evo,18,"Sinner looks effortless, consistent, confident and unstoppable",8,2025-01-26T16:08:44Z,"{'neg': 0.18, 'neu': 0.5, 'pos': 0.32, 'compound': 0.34}",0.18,0.5,0.32,0.34,Positive
Australian Open,2025-01-26,Grand Slam,Outdoor,Hard,The Final,5,Sinner J.,Zverev A.,Sinner J.,1,2,11830,7635,1.33,3.4,6-3 7-6 6-3,1.5,False,Sinner,Zverev A.,3,Sinner vs Zverev Australian Open 2025 highlights,F5B1QpU0Evo,Jannik Sinner v Alexander Zverev Extended Highlights | Australian Open 2025 Final,Australian Open,2025-01-26T12:30:12Z,https://www.youtube.com/watch?v=F5B1QpU0Evo,19,Almost every shot from Sinner is a winner: Just mind blowinng,10,2025-01-26T16:43:16Z,"{'neg': 0.0, 'neu': 0.725, 'pos': 0.275, 'compound': 0.5859}",0.0,0.725,0.275,0.5859,Positive
Australian Open,2025-01-26,Grand Slam,Outdoor,Hard,The Final,5,Sinner J.,Zverev A.,Sinner J.,1,2,11830,7635,1.33,3.4,6-3 7-6 6-3,1.5,False,Sinner,Zverev A.,3,Sinner vs Zverev Australian Open 2025 highlights,F5B1QpU0Evo,Jannik Sinner v Alexander Zverev Extended Highlights | Australian Open 2025 Final,Australian Open,2025-01-26T12:30:12Z,https://www.youtube.com/watch?v=F5B1QpU0Evo,20,Sinners composure and “stillness” in his overall movement just walking lets you know he’s functioning on a higher level physically mentally and possibly spiritually. He is so centered within himself. Bravo he is unstoppable right now. 👏,214,2025-01-26T13:52:51Z,"{'neg': 0.046, 'neu': 0.954, 'pos': 0.0, 'compound': -0.2023}",0.046,0.954,0.0,-0.2023,Negative
Australian Open,2025-01-26,Grand Slam,Outdoor,Hard,The Final,5,Sinner J.,Zverev A.,Sinner J.,1,2,11830,7635,1.33,3.4,6-3 7-6 6-3,1.5,False,Sinner,Zverev A.,3,Sinner vs Zverev Australian Open 2025 highlights,F5B1QpU0Evo,Jannik Sinner v Alexander Zverev Extended Highlights | Australian Open 2025 Final,Australian Open,2025-01-26T12:30:12Z,https://www.youtube.com/watch?v=F5B1QpU0Evo,21,"Congratulations to Sinner, his performances are incredible, he is a tireless and unstoppable machine",246,2025-01-26T12:42:00Z,"{'neg': 0.102, 'neu': 0.678, 'pos': 0.22, 'compound': 0.4767}",0.102,0.678,0.22,0.4767,Positive
Australian Open,2025-01-26,Grand Slam,Outdoor,Hard,The Final,5,Sinner J.,Zverev A.,Sinner J.,1,2,11830,7635,1.33,3.4,6-3 7-6 6-3,1.5,False,Sinner,Zverev A.,3,Sinner vs Zverev Australian Open 2025 highlights,F5B1QpU0Evo,Jannik Sinner v Alexander Zverev Extended Highlights | Australian Open 2025 Final,Australian Open,2025-01-26T12:30:12Z,https://www.youtube.com/watch?v=F5B1QpU0Evo,22,"Total scary that Sinner becoming great also in drop shots. No weaknesses. No more words, he win all he destroy all",94,2025-01-26T17:46:29Z,"{'neg': 0.258, 'neu': 0.397, 'pos': 0.345, 'compound': 0.4711}",0.258,0.397,0.345,0.4711,Positive
Australian Open,2025-01-26,Grand Slam,Outdoor,Hard,The Final,5,Sinner J.,Zverev A.,Sinner J.,1,2,11830,7635,1.33,3.4,6-3 7-6 6-3,1.5,False,Sinner,Zverev A.,3,Sinner vs Zverev Australian Open 2025 highlights,F5B1QpU0Evo,Jannik Sinner v Alexander Zverev Extended Highlights | Australian Open 2025 Final,Australian Open,2025-01-26T12:30:12Z,https://www.youtube.com/watch?v=F5B1QpU0Evo,23,"Nobody gets lower and gets as much wrist snap on their backhand better than Sinner rn. Talk about discipline for quality shots all match. He’s the mean, lean machine. Just doesn’t miss.",62,2025-01-26T14:50:20Z,"{'neg': 0.106, 'neu': 0.812, 'pos': 0.081, 'compound': 0.0258}",0.106,0.812,0.081,0.0258,Neutral
Australian Open,2025-01-26,Grand Slam,Outdoor,Hard,The Final,5,Sinner J.,Zverev A.,Sinner J.,1,2,11830,7635,1.33,3.4,6-3 7-6 6-3,1.5,False,Sinner,Zverev A.,3,Sinner vs Zverev Australian Open 2025 highlights,F5B1QpU0Evo,Jannik Sinner v Alexander Zverev Extended Highlights | Australian Open 2025 Final,Australian Open,2025-01-26T12:30:12Z,https://www.youtube.com/watch?v=F5B1QpU0Evo,24,What a talent Sinner is. Purest ball striker on tour. Super consistent. I hope for many Sinner Alcaraz final for years to come. If Carlos can keep working on his counter game and making more shots he has the recipe to get the best of Sinner. He has the biggest ground stroke game but he’s not as consistent. Good on Sinner! Hell of a player. Well deserved.,152,2025-01-26T15:00:59Z,"{'neg': 0.117, 'neu': 0.738, 'pos': 0.146, 'compound': -0.3074}",0.117,0.738,0.146,-0.3074,Negative
Australian Open,2025-01-26,Grand Slam,Outdoor,Hard,The Final,5,Sinner J.,Zverev A.,Sinner J.,1,2,11830,7635,1.33,3.4,6-3 7-6 6-3,1.5,False,Sinner,Zverev A.,3,Sinner vs Zverev Australian Open 2025 highlights,F5B1QpU0Evo,Jannik Sinner v Alexander Zverev Extended Highlights | Australian Open 2025 Final,Australian Open,2025-01-26T12:30:12Z,https://www.youtube.com/watch?v=F5B1QpU0Evo,25,"It's not like Zverev got blown away in today's match, he could've defeated probably even Alcaraz with the level he had today. But Jannik was just too damn good.",179,2025-01-26T12:59:48Z,"{'neg': 0.199, 'neu': 0.694, 'pos': 0.107, 'compound': -0.3193}",0.199,0.694,0.107,-0.3193,Negative
Masters Cup,2024-11-17,Masters Cup,Indoor,Hard,The Final,3,Fritz T.,Sinner J.,Sinner J.,5,1,4300,10330,5.5,1.14,4-6 4-6,3.0,False,Sinner,Fritz T.,4,Fritz vs Sinner Masters Cup 2024 highlights,UnMnpAOSF2s,Jannik Sinner vs Taylor Fritz For The Title! 🏆 | Nitto ATP Finals 2024 Final Highlights,Tennis TV,2024-11-17T19:21:24Z,https://www.youtube.com/watch?v=UnMnpAOSF2s,1,"This guy beats the other finalist in straight sets, having lost no sets during the week and finishing the year as the world number one, and having won two Grand Slams in the process. Sinner is simply the best player in the world right now.",2680,2024-11-17T19:23:56Z,"{'neg': 0.08, 'neu': 0.671, 'pos': 0.249, 'compound': 0.8625}",0.08,0.671,0.249,0.8625,Positive
Masters Cup,2024-11-17,Masters Cup,Indoor,Hard,The Final,3,Fritz T.,Sinner J.,Sinner J.,5,1,4300,10330,5.5,1.14,4-6 4-6,3.0,False,Sinner,Fritz T.,4,Fritz vs Sinner Masters Cup 2024 highlights,UnMnpAOSF2s,Jannik Sinner vs Taylor Fritz For The Title! 🏆 | Nitto ATP Finals 2024 Final Highlights,Tennis TV,2024-11-17T19:21:24Z,https://www.youtube.com/watch?v=UnMnpAOSF2s,2,Sinner just cruised through the Atp finals as if it were an ATP 250 tournnament,1742,2024-11-17T19:25:14Z,"{'neg': 0.0, 'neu': 1.0, 'pos': 0.0, 'compound': 0.0}",0.0,1.0,0.0,0.0,Neutral
Masters Cup,2024-11-17,Masters Cup,Indoor,Hard,The Final,3,Fritz T.,Sinner J.,Sinner J.,5,1,4300,10330,5.5,1.14,4-6 4-6,3.0,False,Sinner,Fritz T.,4,Fritz vs Sinner Masters Cup 2024 highlights,UnMnpAOSF2s,Jannik Sinner vs Taylor Fritz For The Title! 🏆 | Nitto ATP Finals 2024 Final Highlights,Tennis TV,2024-11-17T19:21:24Z,https://www.youtube.com/watch?v=UnMnpAOSF2s,3,Fritz has improved so much this year,973,2024-11-17T20:05:35Z,"{'neg': 0.0, 'neu': 0.659, 'pos': 0.341, 'compound': 0.4767}",0.0,0.659,0.341,0.4767,Positive
Masters Cup,2024-11-17,Masters Cup,Indoor,Hard,The Final,3,Fritz T.,Sinner J.,Sinner J.,5,1,4300,10330,5.5,1.14,4-6 4-6,3.0,False,Sinner,Fritz T.,4,Fritz vs Sinner Masters Cup 2024 highlights,UnMnpAOSF2s,Jannik Sinner vs Taylor Fritz For The Title! 🏆 | Nitto ATP Finals 2024 Final Highlights,Tennis TV,2024-11-17T19:21:24Z,https://www.youtube.com/watch?v=UnMnpAOSF2s,4,great applause for Fritz by Italian crowd in Turin,353,2024-11-17T20:38:37Z,"{'neg': 0.0, 'neu': 0.504, 'pos': 0.496, 'compound': 0.7845}",0.0,0.504,0.496,0.7845,Positive
Masters Cup,2024-11-17,Masters Cup,Indoor,Hard,The Final,3,Fritz T.,Sinner J.,Sinner J.,5,1,4300,10330,5.5,1.14,4-6 4-6,3.0,False,Sinner,Fritz T.,4,Fritz vs Sinner Masters Cup 2024 highlights,UnMnpAOSF2s,Jannik Sinner vs Taylor Fritz For The Title! 🏆 | Nitto ATP Finals 2024 Final Highlights,Tennis TV,2024-11-17T19:21:24Z,https://www.youtube.com/watch?v=UnMnpAOSF2s,5,"Fritz didn't even play bad in my opinion, given that Sinner won both sets 6-4. It's just that the latter's playing tennis from a different planet. Clean ball striking, tough mentality, and almost little to no unforced errors. What an absolute monster he's been this entire year in general.",883,2024-11-17T19:28:01Z,"{'neg': 0.088, 'neu': 0.692, 'pos': 0.221, 'compound': 0.8356}",0.088,0.692,0.221,0.8356,Positive
Masters Cup,2024-11-17,Masters Cup,Indoor,Hard,The Final,3,Fritz T.,Sinner J.,Sinner J.,5,1,4300,10330,5.5,1.14,4-6 4-6,3.0,False,Sinner,Fritz T.,4,Fritz vs Sinner Masters Cup 2024 highlights,UnMnpAOSF2s,Jannik Sinner vs Taylor Fritz For The Title! 🏆 | Nitto ATP Finals 2024 Final Highlights,Tennis TV,2024-11-17T19:21:24Z,https://www.youtube.com/watch?v=UnMnpAOSF2s,6,This year Sinner has won more tournaments (8) than lost matches (6).,105,2024-11-17T20:05:40Z,"{'neg': 0.144, 'neu': 0.625, 'pos': 0.231, 'compound': 0.34}",0.144,0.625,0.231,0.34,Positive
Masters Cup,2024-11-17,Masters Cup,Indoor,Hard,The Final,3,Fritz T.,Sinner J.,Sinner J.,5,1,4300,10330,5.5,1.14,4-6 4-6,3.0,False,Sinner,Fritz T.,4,Fritz vs Sinner Masters Cup 2024 highlights,UnMnpAOSF2s,Jannik Sinner vs Taylor Fritz For The Title! 🏆 | Nitto ATP Finals 2024 Final Highlights,Tennis TV,2024-11-17T19:21:24Z,https://www.youtube.com/watch?v=UnMnpAOSF2s,7,"I love the crowd singing for Sinner at the end. So heartwarming and well deserved. Gives me chills. Jannik has a very, very bright future ahead.",573,2024-11-17T19:51:25Z,"{'neg': 0.0, 'neu': 0.611, 'pos': 0.389, 'compound': 0.9328}",0.0,0.611,0.389,0.9328,Positive
Masters Cup,2024-11-17,Masters Cup,Indoor,Hard,The Final,3,Fritz T.,Sinner J.,Sinner J.,5,1,4300,10330,5.5,1.14,4-6 4-6,3.0,False,Sinner,Fritz T.,4,Fritz vs Sinner Masters Cup 2024 highlights,UnMnpAOSF2s,Jannik Sinner vs Taylor Fritz For The Title! 🏆 | Nitto ATP Finals 2024 Final Highlights,Tennis TV,2024-11-17T19:21:24Z,https://www.youtube.com/watch?v=UnMnpAOSF2s,8,"Him congratulating the chair umpire (Carlos Bernardes) on his career end is everything you need to know about this guy. Here is a man that loves this sport, and has infinite respect for everyone who dedicates his life to it, just as he does",361,2024-11-17T20:25:06Z,"{'neg': 0.0, 'neu': 0.861, 'pos': 0.139, 'compound': 0.7783}",0.0,0.861,0.139,0.7783,Positive
Masters Cup,2024-11-17,Masters Cup,Indoor,Hard,The Final,3,Fritz T.,Sinner J.,Sinner J.,5,1,4300,10330,5.5,1.14,4-6 4-6,3.0,False,Sinner,Fritz T.,4,Fritz vs Sinner Masters Cup 2024 highlights,UnMnpAOSF2s,Jannik Sinner vs Taylor Fritz For The Title! 🏆 | Nitto ATP Finals 2024 Final Highlights,Tennis TV,2024-11-17T19:21:24Z,https://www.youtube.com/watch?v=UnMnpAOSF2s,9,"How polite and fair the Italian crowd was giving to Taylor this long standing ovation 👏👏
Great tennis played by both.
Jannik sei il numero 1 indiscusso
🇮🇹👏🧡🦊",477,2024-11-17T20:48:27Z,"{'neg': 0.0, 'neu': 0.675, 'pos': 0.325, 'compound': 0.9371}",0.0,0.675,0.325,0.9371,Positive
Masters Cup,2024-11-17,Masters Cup,Indoor,Hard,The Final,3,Fritz T.,Sinner J.,Sinner J.,5,1,4300,10330,5.5,1.14,4-6 4-6,3.0,False,Sinner,Fritz T.,4,Fritz vs Sinner Masters Cup 2024 highlights,UnMnpAOSF2s,Jannik Sinner vs Taylor Fritz For The Title! 🏆 | Nitto ATP Finals 2024 Final Highlights,Tennis TV,2024-11-17T19:21:24Z,https://www.youtube.com/watch?v=UnMnpAOSF2s,10,Sinner is such a business man.  No nonsense.  No drama.  Just greatness.,367,2024-11-17T19:59:16Z,"{'neg': 0.0, 'neu': 0.707, 'pos': 0.293, 'compound': 0.4847}",0.0,0.707,0.293,0.4847,Positive
Masters Cup,2024-11-17,Masters Cup,Indoor,Hard,The Final,3,Fritz T.,Sinner J.,Sinner J.,5,1,4300,10330,5.5,1.14,4-6 4-6,3.0,False,Sinner,Fritz T.,4,Fritz vs Sinner Masters Cup 2024 highlights,UnMnpAOSF2s,Jannik Sinner vs Taylor Fritz For The Title! 🏆 | Nitto ATP Finals 2024 Final Highlights,Tennis TV,2024-11-17T19:21:24Z,https://www.youtube.com/watch?v=UnMnpAOSF2s,11,Congratulations to Jannik Sinner from an enthusiastic Spanish follower! 🇪🇸♥️🇮🇹,51,2024-11-17T22:51:25Z,"{'neg': 0.0, 'neu': 0.437, 'pos': 0.563, 'compound': 0.9117}",0.0,0.437,0.563,0.9117,Positive
Masters Cup,2024-11-17,Masters Cup,Indoor,Hard,The Final,3,Fritz T.,Sinner J.,Sinner J.,5,1,4300,10330,5.5,1.14,4-6 4-6,3.0,False,Sinner,Fritz T.,4,Fritz vs Sinner Masters Cup 2024 highlights,UnMnpAOSF2s,Jannik Sinner vs Taylor Fritz For The Title! 🏆 | Nitto ATP Finals 2024 Final Highlights,Tennis TV,2024-11-17T19:21:24Z,https://www.youtube.com/watch?v=UnMnpAOSF2s,12,"First player since 1986( Lendl) to win atp finals without losing a set. 
He is just too good. New king of HardCourts",169,2024-11-17T19:32:16Z,"{'neg': 0.0, 'neu': 0.681, 'pos': 0.319, 'compound': 0.8353}",0.0,0.681,0.319,0.8353,Positive
Masters Cup,2024-11-17,Masters Cup,Indoor,Hard,The Final,3,Fritz T.,Sinner J.,Sinner J.,5,1,4300,10330,5.5,1.14,4-6 4-6,3.0,False,Sinner,Fritz T.,4,Fritz vs Sinner Masters Cup 2024 highlights,UnMnpAOSF2s,Jannik Sinner vs Taylor Fritz For The Title! 🏆 | Nitto ATP Finals 2024 Final Highlights,Tennis TV,2024-11-17T19:21:24Z,https://www.youtube.com/watch?v=UnMnpAOSF2s,13,"Sinner is without a doubt the best player in the world and the best of the year. The fact that he didn't drop a set this week is phenomenal, especially since he played against the top 10. It just proves that he is the best, and congratulations to him and his team for this victory, you guys were exceptional and this is just the beginning. I can't wait to see what he accomplishes next year and I'm even more excited to see the rivalry with Alcaraz continue. Both players keep the tennis interesting, and exciting.",476,2024-11-17T19:23:45Z,"{'neg': 0.0, 'neu': 0.696, 'pos': 0.304, 'compound': 0.9874}",0.0,0.696,0.304,0.9874,Positive
Masters Cup,2024-11-17,Masters Cup,Indoor,Hard,The Final,3,Fritz T.,Sinner J.,Sinner J.,5,1,4300,10330,5.5,1.14,4-6 4-6,3.0,False,Sinner,Fritz T.,4,Fritz vs Sinner Masters Cup 2024 highlights,UnMnpAOSF2s,Jannik Sinner vs Taylor Fritz For The Title! 🏆 | Nitto ATP Finals 2024 Final Highlights,Tennis TV,2024-11-17T19:21:24Z,https://www.youtube.com/watch?v=UnMnpAOSF2s,14,"Fritz said something interesting: Sinner does not have defensive shots, he only has attacks",108,2024-11-17T19:41:24Z,"{'neg': 0.225, 'neu': 0.622, 'pos': 0.153, 'compound': -0.0706}",0.225,0.622,0.153,-0.0706,Negative
Masters Cup,2024-11-17,Masters Cup,Indoor,Hard,The Final,3,Fritz T.,Sinner J.,Sinner J.,5,1,4300,10330,5.5,1.14,4-6 4-6,3.0,False,Sinner,Fritz T.,4,Fritz vs Sinner Masters Cup 2024 highlights,UnMnpAOSF2s,Jannik Sinner vs Taylor Fritz For The Title! 🏆 | Nitto ATP Finals 2024 Final Highlights,Tennis TV,2024-11-17T19:21:24Z,https://www.youtube.com/watch?v=UnMnpAOSF2s,15,"Congratulations to Fritz, he played a very good tennis.",121,2024-11-17T19:33:23Z,"{'neg': 0.0, 'neu': 0.387, 'pos': 0.613, 'compound': 0.8588}",0.0,0.387,0.613,0.8588,Positive
Masters Cup,2024-11-17,Masters Cup,Indoor,Hard,The Final,3,Fritz T.,Sinner J.,Sinner J.,5,1,4300,10330,5.5,1.14,4-6 4-6,3.0,False,Sinner,Fritz T.,4,Fritz vs Sinner Masters Cup 2024 highlights,UnMnpAOSF2s,Jannik Sinner vs Taylor Fritz For The Title! 🏆 | Nitto ATP Finals 2024 Final Highlights,Tennis TV,2024-11-17T19:21:24Z,https://www.youtube.com/watch?v=UnMnpAOSF2s,16,"Monster player, outstanding near flawless tournament for the Italian! 

Fritz did about as good as any great player could do against Sinner at this point. As an American I am proud of him. Keep going!",42,2024-11-17T20:34:00Z,"{'neg': 0.0, 'neu': 0.625, 'pos': 0.375, 'compound': 0.9583}",0.0,0.625,0.375,0.9583,Positive
Masters Cup,2024-11-17,Masters Cup,Indoor,Hard,The Final,3,Fritz T.,Sinner J.,Sinner J.,5,1,4300,10330,5.5,1.14,4-6 4-6,3.0,False,Sinner,Fritz T.,4,Fritz vs Sinner Masters Cup 2024 highlights,UnMnpAOSF2s,Jannik Sinner vs Taylor Fritz For The Title! 🏆 | Nitto ATP Finals 2024 Final Highlights,Tennis TV,2024-11-17T19:21:24Z,https://www.youtube.com/watch?v=UnMnpAOSF2s,17,What a beast Sinner is. He just doesn't give you any chance to counter upon. Lethal player and what an insane year it has been for the golden boy. Forza Jannik let's go for more in 2025🏆,235,2024-11-17T19:23:49Z,"{'neg': 0.066, 'neu': 0.885, 'pos': 0.049, 'compound': -0.1779}",0.066,0.885,0.049,-0.1779,Negative
Masters Cup,2024-11-17,Masters Cup,Indoor,Hard,The Final,3,Fritz T.,Sinner J.,Sinner J.,5,1,4300,10330,5.5,1.14,4-6 4-6,3.0,False,Sinner,Fritz T.,4,Fritz vs Sinner Masters Cup 2024 highlights,UnMnpAOSF2s,Jannik Sinner vs Taylor Fritz For The Title! 🏆 | Nitto ATP Finals 2024 Final Highlights,Tennis TV,2024-11-17T19:21:24Z,https://www.youtube.com/watch?v=UnMnpAOSF2s,18,"Che piacere vederti raggiungere questi risultati, caro Jannik.
Quando ti vidi vincere il torneo challenger di Ortisei, cinque anni fa, mi dissi: é lui il prossimo numero uno",8,2024-11-18T10:08:46Z,"{'neg': 0.0, 'neu': 0.947, 'pos': 0.053, 'compound': 0.128}",0.0,0.947,0.053,0.128,Positive
Masters Cup,2024-11-17,Masters Cup,Indoor,Hard,The Final,3,Fritz T.,Sinner J.,Sinner J.,5,1,4300,10330,5.5,1.14,4-6 4-6,3.0,False,Sinner,Fritz T.,4,Fritz vs Sinner Masters Cup 2024 highlights,UnMnpAOSF2s,Jannik Sinner vs Taylor Fritz For The Title! 🏆 | Nitto ATP Finals 2024 Final Highlights,Tennis TV,2024-11-17T19:21:24Z,https://www.youtube.com/watch?v=UnMnpAOSF2s,19,"Poor Bernardes. 40 years of illustrious career and they give him a 30 second tribute and a sh*tty poster. 
Great gesture from Sinner in his speech mentioning him. ATP should learn.",272,2024-11-17T19:29:43Z,"{'neg': 0.086, 'neu': 0.801, 'pos': 0.113, 'compound': 0.25}",0.086,0.801,0.113,0.25,Positive
Masters Cup,2024-11-17,Masters Cup,Indoor,Hard,The Final,3,Fritz T.,Sinner J.,Sinner J.,5,1,4300,10330,5.5,1.14,4-6 4-6,3.0,False,Sinner,Fritz T.,4,Fritz vs Sinner Masters Cup 2024 highlights,UnMnpAOSF2s,Jannik Sinner vs Taylor Fritz For The Title! 🏆 | Nitto ATP Finals 2024 Final Highlights,Tennis TV,2024-11-17T19:21:24Z,https://www.youtube.com/watch?v=UnMnpAOSF2s,20,sinner backhand is legendary,13,2024-11-17T20:42:40Z,"{'neg': 0.0, 'neu': 1.0, 'pos': 0.0, 'compound': 0.0}",0.0,1.0,0.0,0.0,Neutral
Masters Cup,2024-11-17,Masters Cup,Indoor,Hard,The Final,3,Fritz T.,Sinner J.,Sinner J.,5,1,4300,10330,5.5,1.14,4-6 4-6,3.0,False,Sinner,Fritz T.,4,Fritz vs Sinner Masters Cup 2024 highlights,UnMnpAOSF2s,Jannik Sinner vs Taylor Fritz For The Title! 🏆 | Nitto ATP Finals 2024 Final Highlights,Tennis TV,2024-11-17T19:21:24Z,https://www.youtube.com/watch?v=UnMnpAOSF2s,21,"Taylor Fritz can be proud for reaching the finals; he has definitely improved a lot this year. As for Sinner - there's just something very respectful  with how he does a lot of things. Jannik said kind words to and about the umpire during his speech, even if he didn't have to. Jannik kept his celebration subdued, probably giving recognition to Taylor and his bitter defeat. Jannik also politely deflects praise given to him and redirects these to his fans, his family and his team. I think Jannik's overall approach to being humble and respectful is one of the key things that really sets him apart. Such a welcome change to the current ""look at me and how great I am"" culture nowadays.",9,2024-11-19T10:37:05Z,"{'neg': 0.039, 'neu': 0.737, 'pos': 0.224, 'compound': 0.9792}",0.039,0.737,0.224,0.9792,Positive
Masters Cup,2024-11-17,Masters Cup,Indoor,Hard,The Final,3,Fritz T.,Sinner J.,Sinner J.,5,1,4300,10330,5.5,1.14,4-6 4-6,3.0,False,Sinner,Fritz T.,4,Fritz vs Sinner Masters Cup 2024 highlights,UnMnpAOSF2s,Jannik Sinner vs Taylor Fritz For The Title! 🏆 | Nitto ATP Finals 2024 Final Highlights,Tennis TV,2024-11-17T19:21:24Z,https://www.youtube.com/watch?v=UnMnpAOSF2s,22,Big congrats to Jannik!  What a machine he is.  And gentleman.,83,2024-11-17T19:52:55Z,"{'neg': 0.0, 'neu': 0.73, 'pos': 0.27, 'compound': 0.5707}",0.0,0.73,0.27,0.5707,Positive
Masters Cup,2024-11-17,Masters Cup,Indoor,Hard,The Final,3,Fritz T.,Sinner J.,Sinner J.,5,1,4300,10330,5.5,1.14,4-6 4-6,3.0,False,Sinner,Fritz T.,4,Fritz vs Sinner Masters Cup 2024 highlights,UnMnpAOSF2s,Jannik Sinner vs Taylor Fritz For The Title! 🏆 | Nitto ATP Finals 2024 Final Highlights,Tennis TV,2024-11-17T19:21:24Z,https://www.youtube.com/watch?v=UnMnpAOSF2s,23,"Man, how clean he gets the ball, its instinct, timing and talent of course with hard work.",61,2024-11-17T19:54:03Z,"{'neg': 0.067, 'neu': 0.67, 'pos': 0.263, 'compound': 0.6249}",0.067,0.67,0.263,0.6249,Positive
Masters Cup,2024-11-17,Masters Cup,Indoor,Hard,The Final,3,Fritz T.,Sinner J.,Sinner J.,5,1,4300,10330,5.5,1.14,4-6 4-6,3.0,False,Sinner,Fritz T.,4,Fritz vs Sinner Masters Cup 2024 highlights,UnMnpAOSF2s,Jannik Sinner vs Taylor Fritz For The Title! 🏆 | Nitto ATP Finals 2024 Final Highlights,Tennis TV,2024-11-17T19:21:24Z,https://www.youtube.com/watch?v=UnMnpAOSF2s,24,The rise of the machine. Incredible level by Sinner.,8,2024-11-17T22:00:49Z,"{'neg': 0.0, 'neu': 1.0, 'pos': 0.0, 'compound': 0.0}",0.0,1.0,0.0,0.0,Neutral
Masters Cup,2024-11-17,Masters Cup,Indoor,Hard,The Final,3,Fritz T.,Sinner J.,Sinner J.,5,1,4300,10330,5.5,1.14,4-6 4-6,3.0,False,Sinner,Fritz T.,4,Fritz vs Sinner Masters Cup 2024 highlights,UnMnpAOSF2s,Jannik Sinner vs Taylor Fritz For The Title! 🏆 | Nitto ATP Finals 2024 Final Highlights,Tennis TV,2024-11-17T19:21:24Z,https://www.youtube.com/watch?v=UnMnpAOSF2s,25,"Absolutely thrilled for both players. Jannik deserves every bit of success he's enjoyed this year, and Taylor can leave this year with his head held extremely high. What a tournament and year these two have both had! Nobody's gonna underestimate Fritz again after this year",109,2024-11-17T20:04:36Z,"{'neg': 0.063, 'neu': 0.742, 'pos': 0.195, 'compound': 0.8436}",0.063,0.742,0.195,0.8436,Positive
Shanghai Masters,2024-10-13,Masters 1000,Outdoor,Hard,The Final,3,Sinner J.,Djokovic N.,Sinner J.,4,4,11010,5560,1.4,3.0,7-6 6-3,4.0,False,Sinner,Djokovic N.,5,Sinner vs Djokovic Shanghai Masters 2024 highlights,fQfvkym38MM,Jannik Sinner vs Novak Djokovic For The Title 🏆  | Shanghai 2024 Final Highlights,Tennis TV,2024-10-13T10:48:27Z,https://www.youtube.com/watch?v=fQfvkym38MM,1,If you LOVE tennis drama… check out this playlist! 🔥👇 https://www.youtube.com/playlist?list=PLQHHr8gPOsH4gcxVfeuk1C8E9PmzAkQbT,1,2026-04-13T14:48:12Z,"{'neg': 0.116, 'neu': 0.63, 'pos': 0.253, 'compound': 0.5893}",0.116,0.63,0.253,0.5893,Positive
Shanghai Masters,2024-10-13,Masters 1000,Outdoor,Hard,The Final,3,Sinner J.,Djokovic N.,Sinner J.,4,4,11010,5560,1.4,3.0,7-6 6-3,4.0,False,Sinner,Djokovic N.,5,Sinner vs Djokovic Shanghai Masters 2024 highlights,fQfvkym38MM,Jannik Sinner vs Novak Djokovic For The Title 🏆  | Shanghai 2024 Final Highlights,Tennis TV,2024-10-13T10:48:27Z,https://www.youtube.com/watch?v=fQfvkym38MM,2,"The scary thing about Sinner is he hits without making a single noise, but you feel the intensity of his determination. A true Silent Assassin.",4342,2024-10-13T11:23:16Z,"{'neg': 0.067, 'neu': 0.702, 'pos': 0.231, 'compound': 0.7311}",0.067,0.702,0.231,0.7311,Positive
Shanghai Masters,2024-10-13,Masters 1000,Outdoor,Hard,The Final,3,Sinner J.,Djokovic N.,Sinner J.,4,4,11010,5560,1.4,3.0,7-6 6-3,4.0,False,Sinner,Djokovic N.,5,Sinner vs Djokovic Shanghai Masters 2024 highlights,fQfvkym38MM,Jannik Sinner vs Novak Djokovic For The Title 🏆  | Shanghai 2024 Final Highlights,Tennis TV,2024-10-13T10:48:27Z,https://www.youtube.com/watch?v=fQfvkym38MM,3,"Congratulations Sinner, it's really only Alcaraz and Sinner who have been able to match Djokovic fully in recent years.",2540,2024-10-13T10:53:33Z,"{'neg': 0.0, 'neu': 0.822, 'pos': 0.178, 'compound': 0.5994}",0.0,0.822,0.178,0.5994,Positive
Shanghai Masters,2024-10-13,Masters 1000,Outdoor,Hard,The Final,3,Sinner J.,Djokovic N.,Sinner J.,4,4,11010,5560,1.4,3.0,7-6 6-3,4.0,False,Sinner,Djokovic N.,5,Sinner vs Djokovic Shanghai Masters 2024 highlights,fQfvkym38MM,Jannik Sinner vs Novak Djokovic For The Title 🏆  | Shanghai 2024 Final Highlights,Tennis TV,2024-10-13T10:48:27Z,https://www.youtube.com/watch?v=fQfvkym38MM,4,Sinner's calm and strong integrity is amazing. Also his modest and humble personality is adorable. He is my number one player for the time being.,1051,2024-10-13T14:32:34Z,"{'neg': 0.0, 'neu': 0.535, 'pos': 0.465, 'compound': 0.9382}",0.0,0.535,0.465,0.9382,Positive
Shanghai Masters,2024-10-13,Masters 1000,Outdoor,Hard,The Final,3,Sinner J.,Djokovic N.,Sinner J.,4,4,11010,5560,1.4,3.0,7-6 6-3,4.0,False,Sinner,Djokovic N.,5,Sinner vs Djokovic Shanghai Masters 2024 highlights,fQfvkym38MM,Jannik Sinner vs Novak Djokovic For The Title 🏆  | Shanghai 2024 Final Highlights,Tennis TV,2024-10-13T10:48:27Z,https://www.youtube.com/watch?v=fQfvkym38MM,5,Sinner is a beast. I'm a huge Djokovic fan and he can still hang with nearly all of the other players but it's obvious the bar is set with Sinner and Alcaraz now. It's still incredible that he can play as well as he can at his age.,1690,2024-10-13T11:21:31Z,"{'neg': 0.0, 'neu': 0.829, 'pos': 0.171, 'compound': 0.7935}",0.0,0.829,0.171,0.7935,Positive
Shanghai Masters,2024-10-13,Masters 1000,Outdoor,Hard,The Final,3,Sinner J.,Djokovic N.,Sinner J.,4,4,11010,5560,1.4,3.0,7-6 6-3,4.0,False,Sinner,Djokovic N.,5,Sinner vs Djokovic Shanghai Masters 2024 highlights,fQfvkym38MM,Jannik Sinner vs Novak Djokovic For The Title 🏆  | Shanghai 2024 Final Highlights,Tennis TV,2024-10-13T10:48:27Z,https://www.youtube.com/watch?v=fQfvkym38MM,6,"Is it just my impression, or has Sinner developed into Novak 2.0? 
Their play style is so similar. Almost no unforced errors, deep well placed shots with superb return combined with top notch athleticism",1445,2024-10-13T10:57:50Z,"{'neg': 0.05, 'neu': 0.624, 'pos': 0.325, 'compound': 0.8721}",0.05,0.624,0.325,0.8721,Positive
Shanghai Masters,2024-10-13,Masters 1000,Outdoor,Hard,The Final,3,Sinner J.,Djokovic N.,Sinner J.,4,4,11010,5560,1.4,3.0,7-6 6-3,4.0,False,Sinner,Djokovic N.,5,Sinner vs Djokovic Shanghai Masters 2024 highlights,fQfvkym38MM,Jannik Sinner vs Novak Djokovic For The Title 🏆  | Shanghai 2024 Final Highlights,Tennis TV,2024-10-13T10:48:27Z,https://www.youtube.com/watch?v=fQfvkym38MM,7,"Sinner is humble, calm, respectful, ethical and so brilliant as well. He is the most stylish player on tennis courts.",70,2024-12-26T11:23:43Z,"{'neg': 0.0, 'neu': 0.499, 'pos': 0.501, 'compound': 0.9332}",0.0,0.499,0.501,0.9332,Positive
Shanghai Masters,2024-10-13,Masters 1000,Outdoor,Hard,The Final,3,Sinner J.,Djokovic N.,Sinner J.,4,4,11010,5560,1.4,3.0,7-6 6-3,4.0,False,Sinner,Djokovic N.,5,Sinner vs Djokovic Shanghai Masters 2024 highlights,fQfvkym38MM,Jannik Sinner vs Novak Djokovic For The Title 🏆  | Shanghai 2024 Final Highlights,Tennis TV,2024-10-13T10:48:27Z,https://www.youtube.com/watch?v=fQfvkym38MM,8,"The first set was a display of the highest levels of tennis, Djokovic was impeccable, neither player faced a brake point, and Sinner not at all throughout the match, what a talent and mental strength!",417,2024-10-13T12:09:31Z,"{'neg': 0.0, 'neu': 0.84, 'pos': 0.16, 'compound': 0.7424}",0.0,0.84,0.16,0.7424,Positive
Shanghai Masters,2024-10-13,Masters 1000,Outdoor,Hard,The Final,3,Sinner J.,Djokovic N.,Sinner J.,4,4,11010,5560,1.4,3.0,7-6 6-3,4.0,False,Sinner,Djokovic N.,5,Sinner vs Djokovic Shanghai Masters 2024 highlights,fQfvkym38MM,Jannik Sinner vs Novak Djokovic For The Title 🏆  | Shanghai 2024 Final Highlights,Tennis TV,2024-10-13T10:48:27Z,https://www.youtube.com/watch?v=fQfvkym38MM,9,"Simply a monster.
Real number 1, well deserved
65/6 is impressive, a machine gun",570,2024-10-13T11:06:40Z,"{'neg': 0.126, 'neu': 0.524, 'pos': 0.351, 'compound': 0.5106}",0.126,0.524,0.351,0.5106,Positive
Shanghai Masters,2024-10-13,Masters 1000,Outdoor,Hard,The Final,3,Sinner J.,Djokovic N.,Sinner J.,4,4,11010,5560,1.4,3.0,7-6 6-3,4.0,False,Sinner,Djokovic N.,5,Sinner vs Djokovic Shanghai Masters 2024 highlights,fQfvkym38MM,Jannik Sinner vs Novak Djokovic For The Title 🏆  | Shanghai 2024 Final Highlights,Tennis TV,2024-10-13T10:48:27Z,https://www.youtube.com/watch?v=fQfvkym38MM,10,The Silent Assassin.. Hitting with out a grunt.. Well done Sinner.. It was impressive👌💪,18,2024-10-17T08:28:29Z,"{'neg': 0.0, 'neu': 0.548, 'pos': 0.452, 'compound': 0.8893}",0.0,0.548,0.452,0.8893,Positive
Shanghai Masters,2024-10-13,Masters 1000,Outdoor,Hard,The Final,3,Sinner J.,Djokovic N.,Sinner J.,4,4,11010,5560,1.4,3.0,7-6 6-3,4.0,False,Sinner,Djokovic N.,5,Sinner vs Djokovic Shanghai Masters 2024 highlights,fQfvkym38MM,Jannik Sinner vs Novak Djokovic For The Title 🏆  | Shanghai 2024 Final Highlights,Tennis TV,2024-10-13T10:48:27Z,https://www.youtube.com/watch?v=fQfvkym38MM,11,Sinner is on another level. He has no weaknesses. The improvement to his movement was a game changer. He can defend and be patient and then make his move. It’s so impressive how good he’s gotten.,243,2024-10-13T13:07:51Z,"{'neg': 0.0, 'neu': 0.719, 'pos': 0.281, 'compound': 0.9103}",0.0,0.719,0.281,0.9103,Positive
Shanghai Masters,2024-10-13,Masters 1000,Outdoor,Hard,The Final,3,Sinner J.,Djokovic N.,Sinner J.,4,4,11010,5560,1.4,3.0,7-6 6-3,4.0,False,Sinner,Djokovic N.,5,Sinner vs Djokovic Shanghai Masters 2024 highlights,fQfvkym38MM,Jannik Sinner vs Novak Djokovic For The Title 🏆  | Shanghai 2024 Final Highlights,Tennis TV,2024-10-13T10:48:27Z,https://www.youtube.com/watch?v=fQfvkym38MM,12,"The final that proved why Sinner is world No.1
Sinner's consistency stands out absolutely!",520,2024-10-13T11:33:27Z,"{'neg': 0.0, 'neu': 1.0, 'pos': 0.0, 'compound': 0.0}",0.0,1.0,0.0,0.0,Neutral
Shanghai Masters,2024-10-13,Masters 1000,Outdoor,Hard,The Final,3,Sinner J.,Djokovic N.,Sinner J.,4,4,11010,5560,1.4,3.0,7-6 6-3,4.0,False,Sinner,Djokovic N.,5,Sinner vs Djokovic Shanghai Masters 2024 highlights,fQfvkym38MM,Jannik Sinner vs Novak Djokovic For The Title 🏆  | Shanghai 2024 Final Highlights,Tennis TV,2024-10-13T10:48:27Z,https://www.youtube.com/watch?v=fQfvkym38MM,13,"Sinner is a freaking beast dude, no noise, no celebrate, just class and power",42,2024-10-13T23:26:57Z,"{'neg': 0.402, 'neu': 0.503, 'pos': 0.095, 'compound': -0.7278}",0.402,0.503,0.095,-0.7278,Negative
Shanghai Masters,2024-10-13,Masters 1000,Outdoor,Hard,The Final,3,Sinner J.,Djokovic N.,Sinner J.,4,4,11010,5560,1.4,3.0,7-6 6-3,4.0,False,Sinner,Djokovic N.,5,Sinner vs Djokovic Shanghai Masters 2024 highlights,fQfvkym38MM,Jannik Sinner vs Novak Djokovic For The Title 🏆  | Shanghai 2024 Final Highlights,Tennis TV,2024-10-13T10:48:27Z,https://www.youtube.com/watch?v=fQfvkym38MM,14,What an accuracy man literally a machine 🔥🔥,71,2024-10-13T11:39:35Z,"{'neg': 0.407, 'neu': 0.593, 'pos': 0.0, 'compound': -0.5859}",0.407,0.593,0.0,-0.5859,Negative
Shanghai Masters,2024-10-13,Masters 1000,Outdoor,Hard,The Final,3,Sinner J.,Djokovic N.,Sinner J.,4,4,11010,5560,1.4,3.0,7-6 6-3,4.0,False,Sinner,Djokovic N.,5,Sinner vs Djokovic Shanghai Masters 2024 highlights,fQfvkym38MM,Jannik Sinner vs Novak Djokovic For The Title 🏆  | Shanghai 2024 Final Highlights,Tennis TV,2024-10-13T10:48:27Z,https://www.youtube.com/watch?v=fQfvkym38MM,15,Sinner shots are sharp. Djokovic's are precise. Congratulations both of you,42,2024-10-13T12:57:59Z,"{'neg': 0.0, 'neu': 0.719, 'pos': 0.281, 'compound': 0.5994}",0.0,0.719,0.281,0.5994,Positive
Shanghai Masters,2024-10-13,Masters 1000,Outdoor,Hard,The Final,3,Sinner J.,Djokovic N.,Sinner J.,4,4,11010,5560,1.4,3.0,7-6 6-3,4.0,False,Sinner,Djokovic N.,5,Sinner vs Djokovic Shanghai Masters 2024 highlights,fQfvkym38MM,Jannik Sinner vs Novak Djokovic For The Title 🏆  | Shanghai 2024 Final Highlights,Tennis TV,2024-10-13T10:48:27Z,https://www.youtube.com/watch?v=fQfvkym38MM,16,The power and precision and speed of sinner are incredible!,11,2024-10-16T23:41:06Z,"{'neg': 0.0, 'neu': 1.0, 'pos': 0.0, 'compound': 0.0}",0.0,1.0,0.0,0.0,Neutral
Shanghai Masters,2024-10-13,Masters 1000,Outdoor,Hard,The Final,3,Sinner J.,Djokovic N.,Sinner J.,4,4,11010,5560,1.4,3.0,7-6 6-3,4.0,False,Sinner,Djokovic N.,5,Sinner vs Djokovic Shanghai Masters 2024 highlights,fQfvkym38MM,Jannik Sinner vs Novak Djokovic For The Title 🏆  | Shanghai 2024 Final Highlights,Tennis TV,2024-10-13T10:48:27Z,https://www.youtube.com/watch?v=fQfvkym38MM,17,"novak put in a tremendous effort already, but jannik right now is just from another planet. well done jannik from a nole fan, hopefully he takes home the atp nitto finals in his home country later this year. as for novak he put in one heck of an effort and he can be very proud of himself, still showing that he can hang with the big boys, although father time is growing closer and closer.",519,2024-10-13T11:08:25Z,"{'neg': 0.0, 'neu': 0.816, 'pos': 0.184, 'compound': 0.9412}",0.0,0.816,0.184,0.9412,Positive
Shanghai Masters,2024-10-13,Masters 1000,Outdoor,Hard,The Final,3,Sinner J.,Djokovic N.,Sinner J.,4,4,11010,5560,1.4,3.0,7-6 6-3,4.0,False,Sinner,Djokovic N.,5,Sinner vs Djokovic Shanghai Masters 2024 highlights,fQfvkym38MM,Jannik Sinner vs Novak Djokovic For The Title 🏆  | Shanghai 2024 Final Highlights,Tennis TV,2024-10-13T10:48:27Z,https://www.youtube.com/watch?v=fQfvkym38MM,18,This guy is unbelievable,19,2024-10-13T11:12:02Z,"{'neg': 0.0, 'neu': 0.625, 'pos': 0.375, 'compound': 0.2023}",0.0,0.625,0.375,0.2023,Positive
Shanghai Masters,2024-10-13,Masters 1000,Outdoor,Hard,The Final,3,Sinner J.,Djokovic N.,Sinner J.,4,4,11010,5560,1.4,3.0,7-6 6-3,4.0,False,Sinner,Djokovic N.,5,Sinner vs Djokovic Shanghai Masters 2024 highlights,fQfvkym38MM,Jannik Sinner vs Novak Djokovic For The Title 🏆  | Shanghai 2024 Final Highlights,Tennis TV,2024-10-13T10:48:27Z,https://www.youtube.com/watch?v=fQfvkym38MM,19,"We should be celebrating both players. Jannik on being the absolute Nr1 player in the world and Djokovic, a LEGEND that we have the pleasure of STILL seeing compete at the highest level. 

Let's be grateful not hateful!!",104,2024-10-13T22:24:25Z,"{'neg': 0.0, 'neu': 0.714, 'pos': 0.286, 'compound': 0.9275}",0.0,0.714,0.286,0.9275,Positive
Shanghai Masters,2024-10-13,Masters 1000,Outdoor,Hard,The Final,3,Sinner J.,Djokovic N.,Sinner J.,4,4,11010,5560,1.4,3.0,7-6 6-3,4.0,False,Sinner,Djokovic N.,5,Sinner vs Djokovic Shanghai Masters 2024 highlights,fQfvkym38MM,Jannik Sinner vs Novak Djokovic For The Title 🏆  | Shanghai 2024 Final Highlights,Tennis TV,2024-10-13T10:48:27Z,https://www.youtube.com/watch?v=fQfvkym38MM,20,"Sinner is unstoppable..now he has a big serve, his movement improved a lot the past couple years, his defensive skills, huge groundstrokes off both wings, and much more confidence finishing in the forecourt. I think the biggest thing tho is the fact that he hits the ball so consistently off both wings with such great power and heaviness. So novak definitely does not want to ball bash with sinner at the back at all right now.",338,2024-10-13T10:55:26Z,"{'neg': 0.014, 'neu': 0.79, 'pos': 0.196, 'compound': 0.9428}",0.014,0.79,0.196,0.9428,Positive
Shanghai Masters,2024-10-13,Masters 1000,Outdoor,Hard,The Final,3,Sinner J.,Djokovic N.,Sinner J.,4,4,11010,5560,1.4,3.0,7-6 6-3,4.0,False,Sinner,Djokovic N.,5,Sinner vs Djokovic Shanghai Masters 2024 highlights,fQfvkym38MM,Jannik Sinner vs Novak Djokovic For The Title 🏆  | Shanghai 2024 Final Highlights,Tennis TV,2024-10-13T10:48:27Z,https://www.youtube.com/watch?v=fQfvkym38MM,21,"Everytime I watch Sinner, his groundstrokes on both wings are compact and little to no wasted motion from round up procees. Last person that gave me that impression constantly is Roger, but his strokes are fluid vs sinner compact. Both beautiful to watch, sinner can really generate pace on that ball too, natural arm strength and whip like, he wouldve been a helluva pitcher if he chose baseball instead shhhh!",23,2024-10-18T14:34:50Z,"{'neg': 0.014, 'neu': 0.753, 'pos': 0.234, 'compound': 0.9609}",0.014,0.753,0.234,0.9609,Positive
Shanghai Masters,2024-10-13,Masters 1000,Outdoor,Hard,The Final,3,Sinner J.,Djokovic N.,Sinner J.,4,4,11010,5560,1.4,3.0,7-6 6-3,4.0,False,Sinner,Djokovic N.,5,Sinner vs Djokovic Shanghai Masters 2024 highlights,fQfvkym38MM,Jannik Sinner vs Novak Djokovic For The Title 🏆  | Shanghai 2024 Final Highlights,Tennis TV,2024-10-13T10:48:27Z,https://www.youtube.com/watch?v=fQfvkym38MM,22,Goodness gracious!!! An exclamation point on being the number one. What a performance by Sinner.,24,2024-10-14T01:05:14Z,"{'neg': 0.0, 'neu': 0.578, 'pos': 0.422, 'compound': 0.8306}",0.0,0.578,0.422,0.8306,Positive
Shanghai Masters,2024-10-13,Masters 1000,Outdoor,Hard,The Final,3,Sinner J.,Djokovic N.,Sinner J.,4,4,11010,5560,1.4,3.0,7-6 6-3,4.0,False,Sinner,Djokovic N.,5,Sinner vs Djokovic Shanghai Masters 2024 highlights,fQfvkym38MM,Jannik Sinner vs Novak Djokovic For The Title 🏆  | Shanghai 2024 Final Highlights,Tennis TV,2024-10-13T10:48:27Z,https://www.youtube.com/watch?v=fQfvkym38MM,23,Roger and Carlos were attending this match....4 legends in one place that's something spectacular....,7,2024-10-13T20:56:31Z,"{'neg': 0.0, 'neu': 1.0, 'pos': 0.0, 'compound': 0.0}",0.0,1.0,0.0,0.0,Neutral
Shanghai Masters,2024-10-13,Masters 1000,Outdoor,Hard,The Final,3,Sinner J.,Djokovic N.,Sinner J.,4,4,11010,5560,1.4,3.0,7-6 6-3,4.0,False,Sinner,Djokovic N.,5,Sinner vs Djokovic Shanghai Masters 2024 highlights,fQfvkym38MM,Jannik Sinner vs Novak Djokovic For The Title 🏆  | Shanghai 2024 Final Highlights,Tennis TV,2024-10-13T10:48:27Z,https://www.youtube.com/watch?v=fQfvkym38MM,24,When Sinner is serving like that he’s a machine,10,2024-10-13T12:26:54Z,"{'neg': 0.0, 'neu': 0.762, 'pos': 0.238, 'compound': 0.3612}",0.0,0.762,0.238,0.3612,Positive
Shanghai Masters,2024-10-13,Masters 1000,Outdoor,Hard,The Final,3,Sinner J.,Djokovic N.,Sinner J.,4,4,11010,5560,1.4,3.0,7-6 6-3,4.0,False,Sinner,Djokovic N.,5,Sinner vs Djokovic Shanghai Masters 2024 highlights,fQfvkym38MM,Jannik Sinner vs Novak Djokovic For The Title 🏆  | Shanghai 2024 Final Highlights,Tennis TV,2024-10-13T10:48:27Z,https://www.youtube.com/watch?v=fQfvkym38MM,25,Sinner has an impressive technique and a beautiful play. He could be a legend if continued play at this level.,8,2024-10-13T18:21:47Z,"{'neg': 0.0, 'neu': 0.571, 'pos': 0.429, 'compound': 0.9001}",0.0,0.571,0.429,0.9001,Positive
US Open,2024-09-08,Grand Slam,Outdoor,Hard,The Final,5,Fritz T.,Sinner J.,Sinner J.,12,1,3120,9360,4.0,1.25,3-6 4-6 5-7,6.5,False,Sinner,Fritz T.,6,Fritz vs Sinner US Open 2024 highlights,Ycj5I3JKCT8,Jannik Sinner vs. Taylor Fritz Highlights | 2024 US Open Final,US Open Tennis Championships,2024-09-08T21:44:44Z,https://www.youtube.com/watch?v=Ycj5I3JKCT8,1,"Extended highlights, a condensed match and the full match will be published as soon as broadcast restrictions expire!",538,2024-09-08T21:45:53Z,"{'neg': 0.0, 'neu': 1.0, 'pos': 0.0, 'compound': 0.0}",0.0,1.0,0.0,0.0,Neutral
US Open,2024-09-08,Grand Slam,Outdoor,Hard,The Final,5,Fritz T.,Sinner J.,Sinner J.,12,1,3120,9360,4.0,1.25,3-6 4-6 5-7,6.5,False,Sinner,Fritz T.,6,Fritz vs Sinner US Open 2024 highlights,Ycj5I3JKCT8,Jannik Sinner vs. Taylor Fritz Highlights | 2024 US Open Final,US Open Tennis Championships,2024-09-08T21:44:44Z,https://www.youtube.com/watch?v=Ycj5I3JKCT8,2,"Two slams for Jannik, two slams for Alcaraz. The new era is officially upon us!",1593,2024-09-08T21:46:48Z,"{'neg': 0.0, 'neu': 1.0, 'pos': 0.0, 'compound': 0.0}",0.0,1.0,0.0,0.0,Neutral
US Open,2024-09-08,Grand Slam,Outdoor,Hard,The Final,5,Fritz T.,Sinner J.,Sinner J.,12,1,3120,9360,4.0,1.25,3-6 4-6 5-7,6.5,False,Sinner,Fritz T.,6,Fritz vs Sinner US Open 2024 highlights,Ycj5I3JKCT8,Jannik Sinner vs. Taylor Fritz Highlights | 2024 US Open Final,US Open Tennis Championships,2024-09-08T21:44:44Z,https://www.youtube.com/watch?v=Ycj5I3JKCT8,3,"Real tennis fans knew there was no way Sinner would lose this, Sinner has had a 92% winrate this year, which is why I threw some quid on him and Sabalenka in a Stake parlay. Haters will try to discredit his achievements with this doping nonsense, stay 🧂 salty my friends.",1034,2024-09-09T15:13:37Z,"{'neg': 0.18, 'neu': 0.768, 'pos': 0.052, 'compound': -0.7717}",0.18,0.768,0.052,-0.7717,Negative
US Open,2024-09-08,Grand Slam,Outdoor,Hard,The Final,5,Fritz T.,Sinner J.,Sinner J.,12,1,3120,9360,4.0,1.25,3-6 4-6 5-7,6.5,False,Sinner,Fritz T.,6,Fritz vs Sinner US Open 2024 highlights,Ycj5I3JKCT8,Jannik Sinner vs. Taylor Fritz Highlights | 2024 US Open Final,US Open Tennis Championships,2024-09-08T21:44:44Z,https://www.youtube.com/watch?v=Ycj5I3JKCT8,4,"Fritz never stood a chance here,Sinner was suffocating him like a snake, he knew he was winning this match since friday night",701,2024-09-08T21:58:26Z,"{'neg': 0.065, 'neu': 0.713, 'pos': 0.221, 'compound': 0.6322}",0.065,0.713,0.221,0.6322,Positive
US Open,2024-09-08,Grand Slam,Outdoor,Hard,The Final,5,Fritz T.,Sinner J.,Sinner J.,12,1,3120,9360,4.0,1.25,3-6 4-6 5-7,6.5,False,Sinner,Fritz T.,6,Fritz vs Sinner US Open 2024 highlights,Ycj5I3JKCT8,Jannik Sinner vs. Taylor Fritz Highlights | 2024 US Open Final,US Open Tennis Championships,2024-09-08T21:44:44Z,https://www.youtube.com/watch?v=Ycj5I3JKCT8,5,Sinner with a 92% win rate this year,984,2024-09-08T21:50:32Z,"{'neg': 0.0, 'neu': 0.648, 'pos': 0.352, 'compound': 0.5859}",0.0,0.648,0.352,0.5859,Positive
US Open,2024-09-08,Grand Slam,Outdoor,Hard,The Final,5,Fritz T.,Sinner J.,Sinner J.,12,1,3120,9360,4.0,1.25,3-6 4-6 5-7,6.5,False,Sinner,Fritz T.,6,Fritz vs Sinner US Open 2024 highlights,Ycj5I3JKCT8,Jannik Sinner vs. Taylor Fritz Highlights | 2024 US Open Final,US Open Tennis Championships,2024-09-08T21:44:44Z,https://www.youtube.com/watch?v=Ycj5I3JKCT8,6,"He deservedly won the second most important trophy of his career and played a great match. What is striking is his humility, even when he wins",288,2024-09-08T22:23:56Z,"{'neg': 0.0, 'neu': 0.568, 'pos': 0.432, 'compound': 0.9432}",0.0,0.568,0.432,0.9432,Positive
US Open,2024-09-08,Grand Slam,Outdoor,Hard,The Final,5,Fritz T.,Sinner J.,Sinner J.,12,1,3120,9360,4.0,1.25,3-6 4-6 5-7,6.5,False,Sinner,Fritz T.,6,Fritz vs Sinner US Open 2024 highlights,Ycj5I3JKCT8,Jannik Sinner vs. Taylor Fritz Highlights | 2024 US Open Final,US Open Tennis Championships,2024-09-08T21:44:44Z,https://www.youtube.com/watch?v=Ycj5I3JKCT8,7,This is the best way to shut the haters up. Go Sinner!,455,2024-09-08T21:46:42Z,"{'neg': 0.181, 'neu': 0.565, 'pos': 0.254, 'compound': 0.3164}",0.181,0.565,0.254,0.3164,Positive
US Open,2024-09-08,Grand Slam,Outdoor,Hard,The Final,5,Fritz T.,Sinner J.,Sinner J.,12,1,3120,9360,4.0,1.25,3-6 4-6 5-7,6.5,False,Sinner,Fritz T.,6,Fritz vs Sinner US Open 2024 highlights,Ycj5I3JKCT8,Jannik Sinner vs. Taylor Fritz Highlights | 2024 US Open Final,US Open Tennis Championships,2024-09-08T21:44:44Z,https://www.youtube.com/watch?v=Ycj5I3JKCT8,8,Sinner 🤝 Sabalebka both winning first and last slams of season ❤,283,2024-09-08T22:06:28Z,"{'neg': 0.0, 'neu': 0.591, 'pos': 0.409, 'compound': 0.8225}",0.0,0.591,0.409,0.8225,Positive
US Open,2024-09-08,Grand Slam,Outdoor,Hard,The Final,5,Fritz T.,Sinner J.,Sinner J.,12,1,3120,9360,4.0,1.25,3-6 4-6 5-7,6.5,False,Sinner,Fritz T.,6,Fritz vs Sinner US Open 2024 highlights,Ycj5I3JKCT8,Jannik Sinner vs. Taylor Fritz Highlights | 2024 US Open Final,US Open Tennis Championships,2024-09-08T21:44:44Z,https://www.youtube.com/watch?v=Ycj5I3JKCT8,9,"The Sinner is a most humble champion. Congratulations, Jannik.",129,2024-09-08T23:37:57Z,"{'neg': 0.0, 'neu': 0.456, 'pos': 0.544, 'compound': 0.8534}",0.0,0.456,0.544,0.8534,Positive
US Open,2024-09-08,Grand Slam,Outdoor,Hard,The Final,5,Fritz T.,Sinner J.,Sinner J.,12,1,3120,9360,4.0,1.25,3-6 4-6 5-7,6.5,False,Sinner,Fritz T.,6,Fritz vs Sinner US Open 2024 highlights,Ycj5I3JKCT8,Jannik Sinner vs. Taylor Fritz Highlights | 2024 US Open Final,US Open Tennis Championships,2024-09-08T21:44:44Z,https://www.youtube.com/watch?v=Ycj5I3JKCT8,10,2 grand slams in a year is a glorious achievement. Well played young Man! 👏🏻,18,2024-09-09T03:11:39Z,"{'neg': 0.0, 'neu': 0.556, 'pos': 0.444, 'compound': 0.8999}",0.0,0.556,0.444,0.8999,Positive
US Open,2024-09-08,Grand Slam,Outdoor,Hard,The Final,5,Fritz T.,Sinner J.,Sinner J.,12,1,3120,9360,4.0,1.25,3-6 4-6 5-7,6.5,False,Sinner,Fritz T.,6,Fritz vs Sinner US Open 2024 highlights,Ycj5I3JKCT8,Jannik Sinner vs. Taylor Fritz Highlights | 2024 US Open Final,US Open Tennis Championships,2024-09-08T21:44:44Z,https://www.youtube.com/watch?v=Ycj5I3JKCT8,11,I have no words. Totally speechless. Jannik Sinner completely dominated this tournament ✌️🏆🥕🎉,304,2024-09-08T21:47:44Z,"{'neg': 0.105, 'neu': 0.766, 'pos': 0.129, 'compound': 0.128}",0.105,0.766,0.129,0.128,Positive
US Open,2024-09-08,Grand Slam,Outdoor,Hard,The Final,5,Fritz T.,Sinner J.,Sinner J.,12,1,3120,9360,4.0,1.25,3-6 4-6 5-7,6.5,False,Sinner,Fritz T.,6,Fritz vs Sinner US Open 2024 highlights,Ycj5I3JKCT8,Jannik Sinner vs. Taylor Fritz Highlights | 2024 US Open Final,US Open Tennis Championships,2024-09-08T21:44:44Z,https://www.youtube.com/watch?v=Ycj5I3JKCT8,12,Forza Sinner!! Keep ignoring the haters and keep winning! You are the World #1 and now a 2x Grand Slam Champion!,381,2024-09-08T21:57:13Z,"{'neg': 0.243, 'neu': 0.429, 'pos': 0.328, 'compound': 0.6083}",0.243,0.429,0.328,0.6083,Positive
US Open,2024-09-08,Grand Slam,Outdoor,Hard,The Final,5,Fritz T.,Sinner J.,Sinner J.,12,1,3120,9360,4.0,1.25,3-6 4-6 5-7,6.5,False,Sinner,Fritz T.,6,Fritz vs Sinner US Open 2024 highlights,Ycj5I3JKCT8,Jannik Sinner vs. Taylor Fritz Highlights | 2024 US Open Final,US Open Tennis Championships,2024-09-08T21:44:44Z,https://www.youtube.com/watch?v=Ycj5I3JKCT8,13,"Thanks Kyrgios, you have awakened the lion in Sinner.",290,2024-09-08T22:37:43Z,"{'neg': 0.0, 'neu': 0.734, 'pos': 0.266, 'compound': 0.4404}",0.0,0.734,0.266,0.4404,Positive
US Open,2024-09-08,Grand Slam,Outdoor,Hard,The Final,5,Fritz T.,Sinner J.,Sinner J.,12,1,3120,9360,4.0,1.25,3-6 4-6 5-7,6.5,False,Sinner,Fritz T.,6,Fritz vs Sinner US Open 2024 highlights,Ycj5I3JKCT8,Jannik Sinner vs. Taylor Fritz Highlights | 2024 US Open Final,US Open Tennis Championships,2024-09-08T21:44:44Z,https://www.youtube.com/watch?v=Ycj5I3JKCT8,14,"Kyrgios that’s for you, when you don’t have the skills you just have jealousy left.",387,2024-09-08T21:49:25Z,"{'neg': 0.141, 'neu': 0.859, 'pos': 0.0, 'compound': -0.3182}",0.141,0.859,0.0,-0.3182,Negative
US Open,2024-09-08,Grand Slam,Outdoor,Hard,The Final,5,Fritz T.,Sinner J.,Sinner J.,12,1,3120,9360,4.0,1.25,3-6 4-6 5-7,6.5,False,Sinner,Fritz T.,6,Fritz vs Sinner US Open 2024 highlights,Ycj5I3JKCT8,Jannik Sinner vs. Taylor Fritz Highlights | 2024 US Open Final,US Open Tennis Championships,2024-09-08T21:44:44Z,https://www.youtube.com/watch?v=Ycj5I3JKCT8,15,"Grande Sinner, bellissima vittoria!",24,2024-09-08T21:57:44Z,"{'neg': 0.0, 'neu': 1.0, 'pos': 0.0, 'compound': 0.0}",0.0,1.0,0.0,0.0,Neutral
US Open,2024-09-08,Grand Slam,Outdoor,Hard,The Final,5,Fritz T.,Sinner J.,Sinner J.,12,1,3120,9360,4.0,1.25,3-6 4-6 5-7,6.5,False,Sinner,Fritz T.,6,Fritz vs Sinner US Open 2024 highlights,Ycj5I3JKCT8,Jannik Sinner vs. Taylor Fritz Highlights | 2024 US Open Final,US Open Tennis Championships,2024-09-08T21:44:44Z,https://www.youtube.com/watch?v=Ycj5I3JKCT8,16,"Great, well-deserved win for young Sinner, but congrats to Fritz as well for a great tournament.",15,2024-09-08T23:44:03Z,"{'neg': 0.0, 'neu': 0.381, 'pos': 0.619, 'compound': 0.9575}",0.0,0.381,0.619,0.9575,Positive
US Open,2024-09-08,Grand Slam,Outdoor,Hard,The Final,5,Fritz T.,Sinner J.,Sinner J.,12,1,3120,9360,4.0,1.25,3-6 4-6 5-7,6.5,False,Sinner,Fritz T.,6,Fritz vs Sinner US Open 2024 highlights,Ycj5I3JKCT8,Jannik Sinner vs. Taylor Fritz Highlights | 2024 US Open Final,US Open Tennis Championships,2024-09-08T21:44:44Z,https://www.youtube.com/watch?v=Ycj5I3JKCT8,17,不愧是球王，抗壓性太好了,9,2024-09-09T00:21:05Z,"{'neg': 0.0, 'neu': 1.0, 'pos': 0.0, 'compound': 0.0}",0.0,1.0,0.0,0.0,Neutral
US Open,2024-09-08,Grand Slam,Outdoor,Hard,The Final,5,Fritz T.,Sinner J.,Sinner J.,12,1,3120,9360,4.0,1.25,3-6 4-6 5-7,6.5,False,Sinner,Fritz T.,6,Fritz vs Sinner US Open 2024 highlights,Ycj5I3JKCT8,Jannik Sinner vs. Taylor Fritz Highlights | 2024 US Open Final,US Open Tennis Championships,2024-09-08T21:44:44Z,https://www.youtube.com/watch?v=Ycj5I3JKCT8,18,You dominated Jannik❤ and the haters are in tears 😂,9,2024-09-09T00:41:07Z,"{'neg': 0.269, 'neu': 0.423, 'pos': 0.308, 'compound': 0.4588}",0.269,0.423,0.308,0.4588,Positive
US Open,2024-09-08,Grand Slam,Outdoor,Hard,The Final,5,Fritz T.,Sinner J.,Sinner J.,12,1,3120,9360,4.0,1.25,3-6 4-6 5-7,6.5,False,Sinner,Fritz T.,6,Fritz vs Sinner US Open 2024 highlights,Ycj5I3JKCT8,Jannik Sinner vs. Taylor Fritz Highlights | 2024 US Open Final,US Open Tennis Championships,2024-09-08T21:44:44Z,https://www.youtube.com/watch?v=Ycj5I3JKCT8,19,Sinner is a force at this point.,8,2024-09-09T01:22:11Z,"{'neg': 0.0, 'neu': 1.0, 'pos': 0.0, 'compound': 0.0}",0.0,1.0,0.0,0.0,Neutral
US Open,2024-09-08,Grand Slam,Outdoor,Hard,The Final,5,Fritz T.,Sinner J.,Sinner J.,12,1,3120,9360,4.0,1.25,3-6 4-6 5-7,6.5,False,Sinner,Fritz T.,6,Fritz vs Sinner US Open 2024 highlights,Ycj5I3JKCT8,Jannik Sinner vs. Taylor Fritz Highlights | 2024 US Open Final,US Open Tennis Championships,2024-09-08T21:44:44Z,https://www.youtube.com/watch?v=Ycj5I3JKCT8,20,Grazie Sinner per il campione che sei dentro e fuori il campo.,5,2024-09-09T07:13:17Z,"{'neg': 0.0, 'neu': 1.0, 'pos': 0.0, 'compound': 0.0}",0.0,1.0,0.0,0.0,Neutral
US Open,2024-09-08,Grand Slam,Outdoor,Hard,The Final,5,Fritz T.,Sinner J.,Sinner J.,12,1,3120,9360,4.0,1.25,3-6 4-6 5-7,6.5,False,Sinner,Fritz T.,6,Fritz vs Sinner US Open 2024 highlights,Ycj5I3JKCT8,Jannik Sinner vs. Taylor Fritz Highlights | 2024 US Open Final,US Open Tennis Championships,2024-09-08T21:44:44Z,https://www.youtube.com/watch?v=Ycj5I3JKCT8,21,"Congratulations Sinner! The player with the most consistent level at the tournament by far and in the final he showed he was just one number too big for Fritz. Well deserved 🥕 
Looking forward to the rivalry with Alcaraz in the years to come 🎾✨",216,2024-09-08T21:48:56Z,"{'neg': 0.0, 'neu': 0.809, 'pos': 0.191, 'compound': 0.8356}",0.0,0.809,0.191,0.8356,Positive
US Open,2024-09-08,Grand Slam,Outdoor,Hard,The Final,5,Fritz T.,Sinner J.,Sinner J.,12,1,3120,9360,4.0,1.25,3-6 4-6 5-7,6.5,False,Sinner,Fritz T.,6,Fritz vs Sinner US Open 2024 highlights,Ycj5I3JKCT8,Jannik Sinner vs. Taylor Fritz Highlights | 2024 US Open Final,US Open Tennis Championships,2024-09-08T21:44:44Z,https://www.youtube.com/watch?v=Ycj5I3JKCT8,22,"How many years since the big 3 haven’t won a single slam in an year??
2 for sinner,2 for Alcaraz,the new era is officially here!!",7,2024-09-09T11:45:38Z,"{'neg': 0.086, 'neu': 0.76, 'pos': 0.154, 'compound': 0.4667}",0.086,0.76,0.154,0.4667,Positive
US Open,2024-09-08,Grand Slam,Outdoor,Hard,The Final,5,Fritz T.,Sinner J.,Sinner J.,12,1,3120,9360,4.0,1.25,3-6 4-6 5-7,6.5,False,Sinner,Fritz T.,6,Fritz vs Sinner US Open 2024 highlights,Ycj5I3JKCT8,Jannik Sinner vs. Taylor Fritz Highlights | 2024 US Open Final,US Open Tennis Championships,2024-09-08T21:44:44Z,https://www.youtube.com/watch?v=Ycj5I3JKCT8,23,"Fritz has no weapons against Sinner, playing the same style when Sinner moves better and is more consistent in a baseline to baseline strikes can't bring the success.",120,2024-09-08T22:25:52Z,"{'neg': 0.154, 'neu': 0.646, 'pos': 0.2, 'compound': 0.1551}",0.154,0.646,0.2,0.1551,Positive
US Open,2024-09-08,Grand Slam,Outdoor,Hard,The Final,5,Fritz T.,Sinner J.,Sinner J.,12,1,3120,9360,4.0,1.25,3-6 4-6 5-7,6.5,False,Sinner,Fritz T.,6,Fritz vs Sinner US Open 2024 highlights,Ycj5I3JKCT8,Jannik Sinner vs. Taylor Fritz Highlights | 2024 US Open Final,US Open Tennis Championships,2024-09-08T21:44:44Z,https://www.youtube.com/watch?v=Ycj5I3JKCT8,24,"Congrats to Sinner, the well-deserved champion, and to Fritz for his run to make it here. The outcome of this match was simply the difference in level of play between the world #1 and world #7",13,2024-09-08T23:57:00Z,"{'neg': 0.0, 'neu': 0.773, 'pos': 0.227, 'compound': 0.8658}",0.0,0.773,0.227,0.8658,Positive
US Open,2024-09-08,Grand Slam,Outdoor,Hard,The Final,5,Fritz T.,Sinner J.,Sinner J.,12,1,3120,9360,4.0,1.25,3-6 4-6 5-7,6.5,False,Sinner,Fritz T.,6,Fritz vs Sinner US Open 2024 highlights,Ycj5I3JKCT8,Jannik Sinner vs. Taylor Fritz Highlights | 2024 US Open Final,US Open Tennis Championships,2024-09-08T21:44:44Z,https://www.youtube.com/watch?v=Ycj5I3JKCT8,25,Congrats Sinner on an exceptional tournament and being crowned the 2024 US Open mens champion. It was well deserved and you played an incredible match.,61,2024-09-08T22:23:00Z,"{'neg': 0.0, 'neu': 0.64, 'pos': 0.36, 'compound': 0.8957}",0.0,0.64,0.36,0.8957,Positive
Wimbledon,2025-07-11,Grand Slam,Outdoor,Grass,Semifinals,5,Fritz T.,Alcaraz C.,Alcaraz C.,5,2,4635,9300,4.75,1.17,4-6 7-5 3-6 6-7,3.5,False,Alcaraz,Fritz T.,8,Fritz vs Alcaraz Wimbledon 2025 highlights,CX301bUuIJA,VAMOS Carlos! | Taylor Fritz vs Carlos Alcaraz | Extended Highlights | Wimbledon 2025,Wimbledon,2025-07-11T16:28:08Z,https://www.youtube.com/watch?v=CX301bUuIJA,1,"Props to Fritz for making this match closer than I thought it would be. His game has improved significantly in the past year. Unfortunately for Fritz, Alcaraz and Sinner keep getting better as well and are just on another level compared to everyone else.",458,2025-07-11T17:08:06Z,"{'neg': 0.048, 'neu': 0.792, 'pos': 0.16, 'compound': 0.6908}",0.048,0.792,0.16,0.6908,Positive
Wimbledon,2025-07-11,Grand Slam,Outdoor,Grass,Semifinals,5,Fritz T.,Alcaraz C.,Alcaraz C.,5,2,4635,9300,4.75,1.17,4-6 7-5 3-6 6-7,3.5,False,Alcaraz,Fritz T.,8,Fritz vs Alcaraz Wimbledon 2025 highlights,CX301bUuIJA,VAMOS Carlos! | Taylor Fritz vs Carlos Alcaraz | Extended Highlights | Wimbledon 2025,Wimbledon,2025-07-11T16:28:08Z,https://www.youtube.com/watch?v=CX301bUuIJA,2,Carlos's cross court volley drop shots are pretty sick. I don't think the average person realizes how difficult that is to do consistently off a big ball from Fritz. Carlos makes it look like a routine shot.,144,2025-07-11T19:29:37Z,"{'neg': 0.173, 'neu': 0.702, 'pos': 0.125, 'compound': -0.296}",0.173,0.702,0.125,-0.296,Negative
Wimbledon,2025-07-11,Grand Slam,Outdoor,Grass,Semifinals,5,Fritz T.,Alcaraz C.,Alcaraz C.,5,2,4635,9300,4.75,1.17,4-6 7-5 3-6 6-7,3.5,False,Alcaraz,Fritz T.,8,Fritz vs Alcaraz Wimbledon 2025 highlights,CX301bUuIJA,VAMOS Carlos! | Taylor Fritz vs Carlos Alcaraz | Extended Highlights | Wimbledon 2025,Wimbledon,2025-07-11T16:28:08Z,https://www.youtube.com/watch?v=CX301bUuIJA,3,Alcaraz's drop shots are brilliant! Drop shots win him many points and saves him a lot of energy. That's a huge advantage in this sport.,153,2025-07-11T19:07:31Z,"{'neg': 0.115, 'neu': 0.493, 'pos': 0.392, 'compound': 0.8777}",0.115,0.493,0.392,0.8777,Positive
Wimbledon,2025-07-11,Grand Slam,Outdoor,Grass,Semifinals,5,Fritz T.,Alcaraz C.,Alcaraz C.,5,2,4635,9300,4.75,1.17,4-6 7-5 3-6 6-7,3.5,False,Alcaraz,Fritz T.,8,Fritz vs Alcaraz Wimbledon 2025 highlights,CX301bUuIJA,VAMOS Carlos! | Taylor Fritz vs Carlos Alcaraz | Extended Highlights | Wimbledon 2025,Wimbledon,2025-07-11T16:28:08Z,https://www.youtube.com/watch?v=CX301bUuIJA,4,Alcaraz won with finesse but it was a real battle. What an outstanding bout.,56,2025-07-11T18:19:05Z,"{'neg': 0.153, 'neu': 0.494, 'pos': 0.353, 'compound': 0.6652}",0.153,0.494,0.353,0.6652,Positive
Wimbledon,2025-07-11,Grand Slam,Outdoor,Grass,Semifinals,5,Fritz T.,Alcaraz C.,Alcaraz C.,5,2,4635,9300,4.75,1.17,4-6 7-5 3-6 6-7,3.5,False,Alcaraz,Fritz T.,8,Fritz vs Alcaraz Wimbledon 2025 highlights,CX301bUuIJA,VAMOS Carlos! | Taylor Fritz vs Carlos Alcaraz | Extended Highlights | Wimbledon 2025,Wimbledon,2025-07-11T16:28:08Z,https://www.youtube.com/watch?v=CX301bUuIJA,5,"Great battle from Fritz. Alcaraz exploited his only weakness: his lack of footspeed. Fritz has made improvements on his movement in the past year, but he seemed a bit flat-footed here, as if two weeks of fighting had left him gassed. Being the fighter he is, he still gave Carlos a good battle. Nice tournament for the American.",38,2025-07-11T20:11:16Z,"{'neg': 0.188, 'neu': 0.63, 'pos': 0.183, 'compound': 0.1655}",0.188,0.63,0.183,0.1655,Positive
Wimbledon,2025-07-11,Grand Slam,Outdoor,Grass,Semifinals,5,Fritz T.,Alcaraz C.,Alcaraz C.,5,2,4635,9300,4.75,1.17,4-6 7-5 3-6 6-7,3.5,False,Alcaraz,Fritz T.,8,Fritz vs Alcaraz Wimbledon 2025 highlights,CX301bUuIJA,VAMOS Carlos! | Taylor Fritz vs Carlos Alcaraz | Extended Highlights | Wimbledon 2025,Wimbledon,2025-07-11T16:28:08Z,https://www.youtube.com/watch?v=CX301bUuIJA,6,"I'm an old guy, who has enjoyed watching Wimbledon matches since, the 1970's. I don't recall seeing such consistently  tremendous drop-shots on the men's side, from any top player over the years. These shots are more difficult for any opponent to overcome (on grass) given the lower ""bounce""  - Carlos has made this grass play look easy. His overheads are great too. What's not to like?",60,2025-07-11T21:58:24Z,"{'neg': 0.089, 'neu': 0.729, 'pos': 0.182, 'compound': 0.8125}",0.089,0.729,0.182,0.8125,Positive
Wimbledon,2025-07-11,Grand Slam,Outdoor,Grass,Semifinals,5,Fritz T.,Alcaraz C.,Alcaraz C.,5,2,4635,9300,4.75,1.17,4-6 7-5 3-6 6-7,3.5,False,Alcaraz,Fritz T.,8,Fritz vs Alcaraz Wimbledon 2025 highlights,CX301bUuIJA,VAMOS Carlos! | Taylor Fritz vs Carlos Alcaraz | Extended Highlights | Wimbledon 2025,Wimbledon,2025-07-11T16:28:08Z,https://www.youtube.com/watch?v=CX301bUuIJA,7,Alcaraz is a Cheetah with a Sledgehammer and a Scalpel.,32,2025-07-11T20:25:09Z,"{'neg': 0.0, 'neu': 1.0, 'pos': 0.0, 'compound': 0.0}",0.0,1.0,0.0,0.0,Neutral
Wimbledon,2025-07-11,Grand Slam,Outdoor,Grass,Semifinals,5,Fritz T.,Alcaraz C.,Alcaraz C.,5,2,4635,9300,4.75,1.17,4-6 7-5 3-6 6-7,3.5,False,Alcaraz,Fritz T.,8,Fritz vs Alcaraz Wimbledon 2025 highlights,CX301bUuIJA,VAMOS Carlos! | Taylor Fritz vs Carlos Alcaraz | Extended Highlights | Wimbledon 2025,Wimbledon,2025-07-11T16:28:08Z,https://www.youtube.com/watch?v=CX301bUuIJA,8,"Wowza. Scary thing is, Fritz played VERY well. Nowhere near enough though. Next level tennis.",12,2025-07-12T01:29:54Z,"{'neg': 0.154, 'neu': 0.579, 'pos': 0.267, 'compound': 0.3239}",0.154,0.579,0.267,0.3239,Positive
Wimbledon,2025-07-11,Grand Slam,Outdoor,Grass,Semifinals,5,Fritz T.,Alcaraz C.,Alcaraz C.,5,2,4635,9300,4.75,1.17,4-6 7-5 3-6 6-7,3.5,False,Alcaraz,Fritz T.,8,Fritz vs Alcaraz Wimbledon 2025 highlights,CX301bUuIJA,VAMOS Carlos! | Taylor Fritz vs Carlos Alcaraz | Extended Highlights | Wimbledon 2025,Wimbledon,2025-07-11T16:28:08Z,https://www.youtube.com/watch?v=CX301bUuIJA,9,Alcaraz' drop shots and drop volleys are so hard to deal with. He and Sinner are in a different league. Fritz's serve impressed me this tournament. I remember the days when a path to the net would be chewed up as or more than the baseline. Perhaps Taylor's team should take note. Great match!,15,2025-07-11T23:36:55Z,"{'neg': 0.097, 'neu': 0.783, 'pos': 0.12, 'compound': 0.5308}",0.097,0.783,0.12,0.5308,Positive
Wimbledon,2025-07-11,Grand Slam,Outdoor,Grass,Semifinals,5,Fritz T.,Alcaraz C.,Alcaraz C.,5,2,4635,9300,4.75,1.17,4-6 7-5 3-6 6-7,3.5,False,Alcaraz,Fritz T.,8,Fritz vs Alcaraz Wimbledon 2025 highlights,CX301bUuIJA,VAMOS Carlos! | Taylor Fritz vs Carlos Alcaraz | Extended Highlights | Wimbledon 2025,Wimbledon,2025-07-11T16:28:08Z,https://www.youtube.com/watch?v=CX301bUuIJA,10,Alcaraz is the best shotmaker I’ve ever seen. So creative and unpredictable. THREE-PEAT,87,2025-07-11T19:00:45Z,"{'neg': 0.0, 'neu': 0.581, 'pos': 0.419, 'compound': 0.8377}",0.0,0.581,0.419,0.8377,Positive
Wimbledon,2025-07-11,Grand Slam,Outdoor,Grass,Semifinals,5,Fritz T.,Alcaraz C.,Alcaraz C.,5,2,4635,9300,4.75,1.17,4-6 7-5 3-6 6-7,3.5,False,Alcaraz,Fritz T.,8,Fritz vs Alcaraz Wimbledon 2025 highlights,CX301bUuIJA,VAMOS Carlos! | Taylor Fritz vs Carlos Alcaraz | Extended Highlights | Wimbledon 2025,Wimbledon,2025-07-11T16:28:08Z,https://www.youtube.com/watch?v=CX301bUuIJA,11,future GOAT,9,2025-07-11T19:21:31Z,"{'neg': 0.0, 'neu': 1.0, 'pos': 0.0, 'compound': 0.0}",0.0,1.0,0.0,0.0,Neutral
Wimbledon,2025-07-11,Grand Slam,Outdoor,Grass,Semifinals,5,Fritz T.,Alcaraz C.,Alcaraz C.,5,2,4635,9300,4.75,1.17,4-6 7-5 3-6 6-7,3.5,False,Alcaraz,Fritz T.,8,Fritz vs Alcaraz Wimbledon 2025 highlights,CX301bUuIJA,VAMOS Carlos! | Taylor Fritz vs Carlos Alcaraz | Extended Highlights | Wimbledon 2025,Wimbledon,2025-07-11T16:28:08Z,https://www.youtube.com/watch?v=CX301bUuIJA,12,Closer than I think a lot of people thought it would be. Fritz is getting better I think he needs to add/improve a few more weapons within his arsenal relative to his opponents and we’ll start to see some more upsets. He seemed to be exploiting a few weaknesses from what I saw,71,2025-07-11T17:41:25Z,"{'neg': 0.183, 'neu': 0.771, 'pos': 0.047, 'compound': -0.8169}",0.183,0.771,0.047,-0.8169,Negative
Wimbledon,2025-07-11,Grand Slam,Outdoor,Grass,Semifinals,5,Fritz T.,Alcaraz C.,Alcaraz C.,5,2,4635,9300,4.75,1.17,4-6 7-5 3-6 6-7,3.5,False,Alcaraz,Fritz T.,8,Fritz vs Alcaraz Wimbledon 2025 highlights,CX301bUuIJA,VAMOS Carlos! | Taylor Fritz vs Carlos Alcaraz | Extended Highlights | Wimbledon 2025,Wimbledon,2025-07-11T16:28:08Z,https://www.youtube.com/watch?v=CX301bUuIJA,13,Creativity! Like a Picasso on the Tennis court!,7,2025-07-11T20:18:01Z,"{'neg': 0.0, 'neu': 0.514, 'pos': 0.486, 'compound': 0.6892}",0.0,0.514,0.486,0.6892,Positive
Wimbledon,2025-07-11,Grand Slam,Outdoor,Grass,Semifinals,5,Fritz T.,Alcaraz C.,Alcaraz C.,5,2,4635,9300,4.75,1.17,4-6 7-5 3-6 6-7,3.5,False,Alcaraz,Fritz T.,8,Fritz vs Alcaraz Wimbledon 2025 highlights,CX301bUuIJA,VAMOS Carlos! | Taylor Fritz vs Carlos Alcaraz | Extended Highlights | Wimbledon 2025,Wimbledon,2025-07-11T16:28:08Z,https://www.youtube.com/watch?v=CX301bUuIJA,14,"Fritz played a great match, just couldnt convert there in the tiebreak. Credit to Alcaraz for the really good returning during that point too",48,2025-07-11T16:47:23Z,"{'neg': 0.0, 'neu': 0.619, 'pos': 0.381, 'compound': 0.9061}",0.0,0.619,0.381,0.9061,Positive
Wimbledon,2025-07-11,Grand Slam,Outdoor,Grass,Semifinals,5,Fritz T.,Alcaraz C.,Alcaraz C.,5,2,4635,9300,4.75,1.17,4-6 7-5 3-6 6-7,3.5,False,Alcaraz,Fritz T.,8,Fritz vs Alcaraz Wimbledon 2025 highlights,CX301bUuIJA,VAMOS Carlos! | Taylor Fritz vs Carlos Alcaraz | Extended Highlights | Wimbledon 2025,Wimbledon,2025-07-11T16:28:08Z,https://www.youtube.com/watch?v=CX301bUuIJA,15,Alcaraz is a something special..someone who could excel in any given outdoor sport...individual or group event...he would be the MVP in any sport he chooses to play!! Thanks for choosing TENNIS!  ❤,5,2025-07-11T21:14:40Z,"{'neg': 0.0, 'neu': 0.684, 'pos': 0.316, 'compound': 0.9243}",0.0,0.684,0.316,0.9243,Positive
Wimbledon,2025-07-11,Grand Slam,Outdoor,Grass,Semifinals,5,Fritz T.,Alcaraz C.,Alcaraz C.,5,2,4635,9300,4.75,1.17,4-6 7-5 3-6 6-7,3.5,False,Alcaraz,Fritz T.,8,Fritz vs Alcaraz Wimbledon 2025 highlights,CX301bUuIJA,VAMOS Carlos! | Taylor Fritz vs Carlos Alcaraz | Extended Highlights | Wimbledon 2025,Wimbledon,2025-07-11T16:28:08Z,https://www.youtube.com/watch?v=CX301bUuIJA,16,Alcaraz's racquet is truly an extension of his natural arm. Crazy.,3,2025-07-11T21:19:21Z,"{'neg': 0.152, 'neu': 0.506, 'pos': 0.342, 'compound': 0.4588}",0.152,0.506,0.342,0.4588,Positive
Wimbledon,2025-07-11,Grand Slam,Outdoor,Grass,Semifinals,5,Fritz T.,Alcaraz C.,Alcaraz C.,5,2,4635,9300,4.75,1.17,4-6 7-5 3-6 6-7,3.5,False,Alcaraz,Fritz T.,8,Fritz vs Alcaraz Wimbledon 2025 highlights,CX301bUuIJA,VAMOS Carlos! | Taylor Fritz vs Carlos Alcaraz | Extended Highlights | Wimbledon 2025,Wimbledon,2025-07-11T16:28:08Z,https://www.youtube.com/watch?v=CX301bUuIJA,17,It's magic watching Carlos Alcaraz playing! VAMOS! 👏👏👏🇪🇦🇪🇦🇪🇦,2,2025-07-12T00:21:30Z,"{'neg': 0.0, 'neu': 0.834, 'pos': 0.166, 'compound': 0.3365}",0.0,0.834,0.166,0.3365,Positive
Wimbledon,2025-07-11,Grand Slam,Outdoor,Grass,Semifinals,5,Fritz T.,Alcaraz C.,Alcaraz C.,5,2,4635,9300,4.75,1.17,4-6 7-5 3-6 6-7,3.5,False,Alcaraz,Fritz T.,8,Fritz vs Alcaraz Wimbledon 2025 highlights,CX301bUuIJA,VAMOS Carlos! | Taylor Fritz vs Carlos Alcaraz | Extended Highlights | Wimbledon 2025,Wimbledon,2025-07-11T16:28:08Z,https://www.youtube.com/watch?v=CX301bUuIJA,18,"Vamoos carlitooos, let's go for the 3rd in a row",34,2025-07-11T16:55:55Z,"{'neg': 0.0, 'neu': 1.0, 'pos': 0.0, 'compound': 0.0}",0.0,1.0,0.0,0.0,Neutral
Wimbledon,2025-07-11,Grand Slam,Outdoor,Grass,Semifinals,5,Fritz T.,Alcaraz C.,Alcaraz C.,5,2,4635,9300,4.75,1.17,4-6 7-5 3-6 6-7,3.5,False,Alcaraz,Fritz T.,8,Fritz vs Alcaraz Wimbledon 2025 highlights,CX301bUuIJA,VAMOS Carlos! | Taylor Fritz vs Carlos Alcaraz | Extended Highlights | Wimbledon 2025,Wimbledon,2025-07-11T16:28:08Z,https://www.youtube.com/watch?v=CX301bUuIJA,19,In this form no body can stop Carlos Alcaraz,32,2025-07-11T17:55:10Z,"{'neg': 0.386, 'neu': 0.614, 'pos': 0.0, 'compound': -0.5267}",0.386,0.614,0.0,-0.5267,Negative
Wimbledon,2025-07-11,Grand Slam,Outdoor,Grass,Semifinals,5,Fritz T.,Alcaraz C.,Alcaraz C.,5,2,4635,9300,4.75,1.17,4-6 7-5 3-6 6-7,3.5,False,Alcaraz,Fritz T.,8,Fritz vs Alcaraz Wimbledon 2025 highlights,CX301bUuIJA,VAMOS Carlos! | Taylor Fritz vs Carlos Alcaraz | Extended Highlights | Wimbledon 2025,Wimbledon,2025-07-11T16:28:08Z,https://www.youtube.com/watch?v=CX301bUuIJA,20,"Alcaras definitely has a chance of winning the finals, he is in top form and also a fighter",4,2025-07-11T21:56:41Z,"{'neg': 0.0, 'neu': 0.531, 'pos': 0.469, 'compound': 0.8591}",0.0,0.531,0.469,0.8591,Positive
Wimbledon,2025-07-11,Grand Slam,Outdoor,Grass,Semifinals,5,Fritz T.,Alcaraz C.,Alcaraz C.,5,2,4635,9300,4.75,1.17,4-6 7-5 3-6 6-7,3.5,False,Alcaraz,Fritz T.,8,Fritz vs Alcaraz Wimbledon 2025 highlights,CX301bUuIJA,VAMOS Carlos! | Taylor Fritz vs Carlos Alcaraz | Extended Highlights | Wimbledon 2025,Wimbledon,2025-07-11T16:28:08Z,https://www.youtube.com/watch?v=CX301bUuIJA,21,Alcaraz just too good,5,2025-07-11T17:57:18Z,"{'neg': 0.0, 'neu': 0.508, 'pos': 0.492, 'compound': 0.4404}",0.0,0.508,0.492,0.4404,Positive
Wimbledon,2025-07-11,Grand Slam,Outdoor,Grass,Semifinals,5,Fritz T.,Alcaraz C.,Alcaraz C.,5,2,4635,9300,4.75,1.17,4-6 7-5 3-6 6-7,3.5,False,Alcaraz,Fritz T.,8,Fritz vs Alcaraz Wimbledon 2025 highlights,CX301bUuIJA,VAMOS Carlos! | Taylor Fritz vs Carlos Alcaraz | Extended Highlights | Wimbledon 2025,Wimbledon,2025-07-11T16:28:08Z,https://www.youtube.com/watch?v=CX301bUuIJA,22,Carlos tends to play the energy he’s given. He was expecting the old Fritz. He had to adjust quickly. Anyway please play well Sunday. Vamos! ❤🎉,3,2025-07-12T01:58:08Z,"{'neg': 0.0, 'neu': 0.543, 'pos': 0.457, 'compound': 0.9476}",0.0,0.543,0.457,0.9476,Positive
Wimbledon,2025-07-11,Grand Slam,Outdoor,Grass,Semifinals,5,Fritz T.,Alcaraz C.,Alcaraz C.,5,2,4635,9300,4.75,1.17,4-6 7-5 3-6 6-7,3.5,False,Alcaraz,Fritz T.,8,Fritz vs Alcaraz Wimbledon 2025 highlights,CX301bUuIJA,VAMOS Carlos! | Taylor Fritz vs Carlos Alcaraz | Extended Highlights | Wimbledon 2025,Wimbledon,2025-07-11T16:28:08Z,https://www.youtube.com/watch?v=CX301bUuIJA,23,"Alcaraz’s drop volley’s are unbelievable! Like Agassi said (after hitting a crazy good drop backhand volley), “that’s easier for him to make than a block open court backhand volley.” 

He hits them so much & so well that players should cover short & force him to consistently hit deep volleys.",11,2025-07-11T22:08:38Z,"{'neg': 0.15, 'neu': 0.645, 'pos': 0.205, 'compound': 0.5474}",0.15,0.645,0.205,0.5474,Positive
Wimbledon,2025-07-11,Grand Slam,Outdoor,Grass,Semifinals,5,Fritz T.,Alcaraz C.,Alcaraz C.,5,2,4635,9300,4.75,1.17,4-6 7-5 3-6 6-7,3.5,False,Alcaraz,Fritz T.,8,Fritz vs Alcaraz Wimbledon 2025 highlights,CX301bUuIJA,VAMOS Carlos! | Taylor Fritz vs Carlos Alcaraz | Extended Highlights | Wimbledon 2025,Wimbledon,2025-07-11T16:28:08Z,https://www.youtube.com/watch?v=CX301bUuIJA,24,Hats off to Fritz for making this game close,1,2025-07-12T01:34:20Z,"{'neg': 0.0, 'neu': 1.0, 'pos': 0.0, 'compound': 0.0}",0.0,1.0,0.0,0.0,Neutral
Wimbledon,2025-07-11,Grand Slam,Outdoor,Grass,Semifinals,5,Fritz T.,Alcaraz C.,Alcaraz C.,5,2,4635,9300,4.75,1.17,4-6 7-5 3-6 6-7,3.5,False,Alcaraz,Fritz T.,8,Fritz vs Alcaraz Wimbledon 2025 highlights,CX301bUuIJA,VAMOS Carlos! | Taylor Fritz vs Carlos Alcaraz | Extended Highlights | Wimbledon 2025,Wimbledon,2025-07-11T16:28:08Z,https://www.youtube.com/watch?v=CX301bUuIJA,25,"Incredible drop volleys by Carlos, just out classed Fritz.   Supremely confident playing.   Going to be a great final.

Team Fritz will be going to the drawing board trying to conjure up a strategy to get him over the finish line.   Hope he can elevate his game.",39,2025-07-11T16:57:29Z,"{'neg': 0.041, 'neu': 0.689, 'pos': 0.27, 'compound': 0.9233}",0.041,0.689,0.27,0.9233,Positive
French Open,2025-06-03,Grand Slam,Outdoor,Clay,Quarterfinals,5,Alcaraz C.,Paul T.,Alcaraz C.,2,12,8850,3210,1.08,8.0,6-0 6-1 6-4,7.0,False,Alcaraz,Paul T.,9,Alcaraz vs Paul French Open 2025 highlights,GVqlb1BxFaM,Carlos Alcaraz vs Tommy Paul - FULL Quarterfinal Highlights | Roland Garros 2025,House of Highlights,2025-06-03T20:24:50Z,https://www.youtube.com/watch?v=GVqlb1BxFaM,1,Paul got hit by a truck tonight.,728,2025-06-03T20:35:56Z,"{'neg': 0.0, 'neu': 1.0, 'pos': 0.0, 'compound': 0.0}",0.0,1.0,0.0,0.0,Neutral
French Open,2025-06-03,Grand Slam,Outdoor,Clay,Quarterfinals,5,Alcaraz C.,Paul T.,Alcaraz C.,2,12,8850,3210,1.08,8.0,6-0 6-1 6-4,7.0,False,Alcaraz,Paul T.,9,Alcaraz vs Paul French Open 2025 highlights,GVqlb1BxFaM,Carlos Alcaraz vs Tommy Paul - FULL Quarterfinal Highlights | Roland Garros 2025,House of Highlights,2025-06-03T20:24:50Z,https://www.youtube.com/watch?v=GVqlb1BxFaM,2,Alcaraz and Sinner just feel above everyone else in this tournament...,855,2025-06-03T20:27:15Z,"{'neg': 0.0, 'neu': 1.0, 'pos': 0.0, 'compound': 0.0}",0.0,1.0,0.0,0.0,Neutral
French Open,2025-06-03,Grand Slam,Outdoor,Clay,Quarterfinals,5,Alcaraz C.,Paul T.,Alcaraz C.,2,12,8850,3210,1.08,8.0,6-0 6-1 6-4,7.0,False,Alcaraz,Paul T.,9,Alcaraz vs Paul French Open 2025 highlights,GVqlb1BxFaM,Carlos Alcaraz vs Tommy Paul - FULL Quarterfinal Highlights | Roland Garros 2025,House of Highlights,2025-06-03T20:24:50Z,https://www.youtube.com/watch?v=GVqlb1BxFaM,3,Both women's matches were longer than this. That's how dominant Carlos was.,451,2025-06-03T20:32:21Z,"{'neg': 0.0, 'neu': 1.0, 'pos': 0.0, 'compound': 0.0}",0.0,1.0,0.0,0.0,Neutral
French Open,2025-06-03,Grand Slam,Outdoor,Clay,Quarterfinals,5,Alcaraz C.,Paul T.,Alcaraz C.,2,12,8850,3210,1.08,8.0,6-0 6-1 6-4,7.0,False,Alcaraz,Paul T.,9,Alcaraz vs Paul French Open 2025 highlights,GVqlb1BxFaM,Carlos Alcaraz vs Tommy Paul - FULL Quarterfinal Highlights | Roland Garros 2025,House of Highlights,2025-06-03T20:24:50Z,https://www.youtube.com/watch?v=GVqlb1BxFaM,4,"So polite Carlos at the end, like ""sorry man, it was not my intention...""",415,2025-06-03T20:31:36Z,"{'neg': 0.082, 'neu': 0.759, 'pos': 0.158, 'compound': 0.296}",0.082,0.759,0.158,0.296,Positive
French Open,2025-06-03,Grand Slam,Outdoor,Clay,Quarterfinals,5,Alcaraz C.,Paul T.,Alcaraz C.,2,12,8850,3210,1.08,8.0,6-0 6-1 6-4,7.0,False,Alcaraz,Paul T.,9,Alcaraz vs Paul French Open 2025 highlights,GVqlb1BxFaM,Carlos Alcaraz vs Tommy Paul - FULL Quarterfinal Highlights | Roland Garros 2025,House of Highlights,2025-06-03T20:24:50Z,https://www.youtube.com/watch?v=GVqlb1BxFaM,5,What I just saw was not normal. This man is not human. He just made and exceptionally talented player look average.,587,2025-06-03T20:42:36Z,"{'neg': 0.0, 'neu': 0.848, 'pos': 0.152, 'compound': 0.5563}",0.0,0.848,0.152,0.5563,Positive
French Open,2025-06-03,Grand Slam,Outdoor,Clay,Quarterfinals,5,Alcaraz C.,Paul T.,Alcaraz C.,2,12,8850,3210,1.08,8.0,6-0 6-1 6-4,7.0,False,Alcaraz,Paul T.,9,Alcaraz vs Paul French Open 2025 highlights,GVqlb1BxFaM,Carlos Alcaraz vs Tommy Paul - FULL Quarterfinal Highlights | Roland Garros 2025,House of Highlights,2025-06-03T20:24:50Z,https://www.youtube.com/watch?v=GVqlb1BxFaM,6,Carlos is literally from a different planet.,223,2025-06-03T20:37:44Z,"{'neg': 0.0, 'neu': 1.0, 'pos': 0.0, 'compound': 0.0}",0.0,1.0,0.0,0.0,Neutral
French Open,2025-06-03,Grand Slam,Outdoor,Clay,Quarterfinals,5,Alcaraz C.,Paul T.,Alcaraz C.,2,12,8850,3210,1.08,8.0,6-0 6-1 6-4,7.0,False,Alcaraz,Paul T.,9,Alcaraz vs Paul French Open 2025 highlights,GVqlb1BxFaM,Carlos Alcaraz vs Tommy Paul - FULL Quarterfinal Highlights | Roland Garros 2025,House of Highlights,2025-06-03T20:24:50Z,https://www.youtube.com/watch?v=GVqlb1BxFaM,7,Alcaraz played like Thanos for the 1st 2 sets.  But he exhibited some mercy in the final set.,115,2025-06-03T21:06:51Z,"{'neg': 0.0, 'neu': 0.691, 'pos': 0.309, 'compound': 0.6908}",0.0,0.691,0.309,0.6908,Positive
French Open,2025-06-03,Grand Slam,Outdoor,Clay,Quarterfinals,5,Alcaraz C.,Paul T.,Alcaraz C.,2,12,8850,3210,1.08,8.0,6-0 6-1 6-4,7.0,False,Alcaraz,Paul T.,9,Alcaraz vs Paul French Open 2025 highlights,GVqlb1BxFaM,Carlos Alcaraz vs Tommy Paul - FULL Quarterfinal Highlights | Roland Garros 2025,House of Highlights,2025-06-03T20:24:50Z,https://www.youtube.com/watch?v=GVqlb1BxFaM,8,Unstoppable Alcaraz. Polite and respectful to his opponent,57,2025-06-03T20:48:42Z,"{'neg': 0.167, 'neu': 0.556, 'pos': 0.278, 'compound': 0.296}",0.167,0.556,0.278,0.296,Positive
French Open,2025-06-03,Grand Slam,Outdoor,Clay,Quarterfinals,5,Alcaraz C.,Paul T.,Alcaraz C.,2,12,8850,3210,1.08,8.0,6-0 6-1 6-4,7.0,False,Alcaraz,Paul T.,9,Alcaraz vs Paul French Open 2025 highlights,GVqlb1BxFaM,Carlos Alcaraz vs Tommy Paul - FULL Quarterfinal Highlights | Roland Garros 2025,House of Highlights,2025-06-03T20:24:50Z,https://www.youtube.com/watch?v=GVqlb1BxFaM,9,"What a player!! I'm italian and I love Sinner, but for those who love tennis to see players like Alcaraz is everytime a gift. I hope to see many head to head of them. They deserve to win a lot both.",192,2025-06-03T21:07:53Z,"{'neg': 0.0, 'neu': 0.582, 'pos': 0.418, 'compound': 0.9801}",0.0,0.582,0.418,0.9801,Positive
French Open,2025-06-03,Grand Slam,Outdoor,Clay,Quarterfinals,5,Alcaraz C.,Paul T.,Alcaraz C.,2,12,8850,3210,1.08,8.0,6-0 6-1 6-4,7.0,False,Alcaraz,Paul T.,9,Alcaraz vs Paul French Open 2025 highlights,GVqlb1BxFaM,Carlos Alcaraz vs Tommy Paul - FULL Quarterfinal Highlights | Roland Garros 2025,House of Highlights,2025-06-03T20:24:50Z,https://www.youtube.com/watch?v=GVqlb1BxFaM,10,Beating Paul in straight sets in 94 minutes is crazy. Hoping for Sinner-Alcaraz final.,206,2025-06-03T20:57:20Z,"{'neg': 0.269, 'neu': 0.498, 'pos': 0.234, 'compound': -0.1779}",0.269,0.498,0.234,-0.1779,Negative
French Open,2025-06-03,Grand Slam,Outdoor,Clay,Quarterfinals,5,Alcaraz C.,Paul T.,Alcaraz C.,2,12,8850,3210,1.08,8.0,6-0 6-1 6-4,7.0,False,Alcaraz,Paul T.,9,Alcaraz vs Paul French Open 2025 highlights,GVqlb1BxFaM,Carlos Alcaraz vs Tommy Paul - FULL Quarterfinal Highlights | Roland Garros 2025,House of Highlights,2025-06-03T20:24:50Z,https://www.youtube.com/watch?v=GVqlb1BxFaM,11,"They call that ""finding your level."" When he's at his best, it's a monumental task, especially on clay, to find games. Never mind just how ridiculously athletic and fun he is to watch.",74,2025-06-03T21:34:34Z,"{'neg': 0.06, 'neu': 0.752, 'pos': 0.188, 'compound': 0.7269}",0.06,0.752,0.188,0.7269,Positive
French Open,2025-06-03,Grand Slam,Outdoor,Clay,Quarterfinals,5,Alcaraz C.,Paul T.,Alcaraz C.,2,12,8850,3210,1.08,8.0,6-0 6-1 6-4,7.0,False,Alcaraz,Paul T.,9,Alcaraz vs Paul French Open 2025 highlights,GVqlb1BxFaM,Carlos Alcaraz vs Tommy Paul - FULL Quarterfinal Highlights | Roland Garros 2025,House of Highlights,2025-06-03T20:24:50Z,https://www.youtube.com/watch?v=GVqlb1BxFaM,12,Strange result. The match was actually very competitive until the end of the first game.,61,2025-06-03T20:45:02Z,"{'neg': 0.107, 'neu': 0.774, 'pos': 0.119, 'compound': 0.0498}",0.107,0.774,0.119,0.0498,Neutral
French Open,2025-06-03,Grand Slam,Outdoor,Clay,Quarterfinals,5,Alcaraz C.,Paul T.,Alcaraz C.,2,12,8850,3210,1.08,8.0,6-0 6-1 6-4,7.0,False,Alcaraz,Paul T.,9,Alcaraz vs Paul French Open 2025 highlights,GVqlb1BxFaM,Carlos Alcaraz vs Tommy Paul - FULL Quarterfinal Highlights | Roland Garros 2025,House of Highlights,2025-06-03T20:24:50Z,https://www.youtube.com/watch?v=GVqlb1BxFaM,13,The first 4 points of the match allready said it all. Insane 🔥💥,14,2025-06-03T21:17:03Z,"{'neg': 0.409, 'neu': 0.591, 'pos': 0.0, 'compound': -0.765}",0.409,0.591,0.0,-0.765,Negative
French Open,2025-06-03,Grand Slam,Outdoor,Clay,Quarterfinals,5,Alcaraz C.,Paul T.,Alcaraz C.,2,12,8850,3210,1.08,8.0,6-0 6-1 6-4,7.0,False,Alcaraz,Paul T.,9,Alcaraz vs Paul French Open 2025 highlights,GVqlb1BxFaM,Carlos Alcaraz vs Tommy Paul - FULL Quarterfinal Highlights | Roland Garros 2025,House of Highlights,2025-06-03T20:24:50Z,https://www.youtube.com/watch?v=GVqlb1BxFaM,14,"The first 2 sets from Carlos were insane. Insane level produces the wipeout 6-0, 6-1 against the best players in the world. Same 6-0-6-1 Sinner v Ruud at Rome quarter finals. Sinner played out of his mind on the day.  When they hit that highest level there is not much anyone can do.",19,2025-06-03T21:11:03Z,"{'neg': 0.089, 'neu': 0.803, 'pos': 0.108, 'compound': 0.296}",0.089,0.803,0.108,0.296,Positive
French Open,2025-06-03,Grand Slam,Outdoor,Clay,Quarterfinals,5,Alcaraz C.,Paul T.,Alcaraz C.,2,12,8850,3210,1.08,8.0,6-0 6-1 6-4,7.0,False,Alcaraz,Paul T.,9,Alcaraz vs Paul French Open 2025 highlights,GVqlb1BxFaM,Carlos Alcaraz vs Tommy Paul - FULL Quarterfinal Highlights | Roland Garros 2025,House of Highlights,2025-06-03T20:24:50Z,https://www.youtube.com/watch?v=GVqlb1BxFaM,15,Carlos is an absolute beast in this match. Holy molly!,39,2025-06-03T20:57:35Z,"{'neg': 0.0, 'neu': 1.0, 'pos': 0.0, 'compound': 0.0}",0.0,1.0,0.0,0.0,Neutral
French Open,2025-06-03,Grand Slam,Outdoor,Clay,Quarterfinals,5,Alcaraz C.,Paul T.,Alcaraz C.,2,12,8850,3210,1.08,8.0,6-0 6-1 6-4,7.0,False,Alcaraz,Paul T.,9,Alcaraz vs Paul French Open 2025 highlights,GVqlb1BxFaM,Carlos Alcaraz vs Tommy Paul - FULL Quarterfinal Highlights | Roland Garros 2025,House of Highlights,2025-06-03T20:24:50Z,https://www.youtube.com/watch?v=GVqlb1BxFaM,16,bro just casually dusting off his shoe at 1:35 lol,7,2025-06-04T07:35:24Z,"{'neg': 0.0, 'neu': 0.64, 'pos': 0.36, 'compound': 0.5423}",0.0,0.64,0.36,0.5423,Positive
French Open,2025-06-03,Grand Slam,Outdoor,Clay,Quarterfinals,5,Alcaraz C.,Paul T.,Alcaraz C.,2,12,8850,3210,1.08,8.0,6-0 6-1 6-4,7.0,False,Alcaraz,Paul T.,9,Alcaraz vs Paul French Open 2025 highlights,GVqlb1BxFaM,Carlos Alcaraz vs Tommy Paul - FULL Quarterfinal Highlights | Roland Garros 2025,House of Highlights,2025-06-03T20:24:50Z,https://www.youtube.com/watch?v=GVqlb1BxFaM,17,Alcaraz. The most fun to watch tennis player.,30,2025-06-03T21:06:35Z,"{'neg': 0.0, 'neu': 0.661, 'pos': 0.339, 'compound': 0.5563}",0.0,0.661,0.339,0.5563,Positive
French Open,2025-06-03,Grand Slam,Outdoor,Clay,Quarterfinals,5,Alcaraz C.,Paul T.,Alcaraz C.,2,12,8850,3210,1.08,8.0,6-0 6-1 6-4,7.0,False,Alcaraz,Paul T.,9,Alcaraz vs Paul French Open 2025 highlights,GVqlb1BxFaM,Carlos Alcaraz vs Tommy Paul - FULL Quarterfinal Highlights | Roland Garros 2025,House of Highlights,2025-06-03T20:24:50Z,https://www.youtube.com/watch?v=GVqlb1BxFaM,18,"What a pleasure to watch Alcaraz at his best level. Paul is a great player, I must admit I didn't expect him to get a bagel. Tennis can be harsh sometimes. It's getting exciting. Sinner vs. Alcaraz in the final (?) reminds me about the good old rivalry between Federer and Nadal. These two players make the Tennis worth watching. 🙏💪",12,2025-06-03T21:10:53Z,"{'neg': 0.036, 'neu': 0.694, 'pos': 0.27, 'compound': 0.9578}",0.036,0.694,0.27,0.9578,Positive
French Open,2025-06-03,Grand Slam,Outdoor,Clay,Quarterfinals,5,Alcaraz C.,Paul T.,Alcaraz C.,2,12,8850,3210,1.08,8.0,6-0 6-1 6-4,7.0,False,Alcaraz,Paul T.,9,Alcaraz vs Paul French Open 2025 highlights,GVqlb1BxFaM,Carlos Alcaraz vs Tommy Paul - FULL Quarterfinal Highlights | Roland Garros 2025,House of Highlights,2025-06-03T20:24:50Z,https://www.youtube.com/watch?v=GVqlb1BxFaM,19,When Carlos shows up he is the best of the best,78,2025-06-03T20:55:56Z,"{'neg': 0.0, 'neu': 0.517, 'pos': 0.483, 'compound': 0.8555}",0.0,0.517,0.483,0.8555,Positive
French Open,2025-06-03,Grand Slam,Outdoor,Clay,Quarterfinals,5,Alcaraz C.,Paul T.,Alcaraz C.,2,12,8850,3210,1.08,8.0,6-0 6-1 6-4,7.0,False,Alcaraz,Paul T.,9,Alcaraz vs Paul French Open 2025 highlights,GVqlb1BxFaM,Carlos Alcaraz vs Tommy Paul - FULL Quarterfinal Highlights | Roland Garros 2025,House of Highlights,2025-06-03T20:24:50Z,https://www.youtube.com/watch?v=GVqlb1BxFaM,20,Alcaraz painted the lines🎾,18,2025-06-03T20:49:43Z,"{'neg': 0.0, 'neu': 1.0, 'pos': 0.0, 'compound': 0.0}",0.0,1.0,0.0,0.0,Neutral
French Open,2025-06-03,Grand Slam,Outdoor,Clay,Quarterfinals,5,Alcaraz C.,Paul T.,Alcaraz C.,2,12,8850,3210,1.08,8.0,6-0 6-1 6-4,7.0,False,Alcaraz,Paul T.,9,Alcaraz vs Paul French Open 2025 highlights,GVqlb1BxFaM,Carlos Alcaraz vs Tommy Paul - FULL Quarterfinal Highlights | Roland Garros 2025,House of Highlights,2025-06-03T20:24:50Z,https://www.youtube.com/watch?v=GVqlb1BxFaM,21,Love how Alcaraz capitalizes even on the smallest of the mistakes from Tommy.,11,2025-06-03T21:08:28Z,"{'neg': 0.141, 'neu': 0.621, 'pos': 0.237, 'compound': 0.4019}",0.141,0.621,0.237,0.4019,Positive
French Open,2025-06-03,Grand Slam,Outdoor,Clay,Quarterfinals,5,Alcaraz C.,Paul T.,Alcaraz C.,2,12,8850,3210,1.08,8.0,6-0 6-1 6-4,7.0,False,Alcaraz,Paul T.,9,Alcaraz vs Paul French Open 2025 highlights,GVqlb1BxFaM,Carlos Alcaraz vs Tommy Paul - FULL Quarterfinal Highlights | Roland Garros 2025,House of Highlights,2025-06-03T20:24:50Z,https://www.youtube.com/watch?v=GVqlb1BxFaM,22,This was utter demolition! Alcaraz and Sinner are on another level right now.,30,2025-06-03T20:58:24Z,"{'neg': 0.0, 'neu': 1.0, 'pos': 0.0, 'compound': 0.0}",0.0,1.0,0.0,0.0,Neutral
French Open,2025-06-03,Grand Slam,Outdoor,Clay,Quarterfinals,5,Alcaraz C.,Paul T.,Alcaraz C.,2,12,8850,3210,1.08,8.0,6-0 6-1 6-4,7.0,False,Alcaraz,Paul T.,9,Alcaraz vs Paul French Open 2025 highlights,GVqlb1BxFaM,Carlos Alcaraz vs Tommy Paul - FULL Quarterfinal Highlights | Roland Garros 2025,House of Highlights,2025-06-03T20:24:50Z,https://www.youtube.com/watch?v=GVqlb1BxFaM,23,"Alcaraz is just TOO good, what an absolute bludgeoning.",32,2025-06-03T20:26:46Z,"{'neg': 0.0, 'neu': 0.734, 'pos': 0.266, 'compound': 0.4404}",0.0,0.734,0.266,0.4404,Positive
French Open,2025-06-03,Grand Slam,Outdoor,Clay,Quarterfinals,5,Alcaraz C.,Paul T.,Alcaraz C.,2,12,8850,3210,1.08,8.0,6-0 6-1 6-4,7.0,False,Alcaraz,Paul T.,9,Alcaraz vs Paul French Open 2025 highlights,GVqlb1BxFaM,Carlos Alcaraz vs Tommy Paul - FULL Quarterfinal Highlights | Roland Garros 2025,House of Highlights,2025-06-03T20:24:50Z,https://www.youtube.com/watch?v=GVqlb1BxFaM,24,"It's boring for Alcaraz to play under control, but he knows what happens when he does.
The sinner's work is really hard.",15,2025-06-03T20:39:02Z,"{'neg': 0.151, 'neu': 0.779, 'pos': 0.07, 'compound': -0.2475}",0.151,0.779,0.07,-0.2475,Negative
French Open,2025-06-03,Grand Slam,Outdoor,Clay,Quarterfinals,5,Alcaraz C.,Paul T.,Alcaraz C.,2,12,8850,3210,1.08,8.0,6-0 6-1 6-4,7.0,False,Alcaraz,Paul T.,9,Alcaraz vs Paul French Open 2025 highlights,GVqlb1BxFaM,Carlos Alcaraz vs Tommy Paul - FULL Quarterfinal Highlights | Roland Garros 2025,House of Highlights,2025-06-03T20:24:50Z,https://www.youtube.com/watch?v=GVqlb1BxFaM,25,Beautiful play carlitos❤️❤️❤️😃,9,2025-06-03T22:57:05Z,"{'neg': 0.0, 'neu': 0.556, 'pos': 0.444, 'compound': 0.8316}",0.0,0.556,0.444,0.8316,Positive
Internazionali BNL d'Italia,2025-05-16,Masters 1000,Outdoor,Clay,Semifinals,3,Musetti L.,Alcaraz C.,Alcaraz C.,9,3,3550,7850,3.2,1.36,3-6 6-7,6.0,False,Alcaraz,Musetti L.,10,Musetti vs Alcaraz Internazionali BNL d'Italia 2025 highlights,XvpPriO1YqE,Alcaraz vs Musetti | SF Highlights | Internazionali BNL d’Italia 2025,Internazionali BNL d'Italia,2025-05-16T16:44:35Z,https://www.youtube.com/watch?v=XvpPriO1YqE,1,Lorenzo Musetti stopped at the Feet of the World number 2. His tennis is not good enough unfortunately.,0,2025-05-16T19:49:57Z,"{'neg': 0.199, 'neu': 0.647, 'pos': 0.154, 'compound': -0.2429}",0.199,0.647,0.154,-0.2429,Negative
Barcelona Open,2025-04-20,ATP500,Outdoor,Clay,The Final,3,Rune H.,Alcaraz C.,Rune H.,13,2,3080,7720,4.5,1.2,7-6 6-2,7.5,True,Alcaraz,Rune H.,11,Rune vs Alcaraz Barcelona Open 2025 highlights,fZh5q73PX6A,Carlos Alcaraz vs Holger Rune For The Title! 🏆 | Barcelona 2025 Final Highlights,Tennis TV,2025-04-20T16:58:29Z,https://www.youtube.com/watch?v=fZh5q73PX6A,1,"What a match from Rune, perfect from start to finish, no one would have thought at the start of the tournament that he would win, and welcome back to the top 10!",1403,2025-04-20T16:59:20Z,"{'neg': 0.053, 'neu': 0.646, 'pos': 0.301, 'compound': 0.8858}",0.053,0.646,0.301,0.8858,Positive
Barcelona Open,2025-04-20,ATP500,Outdoor,Clay,The Final,3,Rune H.,Alcaraz C.,Rune H.,13,2,3080,7720,4.5,1.2,7-6 6-2,7.5,True,Alcaraz,Rune H.,11,Rune vs Alcaraz Barcelona Open 2025 highlights,fZh5q73PX6A,Carlos Alcaraz vs Holger Rune For The Title! 🏆 | Barcelona 2025 Final Highlights,Tennis TV,2025-04-20T16:58:29Z,https://www.youtube.com/watch?v=fZh5q73PX6A,2,What an insane run from Rune. Well played to both him and Carlos.,706,2025-04-20T18:02:43Z,"{'neg': 0.157, 'neu': 0.581, 'pos': 0.262, 'compound': 0.2023}",0.157,0.581,0.262,0.2023,Positive
Barcelona Open,2025-04-20,ATP500,Outdoor,Clay,The Final,3,Rune H.,Alcaraz C.,Rune H.,13,2,3080,7720,4.5,1.2,7-6 6-2,7.5,True,Alcaraz,Rune H.,11,Rune vs Alcaraz Barcelona Open 2025 highlights,fZh5q73PX6A,Carlos Alcaraz vs Holger Rune For The Title! 🏆 | Barcelona 2025 Final Highlights,Tennis TV,2025-04-20T16:58:29Z,https://www.youtube.com/watch?v=fZh5q73PX6A,3,What I took from the commentator is that everything is huge 😂,439,2025-04-20T17:19:30Z,"{'neg': 0.09, 'neu': 0.619, 'pos': 0.29, 'compound': 0.6369}",0.09,0.619,0.29,0.6369,Positive
Barcelona Open,2025-04-20,ATP500,Outdoor,Clay,The Final,3,Rune H.,Alcaraz C.,Rune H.,13,2,3080,7720,4.5,1.2,7-6 6-2,7.5,True,Alcaraz,Rune H.,11,Rune vs Alcaraz Barcelona Open 2025 highlights,fZh5q73PX6A,Carlos Alcaraz vs Holger Rune For The Title! 🏆 | Barcelona 2025 Final Highlights,Tennis TV,2025-04-20T16:58:29Z,https://www.youtube.com/watch?v=fZh5q73PX6A,4,"Good win for Rune, he was amazing!",366,2025-04-20T16:59:02Z,"{'neg': 0.0, 'neu': 0.27, 'pos': 0.73, 'compound': 0.8955}",0.0,0.27,0.73,0.8955,Positive
Barcelona Open,2025-04-20,ATP500,Outdoor,Clay,The Final,3,Rune H.,Alcaraz C.,Rune H.,13,2,3080,7720,4.5,1.2,7-6 6-2,7.5,True,Alcaraz,Rune H.,11,Rune vs Alcaraz Barcelona Open 2025 highlights,fZh5q73PX6A,Carlos Alcaraz vs Holger Rune For The Title! 🏆 | Barcelona 2025 Final Highlights,Tennis TV,2025-04-20T16:58:29Z,https://www.youtube.com/watch?v=fZh5q73PX6A,5,"That first set had it ALL! Both played absolute top tennis and in no mood for gifts. Both broke! Both had brilliant line play. Best and most exciting 1st set, of the year. Sad to see Alcaraz needed medical but happy for Rune, that deserved a win for his hard work, in a tournament where he have excelled. I thought Spanish audience were great sports in their cheer for Rune at ceremony, despite he beat one of their own. If not for Alcaraz medical, it could have been match of the year. Big congrats to Rune. Back in top 10 where he belong!",306,2025-04-20T17:25:14Z,"{'neg': 0.052, 'neu': 0.625, 'pos': 0.323, 'compound': 0.9907}",0.052,0.625,0.323,0.9907,Positive
Barcelona Open,2025-04-20,ATP500,Outdoor,Clay,The Final,3,Rune H.,Alcaraz C.,Rune H.,13,2,3080,7720,4.5,1.2,7-6 6-2,7.5,True,Alcaraz,Rune H.,11,Rune vs Alcaraz Barcelona Open 2025 highlights,fZh5q73PX6A,Carlos Alcaraz vs Holger Rune For The Title! 🏆 | Barcelona 2025 Final Highlights,Tennis TV,2025-04-20T16:58:29Z,https://www.youtube.com/watch?v=fZh5q73PX6A,6,"Rune had a bad behavior in the past but now he is more mature person. I was rooting for him in this final, well done.",438,2025-04-20T18:26:38Z,"{'neg': 0.072, 'neu': 0.709, 'pos': 0.219, 'compound': 0.6746}",0.072,0.709,0.219,0.6746,Positive
Barcelona Open,2025-04-20,ATP500,Outdoor,Clay,The Final,3,Rune H.,Alcaraz C.,Rune H.,13,2,3080,7720,4.5,1.2,7-6 6-2,7.5,True,Alcaraz,Rune H.,11,Rune vs Alcaraz Barcelona Open 2025 highlights,fZh5q73PX6A,Carlos Alcaraz vs Holger Rune For The Title! 🏆 | Barcelona 2025 Final Highlights,Tennis TV,2025-04-20T16:58:29Z,https://www.youtube.com/watch?v=fZh5q73PX6A,7,"Finally Rune winning after long drought.
Graceful Alcaraz in the defeat with kind words to Rune at the closing even though he was heavy favourite to take the title.",111,2025-04-20T22:00:33Z,"{'neg': 0.079, 'neu': 0.661, 'pos': 0.259, 'compound': 0.7783}",0.079,0.661,0.259,0.7783,Positive
Barcelona Open,2025-04-20,ATP500,Outdoor,Clay,The Final,3,Rune H.,Alcaraz C.,Rune H.,13,2,3080,7720,4.5,1.2,7-6 6-2,7.5,True,Alcaraz,Rune H.,11,Rune vs Alcaraz Barcelona Open 2025 highlights,fZh5q73PX6A,Carlos Alcaraz vs Holger Rune For The Title! 🏆 | Barcelona 2025 Final Highlights,Tennis TV,2025-04-20T16:58:29Z,https://www.youtube.com/watch?v=fZh5q73PX6A,8,Holger was drilling that ball. What a great match,44,2025-04-20T17:18:26Z,"{'neg': 0.0, 'neu': 0.661, 'pos': 0.339, 'compound': 0.6249}",0.0,0.661,0.339,0.6249,Positive
Barcelona Open,2025-04-20,ATP500,Outdoor,Clay,The Final,3,Rune H.,Alcaraz C.,Rune H.,13,2,3080,7720,4.5,1.2,7-6 6-2,7.5,True,Alcaraz,Rune H.,11,Rune vs Alcaraz Barcelona Open 2025 highlights,fZh5q73PX6A,Carlos Alcaraz vs Holger Rune For The Title! 🏆 | Barcelona 2025 Final Highlights,Tennis TV,2025-04-20T16:58:29Z,https://www.youtube.com/watch?v=fZh5q73PX6A,9,"Today Holger was unstoppable, he really outplayed Carlito. Great win from him and also welcome back to the top 10!",354,2025-04-20T17:56:54Z,"{'neg': 0.06, 'neu': 0.499, 'pos': 0.441, 'compound': 0.9092}",0.06,0.499,0.441,0.9092,Positive
Barcelona Open,2025-04-20,ATP500,Outdoor,Clay,The Final,3,Rune H.,Alcaraz C.,Rune H.,13,2,3080,7720,4.5,1.2,7-6 6-2,7.5,True,Alcaraz,Rune H.,11,Rune vs Alcaraz Barcelona Open 2025 highlights,fZh5q73PX6A,Carlos Alcaraz vs Holger Rune For The Title! 🏆 | Barcelona 2025 Final Highlights,Tennis TV,2025-04-20T16:58:29Z,https://www.youtube.com/watch?v=fZh5q73PX6A,10,Wow Rune is on such fine form,12,2025-04-20T17:27:03Z,"{'neg': 0.0, 'neu': 0.472, 'pos': 0.528, 'compound': 0.6808}",0.0,0.472,0.528,0.6808,Positive
Barcelona Open,2025-04-20,ATP500,Outdoor,Clay,The Final,3,Rune H.,Alcaraz C.,Rune H.,13,2,3080,7720,4.5,1.2,7-6 6-2,7.5,True,Alcaraz,Rune H.,11,Rune vs Alcaraz Barcelona Open 2025 highlights,fZh5q73PX6A,Carlos Alcaraz vs Holger Rune For The Title! 🏆 | Barcelona 2025 Final Highlights,Tennis TV,2025-04-20T16:58:29Z,https://www.youtube.com/watch?v=fZh5q73PX6A,11,Rune played really high level. Crazy,10,2025-04-20T18:29:37Z,"{'neg': 0.294, 'neu': 0.441, 'pos': 0.265, 'compound': -0.0679}",0.294,0.441,0.265,-0.0679,Negative
Barcelona Open,2025-04-20,ATP500,Outdoor,Clay,The Final,3,Rune H.,Alcaraz C.,Rune H.,13,2,3080,7720,4.5,1.2,7-6 6-2,7.5,True,Alcaraz,Rune H.,11,Rune vs Alcaraz Barcelona Open 2025 highlights,fZh5q73PX6A,Carlos Alcaraz vs Holger Rune For The Title! 🏆 | Barcelona 2025 Final Highlights,Tennis TV,2025-04-20T16:58:29Z,https://www.youtube.com/watch?v=fZh5q73PX6A,12,"So glad Runa did it.
Always thought he had a lot of potential.
Hopefully he will be consistent now.
❤",22,2025-04-20T17:56:05Z,"{'neg': 0.0, 'neu': 0.638, 'pos': 0.362, 'compound': 0.8805}",0.0,0.638,0.362,0.8805,Positive
Barcelona Open,2025-04-20,ATP500,Outdoor,Clay,The Final,3,Rune H.,Alcaraz C.,Rune H.,13,2,3080,7720,4.5,1.2,7-6 6-2,7.5,True,Alcaraz,Rune H.,11,Rune vs Alcaraz Barcelona Open 2025 highlights,fZh5q73PX6A,Carlos Alcaraz vs Holger Rune For The Title! 🏆 | Barcelona 2025 Final Highlights,Tennis TV,2025-04-20T16:58:29Z,https://www.youtube.com/watch?v=fZh5q73PX6A,13,I always like Rune's style. glad to see he finally has all the focus and confidence needed to be the Champ today.,10,2025-04-20T18:56:01Z,"{'neg': 0.0, 'neu': 0.602, 'pos': 0.398, 'compound': 0.8979}",0.0,0.602,0.398,0.8979,Positive
Barcelona Open,2025-04-20,ATP500,Outdoor,Clay,The Final,3,Rune H.,Alcaraz C.,Rune H.,13,2,3080,7720,4.5,1.2,7-6 6-2,7.5,True,Alcaraz,Rune H.,11,Rune vs Alcaraz Barcelona Open 2025 highlights,fZh5q73PX6A,Carlos Alcaraz vs Holger Rune For The Title! 🏆 | Barcelona 2025 Final Highlights,Tennis TV,2025-04-20T16:58:29Z,https://www.youtube.com/watch?v=fZh5q73PX6A,14,Great to see. Rune hitting the ball an absolute 💣,13,2025-04-20T17:21:10Z,"{'neg': 0.209, 'neu': 0.523, 'pos': 0.268, 'compound': 0.2263}",0.209,0.523,0.268,0.2263,Positive
Barcelona Open,2025-04-20,ATP500,Outdoor,Clay,The Final,3,Rune H.,Alcaraz C.,Rune H.,13,2,3080,7720,4.5,1.2,7-6 6-2,7.5,True,Alcaraz,Rune H.,11,Rune vs Alcaraz Barcelona Open 2025 highlights,fZh5q73PX6A,Carlos Alcaraz vs Holger Rune For The Title! 🏆 | Barcelona 2025 Final Highlights,Tennis TV,2025-04-20T16:58:29Z,https://www.youtube.com/watch?v=fZh5q73PX6A,15,"Rune was on god mode on this tournment, his semi and final were incredible",3,2025-04-20T17:58:35Z,"{'neg': 0.0, 'neu': 0.861, 'pos': 0.139, 'compound': 0.2732}",0.0,0.861,0.139,0.2732,Positive
Barcelona Open,2025-04-20,ATP500,Outdoor,Clay,The Final,3,Rune H.,Alcaraz C.,Rune H.,13,2,3080,7720,4.5,1.2,7-6 6-2,7.5,True,Alcaraz,Rune H.,11,Rune vs Alcaraz Barcelona Open 2025 highlights,fZh5q73PX6A,Carlos Alcaraz vs Holger Rune For The Title! 🏆 | Barcelona 2025 Final Highlights,Tennis TV,2025-04-20T16:58:29Z,https://www.youtube.com/watch?v=fZh5q73PX6A,16,Soo happy for Rune. This is a GREAT! victory! #Congratulations!,20,2025-04-20T17:12:31Z,"{'neg': 0.0, 'neu': 0.345, 'pos': 0.655, 'compound': 0.9361}",0.0,0.345,0.655,0.9361,Positive
Barcelona Open,2025-04-20,ATP500,Outdoor,Clay,The Final,3,Rune H.,Alcaraz C.,Rune H.,13,2,3080,7720,4.5,1.2,7-6 6-2,7.5,True,Alcaraz,Rune H.,11,Rune vs Alcaraz Barcelona Open 2025 highlights,fZh5q73PX6A,Carlos Alcaraz vs Holger Rune For The Title! 🏆 | Barcelona 2025 Final Highlights,Tennis TV,2025-04-20T16:58:29Z,https://www.youtube.com/watch?v=fZh5q73PX6A,17,"Big respect for both these players. Rune's attitude has improved so much on the court, he should be proud of how he has dealt with the ups and downs over the last couple of years.",5,2025-04-21T09:24:32Z,"{'neg': 0.0, 'neu': 0.775, 'pos': 0.225, 'compound': 0.8519}",0.0,0.775,0.225,0.8519,Positive
Barcelona Open,2025-04-20,ATP500,Outdoor,Clay,The Final,3,Rune H.,Alcaraz C.,Rune H.,13,2,3080,7720,4.5,1.2,7-6 6-2,7.5,True,Alcaraz,Rune H.,11,Rune vs Alcaraz Barcelona Open 2025 highlights,fZh5q73PX6A,Carlos Alcaraz vs Holger Rune For The Title! 🏆 | Barcelona 2025 Final Highlights,Tennis TV,2025-04-20T16:58:29Z,https://www.youtube.com/watch?v=fZh5q73PX6A,18,AMAAAAAAZING Holger!!! We're rooting for you 👏👏👏,8,2025-04-20T17:13:57Z,"{'neg': 0.0, 'neu': 1.0, 'pos': 0.0, 'compound': 0.0}",0.0,1.0,0.0,0.0,Neutral
Barcelona Open,2025-04-20,ATP500,Outdoor,Clay,The Final,3,Rune H.,Alcaraz C.,Rune H.,13,2,3080,7720,4.5,1.2,7-6 6-2,7.5,True,Alcaraz,Rune H.,11,Rune vs Alcaraz Barcelona Open 2025 highlights,fZh5q73PX6A,Carlos Alcaraz vs Holger Rune For The Title! 🏆 | Barcelona 2025 Final Highlights,Tennis TV,2025-04-20T16:58:29Z,https://www.youtube.com/watch?v=fZh5q73PX6A,19,Feels like there was a moment in this match where Rune just got tire of losing. The way he was hitting through some of these rallies was insane.,8,2025-04-21T01:01:09Z,"{'neg': 0.162, 'neu': 0.762, 'pos': 0.076, 'compound': -0.4215}",0.162,0.762,0.076,-0.4215,Negative
Barcelona Open,2025-04-20,ATP500,Outdoor,Clay,The Final,3,Rune H.,Alcaraz C.,Rune H.,13,2,3080,7720,4.5,1.2,7-6 6-2,7.5,True,Alcaraz,Rune H.,11,Rune vs Alcaraz Barcelona Open 2025 highlights,fZh5q73PX6A,Carlos Alcaraz vs Holger Rune For The Title! 🏆 | Barcelona 2025 Final Highlights,Tennis TV,2025-04-20T16:58:29Z,https://www.youtube.com/watch?v=fZh5q73PX6A,20,Real Rune fans knew this was coming. Not surprised just proud of our boy!,3,2025-04-20T21:39:48Z,"{'neg': 0.273, 'neu': 0.727, 'pos': 0.0, 'compound': -0.5442}",0.273,0.727,0.0,-0.5442,Negative
Barcelona Open,2025-04-20,ATP500,Outdoor,Clay,The Final,3,Rune H.,Alcaraz C.,Rune H.,13,2,3080,7720,4.5,1.2,7-6 6-2,7.5,True,Alcaraz,Rune H.,11,Rune vs Alcaraz Barcelona Open 2025 highlights,fZh5q73PX6A,Carlos Alcaraz vs Holger Rune For The Title! 🏆 | Barcelona 2025 Final Highlights,Tennis TV,2025-04-20T16:58:29Z,https://www.youtube.com/watch?v=fZh5q73PX6A,21,"It may sound simplistic, but Rune's first serve percentage is very important for him. When he won in Paris, his percentage was constantly around 70-85%. Since then it has mainly been in the 50's. Today he served well, and that helps him a lot. I think this is key to further success - AND a better return game. Serve and return have been his weak side for a long time (outside the world's top 30 in both categories).",10,2025-04-20T18:52:53Z,"{'neg': 0.039, 'neu': 0.709, 'pos': 0.252, 'compound': 0.9682}",0.039,0.709,0.252,0.9682,Positive
Barcelona Open,2025-04-20,ATP500,Outdoor,Clay,The Final,3,Rune H.,Alcaraz C.,Rune H.,13,2,3080,7720,4.5,1.2,7-6 6-2,7.5,True,Alcaraz,Rune H.,11,Rune vs Alcaraz Barcelona Open 2025 highlights,fZh5q73PX6A,Carlos Alcaraz vs Holger Rune For The Title! 🏆 | Barcelona 2025 Final Highlights,Tennis TV,2025-04-20T16:58:29Z,https://www.youtube.com/watch?v=fZh5q73PX6A,22,Congratulations Holger all your hard work is paying off. ❤ from Ireland,79,2025-04-20T17:16:58Z,"{'neg': 0.072, 'neu': 0.513, 'pos': 0.415, 'compound': 0.8271}",0.072,0.513,0.415,0.8271,Positive
Barcelona Open,2025-04-20,ATP500,Outdoor,Clay,The Final,3,Rune H.,Alcaraz C.,Rune H.,13,2,3080,7720,4.5,1.2,7-6 6-2,7.5,True,Alcaraz,Rune H.,11,Rune vs Alcaraz Barcelona Open 2025 highlights,fZh5q73PX6A,Carlos Alcaraz vs Holger Rune For The Title! 🏆 | Barcelona 2025 Final Highlights,Tennis TV,2025-04-20T16:58:29Z,https://www.youtube.com/watch?v=fZh5q73PX6A,23,"Carlos Alcaraz is a tennis prodigy with explosive power, relentless energy, and a fearless mindset. At such a young age, he’s already reshaping the future of the sport with his dynamic playing style and mature composure under pressure.",4,2025-05-11T12:00:11Z,"{'neg': 0.047, 'neu': 0.665, 'pos': 0.288, 'compound': 0.8481}",0.047,0.665,0.288,0.8481,Positive
Barcelona Open,2025-04-20,ATP500,Outdoor,Clay,The Final,3,Rune H.,Alcaraz C.,Rune H.,13,2,3080,7720,4.5,1.2,7-6 6-2,7.5,True,Alcaraz,Rune H.,11,Rune vs Alcaraz Barcelona Open 2025 highlights,fZh5q73PX6A,Carlos Alcaraz vs Holger Rune For The Title! 🏆 | Barcelona 2025 Final Highlights,Tennis TV,2025-04-20T16:58:29Z,https://www.youtube.com/watch?v=fZh5q73PX6A,24,"alcaraz vs rune is such a fun match up.
two creative shot makers!",6,2025-04-20T18:38:15Z,"{'neg': 0.0, 'neu': 0.629, 'pos': 0.371, 'compound': 0.7574}",0.0,0.629,0.371,0.7574,Positive
Barcelona Open,2025-04-20,ATP500,Outdoor,Clay,The Final,3,Rune H.,Alcaraz C.,Rune H.,13,2,3080,7720,4.5,1.2,7-6 6-2,7.5,True,Alcaraz,Rune H.,11,Rune vs Alcaraz Barcelona Open 2025 highlights,fZh5q73PX6A,Carlos Alcaraz vs Holger Rune For The Title! 🏆 | Barcelona 2025 Final Highlights,Tennis TV,2025-04-20T16:58:29Z,https://www.youtube.com/watch?v=fZh5q73PX6A,25,"May he win more big titles and be a solid top 5 in the future, tennis needs young men like Rune",3,2025-04-20T20:01:28Z,"{'neg': 0.0, 'neu': 0.637, 'pos': 0.363, 'compound': 0.8271}",0.0,0.637,0.363,0.8271,Positive
BNP Paribas Open,2025-03-15,Masters 1000,Outdoor,Hard,Semifinals,3,Alcaraz C.,Draper J.,Draper J.,3,14,7510,2810,1.3,3.5,1-6 6-0 4-6,8.5,True,Alcaraz,Draper J.,12,Alcaraz vs Draper BNP Paribas Open 2025 highlights,qfmaPQ36r3k,DRAMATIC Final Set in Alcaraz vs Draper Thriller! | Indian Wells 2025 Highlights,Tennis TV,2025-03-16T00:34:53Z,https://www.youtube.com/watch?v=qfmaPQ36r3k,1,Draper playing fearlessly against carlos. Absolutely amazing,186,2025-03-16T01:13:04Z,"{'neg': 0.0, 'neu': 0.334, 'pos': 0.666, 'compound': 0.7902}",0.0,0.334,0.666,0.7902,Positive
BNP Paribas Open,2025-03-15,Masters 1000,Outdoor,Hard,Semifinals,3,Alcaraz C.,Draper J.,Draper J.,3,14,7510,2810,1.3,3.5,1-6 6-0 4-6,8.5,True,Alcaraz,Draper J.,12,Alcaraz vs Draper BNP Paribas Open 2025 highlights,qfmaPQ36r3k,DRAMATIC Final Set in Alcaraz vs Draper Thriller! | Indian Wells 2025 Highlights,Tennis TV,2025-03-16T00:34:53Z,https://www.youtube.com/watch?v=qfmaPQ36r3k,2,"What a tournament! Congrats, Draper. Can’t wait to see you vs Rune",330,2025-03-16T00:36:24Z,"{'neg': 0.0, 'neu': 0.749, 'pos': 0.251, 'compound': 0.5707}",0.0,0.749,0.251,0.5707,Positive
BNP Paribas Open,2025-03-15,Masters 1000,Outdoor,Hard,Semifinals,3,Alcaraz C.,Draper J.,Draper J.,3,14,7510,2810,1.3,3.5,1-6 6-0 4-6,8.5,True,Alcaraz,Draper J.,12,Alcaraz vs Draper BNP Paribas Open 2025 highlights,qfmaPQ36r3k,DRAMATIC Final Set in Alcaraz vs Draper Thriller! | Indian Wells 2025 Highlights,Tennis TV,2025-03-16T00:34:53Z,https://www.youtube.com/watch?v=qfmaPQ36r3k,3,Everyone who's been following Draper knows that this is a 'finally' moment rather than a surprising breakthrough. Jack should have been top 10 about 2 years ago but has constantly struggled with injury and fitness.,19,2025-03-17T10:28:37Z,"{'neg': 0.16, 'neu': 0.708, 'pos': 0.132, 'compound': -0.4939}",0.16,0.708,0.132,-0.4939,Negative
BNP Paribas Open,2025-03-15,Masters 1000,Outdoor,Hard,Semifinals,3,Alcaraz C.,Draper J.,Draper J.,3,14,7510,2810,1.3,3.5,1-6 6-0 4-6,8.5,True,Alcaraz,Draper J.,12,Alcaraz vs Draper BNP Paribas Open 2025 highlights,qfmaPQ36r3k,DRAMATIC Final Set in Alcaraz vs Draper Thriller! | Indian Wells 2025 Highlights,Tennis TV,2025-03-16T00:34:53Z,https://www.youtube.com/watch?v=qfmaPQ36r3k,4,Wow! This is the second pretty big event where Draper steps up. He needs to do this more as this was an athletic battle!,75,2025-03-16T01:44:35Z,"{'neg': 0.083, 'neu': 0.673, 'pos': 0.243, 'compound': 0.717}",0.083,0.673,0.243,0.717,Positive
BNP Paribas Open,2025-03-15,Masters 1000,Outdoor,Hard,Semifinals,3,Alcaraz C.,Draper J.,Draper J.,3,14,7510,2810,1.3,3.5,1-6 6-0 4-6,8.5,True,Alcaraz,Draper J.,12,Alcaraz vs Draper BNP Paribas Open 2025 highlights,qfmaPQ36r3k,DRAMATIC Final Set in Alcaraz vs Draper Thriller! | Indian Wells 2025 Highlights,Tennis TV,2025-03-16T00:34:53Z,https://www.youtube.com/watch?v=qfmaPQ36r3k,5,"Draper is a great talent. If he improves emotionally he could easily enter the Top Five, and even win a slam. Congratulations, and now take the final.",477,2025-03-16T00:37:19Z,"{'neg': 0.06, 'neu': 0.44, 'pos': 0.5, 'compound': 0.9584}",0.06,0.44,0.5,0.9584,Positive
BNP Paribas Open,2025-03-15,Masters 1000,Outdoor,Hard,Semifinals,3,Alcaraz C.,Draper J.,Draper J.,3,14,7510,2810,1.3,3.5,1-6 6-0 4-6,8.5,True,Alcaraz,Draper J.,12,Alcaraz vs Draper BNP Paribas Open 2025 highlights,qfmaPQ36r3k,DRAMATIC Final Set in Alcaraz vs Draper Thriller! | Indian Wells 2025 Highlights,Tennis TV,2025-03-16T00:34:53Z,https://www.youtube.com/watch?v=qfmaPQ36r3k,6,"Congratulations Jack on reaching the final and breaking into the top ten, best of luck in final ❤",77,2025-03-16T01:10:03Z,"{'neg': 0.0, 'neu': 0.408, 'pos': 0.592, 'compound': 0.9578}",0.0,0.408,0.592,0.9578,Positive
BNP Paribas Open,2025-03-15,Masters 1000,Outdoor,Hard,Semifinals,3,Alcaraz C.,Draper J.,Draper J.,3,14,7510,2810,1.3,3.5,1-6 6-0 4-6,8.5,True,Alcaraz,Draper J.,12,Alcaraz vs Draper BNP Paribas Open 2025 highlights,qfmaPQ36r3k,DRAMATIC Final Set in Alcaraz vs Draper Thriller! | Indian Wells 2025 Highlights,Tennis TV,2025-03-16T00:34:53Z,https://www.youtube.com/watch?v=qfmaPQ36r3k,7,Stunning! There’s gonna be some amazing tennis on the cards with these two! 🤩 well done Jack Draper !!!,12,2025-03-16T08:26:00Z,"{'neg': 0.0, 'neu': 0.623, 'pos': 0.377, 'compound': 0.8647}",0.0,0.623,0.377,0.8647,Positive
BNP Paribas Open,2025-03-15,Masters 1000,Outdoor,Hard,Semifinals,3,Alcaraz C.,Draper J.,Draper J.,3,14,7510,2810,1.3,3.5,1-6 6-0 4-6,8.5,True,Alcaraz,Draper J.,12,Alcaraz vs Draper BNP Paribas Open 2025 highlights,qfmaPQ36r3k,DRAMATIC Final Set in Alcaraz vs Draper Thriller! | Indian Wells 2025 Highlights,Tennis TV,2025-03-16T00:34:53Z,https://www.youtube.com/watch?v=qfmaPQ36r3k,8,Have been following Draper since 2023. I was sure he would do great things and go far. Fan from France. 🎉,8,2025-03-18T10:09:36Z,"{'neg': 0.0, 'neu': 0.612, 'pos': 0.388, 'compound': 0.886}",0.0,0.612,0.388,0.886,Positive
BNP Paribas Open,2025-03-15,Masters 1000,Outdoor,Hard,Semifinals,3,Alcaraz C.,Draper J.,Draper J.,3,14,7510,2810,1.3,3.5,1-6 6-0 4-6,8.5,True,Alcaraz,Draper J.,12,Alcaraz vs Draper BNP Paribas Open 2025 highlights,qfmaPQ36r3k,DRAMATIC Final Set in Alcaraz vs Draper Thriller! | Indian Wells 2025 Highlights,Tennis TV,2025-03-16T00:34:53Z,https://www.youtube.com/watch?v=qfmaPQ36r3k,9,In the third set the ball was moving so fast. 😮,12,2025-03-16T01:22:32Z,"{'neg': 0.0, 'neu': 1.0, 'pos': 0.0, 'compound': 0.0}",0.0,1.0,0.0,0.0,Neutral
BNP Paribas Open,2025-03-15,Masters 1000,Outdoor,Hard,Semifinals,3,Alcaraz C.,Draper J.,Draper J.,3,14,7510,2810,1.3,3.5,1-6 6-0 4-6,8.5,True,Alcaraz,Draper J.,12,Alcaraz vs Draper BNP Paribas Open 2025 highlights,qfmaPQ36r3k,DRAMATIC Final Set in Alcaraz vs Draper Thriller! | Indian Wells 2025 Highlights,Tennis TV,2025-03-16T00:34:53Z,https://www.youtube.com/watch?v=qfmaPQ36r3k,10,so incredible draper ❤❤,10,2025-03-16T03:07:51Z,"{'neg': 0.0, 'neu': 0.366, 'pos': 0.634, 'compound': 0.8646}",0.0,0.366,0.634,0.8646,Positive
BNP Paribas Open,2025-03-15,Masters 1000,Outdoor,Hard,Semifinals,3,Alcaraz C.,Draper J.,Draper J.,3,14,7510,2810,1.3,3.5,1-6 6-0 4-6,8.5,True,Alcaraz,Draper J.,12,Alcaraz vs Draper BNP Paribas Open 2025 highlights,qfmaPQ36r3k,DRAMATIC Final Set in Alcaraz vs Draper Thriller! | Indian Wells 2025 Highlights,Tennis TV,2025-03-16T00:34:53Z,https://www.youtube.com/watch?v=qfmaPQ36r3k,11,"Wow. Draper vs. Rune for the IW final. 

Whoever guessed that should go to the lottery tickets right now",117,2025-03-16T00:56:41Z,"{'neg': 0.0, 'neu': 0.826, 'pos': 0.174, 'compound': 0.5859}",0.0,0.826,0.174,0.5859,Positive
BNP Paribas Open,2025-03-15,Masters 1000,Outdoor,Hard,Semifinals,3,Alcaraz C.,Draper J.,Draper J.,3,14,7510,2810,1.3,3.5,1-6 6-0 4-6,8.5,True,Alcaraz,Draper J.,12,Alcaraz vs Draper BNP Paribas Open 2025 highlights,qfmaPQ36r3k,DRAMATIC Final Set in Alcaraz vs Draper Thriller! | Indian Wells 2025 Highlights,Tennis TV,2025-03-16T00:34:53Z,https://www.youtube.com/watch?v=qfmaPQ36r3k,12,"Brave tennis from Jack. One of those matches, where both deserved to be the winner.",179,2025-03-16T00:36:00Z,"{'neg': 0.0, 'neu': 0.644, 'pos': 0.356, 'compound': 0.802}",0.0,0.644,0.356,0.802,Positive
BNP Paribas Open,2025-03-15,Masters 1000,Outdoor,Hard,Semifinals,3,Alcaraz C.,Draper J.,Draper J.,3,14,7510,2810,1.3,3.5,1-6 6-0 4-6,8.5,True,Alcaraz,Draper J.,12,Alcaraz vs Draper BNP Paribas Open 2025 highlights,qfmaPQ36r3k,DRAMATIC Final Set in Alcaraz vs Draper Thriller! | Indian Wells 2025 Highlights,Tennis TV,2025-03-16T00:34:53Z,https://www.youtube.com/watch?v=qfmaPQ36r3k,13,I wanted Carlos but Drapers gone to a new level. Bravo!,138,2025-03-16T02:57:54Z,"{'neg': 0.0, 'neu': 1.0, 'pos': 0.0, 'compound': 0.0}",0.0,1.0,0.0,0.0,Neutral
BNP Paribas Open,2025-03-15,Masters 1000,Outdoor,Hard,Semifinals,3,Alcaraz C.,Draper J.,Draper J.,3,14,7510,2810,1.3,3.5,1-6 6-0 4-6,8.5,True,Alcaraz,Draper J.,12,Alcaraz vs Draper BNP Paribas Open 2025 highlights,qfmaPQ36r3k,DRAMATIC Final Set in Alcaraz vs Draper Thriller! | Indian Wells 2025 Highlights,Tennis TV,2025-03-16T00:34:53Z,https://www.youtube.com/watch?v=qfmaPQ36r3k,14,Draper playing great. Alcaraz showing great sportsmanship. Great tennis for all,174,2025-03-16T01:24:27Z,"{'neg': 0.0, 'neu': 0.332, 'pos': 0.668, 'compound': 0.9337}",0.0,0.332,0.668,0.9337,Positive
BNP Paribas Open,2025-03-15,Masters 1000,Outdoor,Hard,Semifinals,3,Alcaraz C.,Draper J.,Draper J.,3,14,7510,2810,1.3,3.5,1-6 6-0 4-6,8.5,True,Alcaraz,Draper J.,12,Alcaraz vs Draper BNP Paribas Open 2025 highlights,qfmaPQ36r3k,DRAMATIC Final Set in Alcaraz vs Draper Thriller! | Indian Wells 2025 Highlights,Tennis TV,2025-03-16T00:34:53Z,https://www.youtube.com/watch?v=qfmaPQ36r3k,15,"Draper could have gone down after 6/0 in the second set, but he found the flame to come back and beat Alcaraz.",12,2025-03-16T06:35:46Z,"{'neg': 0.0, 'neu': 1.0, 'pos': 0.0, 'compound': 0.0}",0.0,1.0,0.0,0.0,Neutral
BNP Paribas Open,2025-03-15,Masters 1000,Outdoor,Hard,Semifinals,3,Alcaraz C.,Draper J.,Draper J.,3,14,7510,2810,1.3,3.5,1-6 6-0 4-6,8.5,True,Alcaraz,Draper J.,12,Alcaraz vs Draper BNP Paribas Open 2025 highlights,qfmaPQ36r3k,DRAMATIC Final Set in Alcaraz vs Draper Thriller! | Indian Wells 2025 Highlights,Tennis TV,2025-03-16T00:34:53Z,https://www.youtube.com/watch?v=qfmaPQ36r3k,16,Draper versus Rune. Going to be a hell of a final. ❤,34,2025-03-16T00:53:36Z,"{'neg': 0.232, 'neu': 0.556, 'pos': 0.212, 'compound': -0.1027}",0.232,0.556,0.212,-0.1027,Negative
BNP Paribas Open,2025-03-15,Masters 1000,Outdoor,Hard,Semifinals,3,Alcaraz C.,Draper J.,Draper J.,3,14,7510,2810,1.3,3.5,1-6 6-0 4-6,8.5,True,Alcaraz,Draper J.,12,Alcaraz vs Draper BNP Paribas Open 2025 highlights,qfmaPQ36r3k,DRAMATIC Final Set in Alcaraz vs Draper Thriller! | Indian Wells 2025 Highlights,Tennis TV,2025-03-16T00:34:53Z,https://www.youtube.com/watch?v=qfmaPQ36r3k,17,Yes! Happy to see him happy!,3,2025-03-16T04:21:19Z,"{'neg': 0.0, 'neu': 0.219, 'pos': 0.781, 'compound': 0.893}",0.0,0.219,0.781,0.893,Positive
BNP Paribas Open,2025-03-15,Masters 1000,Outdoor,Hard,Semifinals,3,Alcaraz C.,Draper J.,Draper J.,3,14,7510,2810,1.3,3.5,1-6 6-0 4-6,8.5,True,Alcaraz,Draper J.,12,Alcaraz vs Draper BNP Paribas Open 2025 highlights,qfmaPQ36r3k,DRAMATIC Final Set in Alcaraz vs Draper Thriller! | Indian Wells 2025 Highlights,Tennis TV,2025-03-16T00:34:53Z,https://www.youtube.com/watch?v=qfmaPQ36r3k,18,"What a perfect  match control Draper, come on and be the champion!",26,2025-03-16T00:48:06Z,"{'neg': 0.0, 'neu': 0.559, 'pos': 0.441, 'compound': 0.8356}",0.0,0.559,0.441,0.8356,Positive
BNP Paribas Open,2025-03-15,Masters 1000,Outdoor,Hard,Semifinals,3,Alcaraz C.,Draper J.,Draper J.,3,14,7510,2810,1.3,3.5,1-6 6-0 4-6,8.5,True,Alcaraz,Draper J.,12,Alcaraz vs Draper BNP Paribas Open 2025 highlights,qfmaPQ36r3k,DRAMATIC Final Set in Alcaraz vs Draper Thriller! | Indian Wells 2025 Highlights,Tennis TV,2025-03-16T00:34:53Z,https://www.youtube.com/watch?v=qfmaPQ36r3k,19,Magnificence of Draper!!!,5,2025-03-16T02:00:32Z,"{'neg': 0.0, 'neu': 0.319, 'pos': 0.681, 'compound': 0.6458}",0.0,0.319,0.681,0.6458,Positive
BNP Paribas Open,2025-03-15,Masters 1000,Outdoor,Hard,Semifinals,3,Alcaraz C.,Draper J.,Draper J.,3,14,7510,2810,1.3,3.5,1-6 6-0 4-6,8.5,True,Alcaraz,Draper J.,12,Alcaraz vs Draper BNP Paribas Open 2025 highlights,qfmaPQ36r3k,DRAMATIC Final Set in Alcaraz vs Draper Thriller! | Indian Wells 2025 Highlights,Tennis TV,2025-03-16T00:34:53Z,https://www.youtube.com/watch?v=qfmaPQ36r3k,20,"Bravo Draper, I love that kind of player",4,2025-03-16T07:37:20Z,"{'neg': 0.0, 'neu': 0.625, 'pos': 0.375, 'compound': 0.6369}",0.0,0.625,0.375,0.6369,Positive
BNP Paribas Open,2025-03-15,Masters 1000,Outdoor,Hard,Semifinals,3,Alcaraz C.,Draper J.,Draper J.,3,14,7510,2810,1.3,3.5,1-6 6-0 4-6,8.5,True,Alcaraz,Draper J.,12,Alcaraz vs Draper BNP Paribas Open 2025 highlights,qfmaPQ36r3k,DRAMATIC Final Set in Alcaraz vs Draper Thriller! | Indian Wells 2025 Highlights,Tennis TV,2025-03-16T00:34:53Z,https://www.youtube.com/watch?v=qfmaPQ36r3k,21,LET'S GOOOOOOOOO 🙌. Well done Draper 👏,16,2025-03-16T00:54:09Z,"{'neg': 0.0, 'neu': 0.792, 'pos': 0.208, 'compound': 0.2732}",0.0,0.792,0.208,0.2732,Positive
BNP Paribas Open,2025-03-15,Masters 1000,Outdoor,Hard,Semifinals,3,Alcaraz C.,Draper J.,Draper J.,3,14,7510,2810,1.3,3.5,1-6 6-0 4-6,8.5,True,Alcaraz,Draper J.,12,Alcaraz vs Draper BNP Paribas Open 2025 highlights,qfmaPQ36r3k,DRAMATIC Final Set in Alcaraz vs Draper Thriller! | Indian Wells 2025 Highlights,Tennis TV,2025-03-16T00:34:53Z,https://www.youtube.com/watch?v=qfmaPQ36r3k,22,"I admire this young player, he has a great future",3,2025-03-17T06:06:14Z,"{'neg': 0.0, 'neu': 0.526, 'pos': 0.474, 'compound': 0.802}",0.0,0.526,0.474,0.802,Positive
BNP Paribas Open,2025-03-15,Masters 1000,Outdoor,Hard,Semifinals,3,Alcaraz C.,Draper J.,Draper J.,3,14,7510,2810,1.3,3.5,1-6 6-0 4-6,8.5,True,Alcaraz,Draper J.,12,Alcaraz vs Draper BNP Paribas Open 2025 highlights,qfmaPQ36r3k,DRAMATIC Final Set in Alcaraz vs Draper Thriller! | Indian Wells 2025 Highlights,Tennis TV,2025-03-16T00:34:53Z,https://www.youtube.com/watch?v=qfmaPQ36r3k,23,So happy for Draper!,16,2025-03-16T01:56:16Z,"{'neg': 0.0, 'neu': 0.412, 'pos': 0.588, 'compound': 0.6468}",0.0,0.412,0.588,0.6468,Positive
BNP Paribas Open,2025-03-15,Masters 1000,Outdoor,Hard,Semifinals,3,Alcaraz C.,Draper J.,Draper J.,3,14,7510,2810,1.3,3.5,1-6 6-0 4-6,8.5,True,Alcaraz,Draper J.,12,Alcaraz vs Draper BNP Paribas Open 2025 highlights,qfmaPQ36r3k,DRAMATIC Final Set in Alcaraz vs Draper Thriller! | Indian Wells 2025 Highlights,Tennis TV,2025-03-16T00:34:53Z,https://www.youtube.com/watch?v=qfmaPQ36r3k,24,Draper is amazing. Those angles and plays are just incredible. Great potential!,40,2025-03-16T01:34:34Z,"{'neg': 0.0, 'neu': 0.462, 'pos': 0.538, 'compound': 0.8881}",0.0,0.462,0.538,0.8881,Positive
BNP Paribas Open,2025-03-15,Masters 1000,Outdoor,Hard,Semifinals,3,Alcaraz C.,Draper J.,Draper J.,3,14,7510,2810,1.3,3.5,1-6 6-0 4-6,8.5,True,Alcaraz,Draper J.,12,Alcaraz vs Draper BNP Paribas Open 2025 highlights,qfmaPQ36r3k,DRAMATIC Final Set in Alcaraz vs Draper Thriller! | Indian Wells 2025 Highlights,Tennis TV,2025-03-16T00:34:53Z,https://www.youtube.com/watch?v=qfmaPQ36r3k,25,Healthy Draper is so hard to beat,15,2025-03-16T00:50:21Z,"{'neg': 0.195, 'neu': 0.523, 'pos': 0.282, 'compound': 0.2105}",0.195,0.523,0.282,0.2105,Positive
ABN AMRO World Tennis Tournament,2025-02-09,ATP500,Indoor,Hard,The Final,3,De Minaur A.,Alcaraz C.,Alcaraz C.,8,3,3735,7010,3.2,1.36,4-6 6-3 2-6,5.5,False,Alcaraz,De Minaur A.,13,De Minaur vs Alcaraz ABN AMRO World Tennis Tournament 2025 highlights,2_gliKdp7ro,Carlos Alcaraz vs Alex De Minaur For The Title 🏆 | Rotterdam 2025 Highlights Final,Tennis TV,2025-02-09T17:13:51Z,https://www.youtube.com/watch?v=2_gliKdp7ro,1,Congratulations to both players for showing us a great show.,273,2025-02-09T18:33:58Z,"{'neg': 0.0, 'neu': 0.5, 'pos': 0.5, 'compound': 0.8402}",0.0,0.5,0.5,0.8402,Positive
ABN AMRO World Tennis Tournament,2025-02-09,ATP500,Indoor,Hard,The Final,3,De Minaur A.,Alcaraz C.,Alcaraz C.,8,3,3735,7010,3.2,1.36,4-6 6-3 2-6,5.5,False,Alcaraz,De Minaur A.,13,De Minaur vs Alcaraz ABN AMRO World Tennis Tournament 2025 highlights,2_gliKdp7ro,Carlos Alcaraz vs Alex De Minaur For The Title 🏆 | Rotterdam 2025 Highlights Final,Tennis TV,2025-02-09T17:13:51Z,https://www.youtube.com/watch?v=2_gliKdp7ro,2,The fastest two men on tour—always love their matches,226,2025-02-09T20:30:45Z,"{'neg': 0.0, 'neu': 0.656, 'pos': 0.344, 'compound': 0.6369}",0.0,0.656,0.344,0.6369,Positive
ABN AMRO World Tennis Tournament,2025-02-09,ATP500,Indoor,Hard,The Final,3,De Minaur A.,Alcaraz C.,Alcaraz C.,8,3,3735,7010,3.2,1.36,4-6 6-3 2-6,5.5,False,Alcaraz,De Minaur A.,13,De Minaur vs Alcaraz ABN AMRO World Tennis Tournament 2025 highlights,2_gliKdp7ro,Carlos Alcaraz vs Alex De Minaur For The Title 🏆 | Rotterdam 2025 Highlights Final,Tennis TV,2025-02-09T17:13:51Z,https://www.youtube.com/watch?v=2_gliKdp7ro,3,"First indoor title, and more to come! Congrats, Carlos 🎉🎉",364,2025-02-09T17:15:30Z,"{'neg': 0.0, 'neu': 0.517, 'pos': 0.483, 'compound': 0.8539}",0.0,0.517,0.483,0.8539,Positive
ABN AMRO World Tennis Tournament,2025-02-09,ATP500,Indoor,Hard,The Final,3,De Minaur A.,Alcaraz C.,Alcaraz C.,8,3,3735,7010,3.2,1.36,4-6 6-3 2-6,5.5,False,Alcaraz,De Minaur A.,13,De Minaur vs Alcaraz ABN AMRO World Tennis Tournament 2025 highlights,2_gliKdp7ro,Carlos Alcaraz vs Alex De Minaur For The Title 🏆 | Rotterdam 2025 Highlights Final,Tennis TV,2025-02-09T17:13:51Z,https://www.youtube.com/watch?v=2_gliKdp7ro,4,"I know alcaraz won, but to me this match has shown me the rise of De minaur. His power has increased, some of his groundstrokes were insane. He doesn't have the consistency to match that power yet but these are encouraging signs for him :)",684,2025-02-09T18:24:47Z,"{'neg': 0.062, 'neu': 0.7, 'pos': 0.238, 'compound': 0.8765}",0.062,0.7,0.238,0.8765,Positive
ABN AMRO World Tennis Tournament,2025-02-09,ATP500,Indoor,Hard,The Final,3,De Minaur A.,Alcaraz C.,Alcaraz C.,8,3,3735,7010,3.2,1.36,4-6 6-3 2-6,5.5,False,Alcaraz,De Minaur A.,13,De Minaur vs Alcaraz ABN AMRO World Tennis Tournament 2025 highlights,2_gliKdp7ro,Carlos Alcaraz vs Alex De Minaur For The Title 🏆 | Rotterdam 2025 Highlights Final,Tennis TV,2025-02-09T17:13:51Z,https://www.youtube.com/watch?v=2_gliKdp7ro,5,Being a De Minaur fan is one of the toughest things ever.,832,2025-02-09T17:18:33Z,"{'neg': 0.096, 'neu': 0.735, 'pos': 0.169, 'compound': 0.25}",0.096,0.735,0.169,0.25,Positive
ABN AMRO World Tennis Tournament,2025-02-09,ATP500,Indoor,Hard,The Final,3,De Minaur A.,Alcaraz C.,Alcaraz C.,8,3,3735,7010,3.2,1.36,4-6 6-3 2-6,5.5,False,Alcaraz,De Minaur A.,13,De Minaur vs Alcaraz ABN AMRO World Tennis Tournament 2025 highlights,2_gliKdp7ro,Carlos Alcaraz vs Alex De Minaur For The Title 🏆 | Rotterdam 2025 Highlights Final,Tennis TV,2025-02-09T17:13:51Z,https://www.youtube.com/watch?v=2_gliKdp7ro,6,"Demon has come a long way, his groundstrokes and variety can genuinely punch through Alcaraz now. He can't redline at that top level for a whole match but surely he's shutting the mouths of people who say he's not a top 10 player",639,2025-02-09T17:24:59Z,"{'neg': 0.04, 'neu': 0.849, 'pos': 0.111, 'compound': 0.5207}",0.04,0.849,0.111,0.5207,Positive
ABN AMRO World Tennis Tournament,2025-02-09,ATP500,Indoor,Hard,The Final,3,De Minaur A.,Alcaraz C.,Alcaraz C.,8,3,3735,7010,3.2,1.36,4-6 6-3 2-6,5.5,False,Alcaraz,De Minaur A.,13,De Minaur vs Alcaraz ABN AMRO World Tennis Tournament 2025 highlights,2_gliKdp7ro,Carlos Alcaraz vs Alex De Minaur For The Title 🏆 | Rotterdam 2025 Highlights Final,Tennis TV,2025-02-09T17:13:51Z,https://www.youtube.com/watch?v=2_gliKdp7ro,7,Good for Alcaraz's confidence,56,2025-02-09T17:20:14Z,"{'neg': 0.0, 'neu': 0.244, 'pos': 0.756, 'compound': 0.7351}",0.0,0.244,0.756,0.7351,Positive
ABN AMRO World Tennis Tournament,2025-02-09,ATP500,Indoor,Hard,The Final,3,De Minaur A.,Alcaraz C.,Alcaraz C.,8,3,3735,7010,3.2,1.36,4-6 6-3 2-6,5.5,False,Alcaraz,De Minaur A.,13,De Minaur vs Alcaraz ABN AMRO World Tennis Tournament 2025 highlights,2_gliKdp7ro,Carlos Alcaraz vs Alex De Minaur For The Title 🏆 | Rotterdam 2025 Highlights Final,Tennis TV,2025-02-09T17:13:51Z,https://www.youtube.com/watch?v=2_gliKdp7ro,8,so happy for him to be champion again,59,2025-02-09T17:20:04Z,"{'neg': 0.0, 'neu': 0.432, 'pos': 0.568, 'compound': 0.8357}",0.0,0.432,0.568,0.8357,Positive
ABN AMRO World Tennis Tournament,2025-02-09,ATP500,Indoor,Hard,The Final,3,De Minaur A.,Alcaraz C.,Alcaraz C.,8,3,3735,7010,3.2,1.36,4-6 6-3 2-6,5.5,False,Alcaraz,De Minaur A.,13,De Minaur vs Alcaraz ABN AMRO World Tennis Tournament 2025 highlights,2_gliKdp7ro,Carlos Alcaraz vs Alex De Minaur For The Title 🏆 | Rotterdam 2025 Highlights Final,Tennis TV,2025-02-09T17:13:51Z,https://www.youtube.com/watch?v=2_gliKdp7ro,9,Great to see Carlos playing so well again. Gotta feel for De Minaur tho :(,226,2025-02-09T17:31:45Z,"{'neg': 0.129, 'neu': 0.488, 'pos': 0.383, 'compound': 0.6948}",0.129,0.488,0.383,0.6948,Positive
ABN AMRO World Tennis Tournament,2025-02-09,ATP500,Indoor,Hard,The Final,3,De Minaur A.,Alcaraz C.,Alcaraz C.,8,3,3735,7010,3.2,1.36,4-6 6-3 2-6,5.5,False,Alcaraz,De Minaur A.,13,De Minaur vs Alcaraz ABN AMRO World Tennis Tournament 2025 highlights,2_gliKdp7ro,Carlos Alcaraz vs Alex De Minaur For The Title 🏆 | Rotterdam 2025 Highlights Final,Tennis TV,2025-02-09T17:13:51Z,https://www.youtube.com/watch?v=2_gliKdp7ro,10,Both these guys are pure lightning on the court ⚡🔥 Alcaraz with his power and De Minaur with his insane speed—this match was a speedster's dream!,142,2025-02-09T17:44:22Z,"{'neg': 0.166, 'neu': 0.772, 'pos': 0.062, 'compound': -0.5255}",0.166,0.772,0.062,-0.5255,Negative
ABN AMRO World Tennis Tournament,2025-02-09,ATP500,Indoor,Hard,The Final,3,De Minaur A.,Alcaraz C.,Alcaraz C.,8,3,3735,7010,3.2,1.36,4-6 6-3 2-6,5.5,False,Alcaraz,De Minaur A.,13,De Minaur vs Alcaraz ABN AMRO World Tennis Tournament 2025 highlights,2_gliKdp7ro,Carlos Alcaraz vs Alex De Minaur For The Title 🏆 | Rotterdam 2025 Highlights Final,Tennis TV,2025-02-09T17:13:51Z,https://www.youtube.com/watch?v=2_gliKdp7ro,11,"im not the biggest fan of de minuar, but i will say, he gave it his all in this match. Probably the best i have ever seen him play. Congrats to both of them",145,2025-02-09T19:30:25Z,"{'neg': 0.033, 'neu': 0.667, 'pos': 0.3, 'compound': 0.9327}",0.033,0.667,0.3,0.9327,Positive
ABN AMRO World Tennis Tournament,2025-02-09,ATP500,Indoor,Hard,The Final,3,De Minaur A.,Alcaraz C.,Alcaraz C.,8,3,3735,7010,3.2,1.36,4-6 6-3 2-6,5.5,False,Alcaraz,De Minaur A.,13,De Minaur vs Alcaraz ABN AMRO World Tennis Tournament 2025 highlights,2_gliKdp7ro,Carlos Alcaraz vs Alex De Minaur For The Title 🏆 | Rotterdam 2025 Highlights Final,Tennis TV,2025-02-09T17:13:51Z,https://www.youtube.com/watch?v=2_gliKdp7ro,12,Two of the fastest guys in tennis. Insane court coverage!,10,2025-02-10T00:14:50Z,"{'neg': 0.249, 'neu': 0.751, 'pos': 0.0, 'compound': -0.4574}",0.249,0.751,0.0,-0.4574,Negative
ABN AMRO World Tennis Tournament,2025-02-09,ATP500,Indoor,Hard,The Final,3,De Minaur A.,Alcaraz C.,Alcaraz C.,8,3,3735,7010,3.2,1.36,4-6 6-3 2-6,5.5,False,Alcaraz,De Minaur A.,13,De Minaur vs Alcaraz ABN AMRO World Tennis Tournament 2025 highlights,2_gliKdp7ro,Carlos Alcaraz vs Alex De Minaur For The Title 🏆 | Rotterdam 2025 Highlights Final,Tennis TV,2025-02-09T17:13:51Z,https://www.youtube.com/watch?v=2_gliKdp7ro,13,let's go Alcaraz!  First indoor title gg!,42,2025-02-09T17:25:10Z,"{'neg': 0.0, 'neu': 1.0, 'pos': 0.0, 'compound': 0.0}",0.0,1.0,0.0,0.0,Neutral
ABN AMRO World Tennis Tournament,2025-02-09,ATP500,Indoor,Hard,The Final,3,De Minaur A.,Alcaraz C.,Alcaraz C.,8,3,3735,7010,3.2,1.36,4-6 6-3 2-6,5.5,False,Alcaraz,De Minaur A.,13,De Minaur vs Alcaraz ABN AMRO World Tennis Tournament 2025 highlights,2_gliKdp7ro,Carlos Alcaraz vs Alex De Minaur For The Title 🏆 | Rotterdam 2025 Highlights Final,Tennis TV,2025-02-09T17:13:51Z,https://www.youtube.com/watch?v=2_gliKdp7ro,14,Great match. De Minaur belongs in the Top 8. Great win for Alcaraz with superb defensive plays.,20,2025-02-09T21:17:45Z,"{'neg': 0.0, 'neu': 0.323, 'pos': 0.677, 'compound': 0.9638}",0.0,0.323,0.677,0.9638,Positive
ABN AMRO World Tennis Tournament,2025-02-09,ATP500,Indoor,Hard,The Final,3,De Minaur A.,Alcaraz C.,Alcaraz C.,8,3,3735,7010,3.2,1.36,4-6 6-3 2-6,5.5,False,Alcaraz,De Minaur A.,13,De Minaur vs Alcaraz ABN AMRO World Tennis Tournament 2025 highlights,2_gliKdp7ro,Carlos Alcaraz vs Alex De Minaur For The Title 🏆 | Rotterdam 2025 Highlights Final,Tennis TV,2025-02-09T17:13:51Z,https://www.youtube.com/watch?v=2_gliKdp7ro,15,7:29 we need more tennis mascots I think he gave Carlos good luck 😂,95,2025-02-09T18:15:29Z,"{'neg': 0.074, 'neu': 0.547, 'pos': 0.379, 'compound': 0.8316}",0.074,0.547,0.379,0.8316,Positive
ABN AMRO World Tennis Tournament,2025-02-09,ATP500,Indoor,Hard,The Final,3,De Minaur A.,Alcaraz C.,Alcaraz C.,8,3,3735,7010,3.2,1.36,4-6 6-3 2-6,5.5,False,Alcaraz,De Minaur A.,13,De Minaur vs Alcaraz ABN AMRO World Tennis Tournament 2025 highlights,2_gliKdp7ro,Carlos Alcaraz vs Alex De Minaur For The Title 🏆 | Rotterdam 2025 Highlights Final,Tennis TV,2025-02-09T17:13:51Z,https://www.youtube.com/watch?v=2_gliKdp7ro,16,Enhorabuena Carlitos 🇪🇸❤️❤️,38,2025-02-09T17:14:19Z,"{'neg': 0.0, 'neu': 1.0, 'pos': 0.0, 'compound': 0.0}",0.0,1.0,0.0,0.0,Neutral
ABN AMRO World Tennis Tournament,2025-02-09,ATP500,Indoor,Hard,The Final,3,De Minaur A.,Alcaraz C.,Alcaraz C.,8,3,3735,7010,3.2,1.36,4-6 6-3 2-6,5.5,False,Alcaraz,De Minaur A.,13,De Minaur vs Alcaraz ABN AMRO World Tennis Tournament 2025 highlights,2_gliKdp7ro,Carlos Alcaraz vs Alex De Minaur For The Title 🏆 | Rotterdam 2025 Highlights Final,Tennis TV,2025-02-09T17:13:51Z,https://www.youtube.com/watch?v=2_gliKdp7ro,17,The most dynamic two players ! Really fascinating to watch this final.,8,2025-02-10T02:08:19Z,"{'neg': 0.0, 'neu': 0.589, 'pos': 0.411, 'compound': 0.7893}",0.0,0.589,0.411,0.7893,Positive
ABN AMRO World Tennis Tournament,2025-02-09,ATP500,Indoor,Hard,The Final,3,De Minaur A.,Alcaraz C.,Alcaraz C.,8,3,3735,7010,3.2,1.36,4-6 6-3 2-6,5.5,False,Alcaraz,De Minaur A.,13,De Minaur vs Alcaraz ABN AMRO World Tennis Tournament 2025 highlights,2_gliKdp7ro,Carlos Alcaraz vs Alex De Minaur For The Title 🏆 | Rotterdam 2025 Highlights Final,Tennis TV,2025-02-09T17:13:51Z,https://www.youtube.com/watch?v=2_gliKdp7ro,18,"Congratulations to the organisers for this great tournament, Rotterdam is always offering phenomenal matches, one of the best indoors events of the season. Alcaraz is amazing. First participation to the event, first title..",114,2025-02-09T18:35:45Z,"{'neg': 0.0, 'neu': 0.634, 'pos': 0.366, 'compound': 0.957}",0.0,0.634,0.366,0.957,Positive
ABN AMRO World Tennis Tournament,2025-02-09,ATP500,Indoor,Hard,The Final,3,De Minaur A.,Alcaraz C.,Alcaraz C.,8,3,3735,7010,3.2,1.36,4-6 6-3 2-6,5.5,False,Alcaraz,De Minaur A.,13,De Minaur vs Alcaraz ABN AMRO World Tennis Tournament 2025 highlights,2_gliKdp7ro,Carlos Alcaraz vs Alex De Minaur For The Title 🏆 | Rotterdam 2025 Highlights Final,Tennis TV,2025-02-09T17:13:51Z,https://www.youtube.com/watch?v=2_gliKdp7ro,19,Mágico Carlitoooos! Te queremos!❤🎉,20,2025-02-09T17:50:15Z,"{'neg': 0.0, 'neu': 0.445, 'pos': 0.555, 'compound': 0.8168}",0.0,0.445,0.555,0.8168,Positive
ABN AMRO World Tennis Tournament,2025-02-09,ATP500,Indoor,Hard,The Final,3,De Minaur A.,Alcaraz C.,Alcaraz C.,8,3,3735,7010,3.2,1.36,4-6 6-3 2-6,5.5,False,Alcaraz,De Minaur A.,13,De Minaur vs Alcaraz ABN AMRO World Tennis Tournament 2025 highlights,2_gliKdp7ro,Carlos Alcaraz vs Alex De Minaur For The Title 🏆 | Rotterdam 2025 Highlights Final,Tennis TV,2025-02-09T17:13:51Z,https://www.youtube.com/watch?v=2_gliKdp7ro,20,Well done alcaraz for first indoor title you are born to be a champion,78,2025-02-09T17:54:45Z,"{'neg': 0.0, 'neu': 0.667, 'pos': 0.333, 'compound': 0.7184}",0.0,0.667,0.333,0.7184,Positive
ABN AMRO World Tennis Tournament,2025-02-09,ATP500,Indoor,Hard,The Final,3,De Minaur A.,Alcaraz C.,Alcaraz C.,8,3,3735,7010,3.2,1.36,4-6 6-3 2-6,5.5,False,Alcaraz,De Minaur A.,13,De Minaur vs Alcaraz ABN AMRO World Tennis Tournament 2025 highlights,2_gliKdp7ro,Carlos Alcaraz vs Alex De Minaur For The Title 🏆 | Rotterdam 2025 Highlights Final,Tennis TV,2025-02-09T17:13:51Z,https://www.youtube.com/watch?v=2_gliKdp7ro,21,Wishing Carlos full health and strength for the rest of the season.,4,2025-02-09T20:57:09Z,"{'neg': 0.0, 'neu': 0.662, 'pos': 0.338, 'compound': 0.6249}",0.0,0.662,0.338,0.6249,Positive
ABN AMRO World Tennis Tournament,2025-02-09,ATP500,Indoor,Hard,The Final,3,De Minaur A.,Alcaraz C.,Alcaraz C.,8,3,3735,7010,3.2,1.36,4-6 6-3 2-6,5.5,False,Alcaraz,De Minaur A.,13,De Minaur vs Alcaraz ABN AMRO World Tennis Tournament 2025 highlights,2_gliKdp7ro,Carlos Alcaraz vs Alex De Minaur For The Title 🏆 | Rotterdam 2025 Highlights Final,Tennis TV,2025-02-09T17:13:51Z,https://www.youtube.com/watch?v=2_gliKdp7ro,22,I like that Alex played a fantastic match even though he lost. He fought Alcaraz toe to toe and was not afraid of him. Wish him better luck next time. Kudos to Alcaraz for performing as expected.,7,2025-02-09T21:19:16Z,"{'neg': 0.087, 'neu': 0.528, 'pos': 0.385, 'compound': 0.9413}",0.087,0.528,0.385,0.9413,Positive
ABN AMRO World Tennis Tournament,2025-02-09,ATP500,Indoor,Hard,The Final,3,De Minaur A.,Alcaraz C.,Alcaraz C.,8,3,3735,7010,3.2,1.36,4-6 6-3 2-6,5.5,False,Alcaraz,De Minaur A.,13,De Minaur vs Alcaraz ABN AMRO World Tennis Tournament 2025 highlights,2_gliKdp7ro,Carlos Alcaraz vs Alex De Minaur For The Title 🏆 | Rotterdam 2025 Highlights Final,Tennis TV,2025-02-09T17:13:51Z,https://www.youtube.com/watch?v=2_gliKdp7ro,23,Comeon! Carlitos!!!! Keep like this and will be your moment again!,10,2025-02-09T18:09:38Z,"{'neg': 0.0, 'neu': 0.732, 'pos': 0.268, 'compound': 0.5673}",0.0,0.732,0.268,0.5673,Positive
ABN AMRO World Tennis Tournament,2025-02-09,ATP500,Indoor,Hard,The Final,3,De Minaur A.,Alcaraz C.,Alcaraz C.,8,3,3735,7010,3.2,1.36,4-6 6-3 2-6,5.5,False,Alcaraz,De Minaur A.,13,De Minaur vs Alcaraz ABN AMRO World Tennis Tournament 2025 highlights,2_gliKdp7ro,Carlos Alcaraz vs Alex De Minaur For The Title 🏆 | Rotterdam 2025 Highlights Final,Tennis TV,2025-02-09T17:13:51Z,https://www.youtube.com/watch?v=2_gliKdp7ro,24,The improvement in de minaur is astounding,3,2025-02-10T01:23:24Z,"{'neg': 0.0, 'neu': 0.463, 'pos': 0.537, 'compound': 0.7003}",0.0,0.463,0.537,0.7003,Positive
ABN AMRO World Tennis Tournament,2025-02-09,ATP500,Indoor,Hard,The Final,3,De Minaur A.,Alcaraz C.,Alcaraz C.,8,3,3735,7010,3.2,1.36,4-6 6-3 2-6,5.5,False,Alcaraz,De Minaur A.,13,De Minaur vs Alcaraz ABN AMRO World Tennis Tournament 2025 highlights,2_gliKdp7ro,Carlos Alcaraz vs Alex De Minaur For The Title 🏆 | Rotterdam 2025 Highlights Final,Tennis TV,2025-02-09T17:13:51Z,https://www.youtube.com/watch?v=2_gliKdp7ro,25,YESS CARLOSSS…HES BACK IN FORM FINALLY..HOPEFULLY IT CONTINUES🐐🐐,56,2025-02-09T17:17:25Z,"{'neg': 0.0, 'neu': 1.0, 'pos': 0.0, 'compound': 0.0}",0.0,1.0,0.0,0.0,Neutral
Australian Open,2025-01-21,Grand Slam,Outdoor,Hard,Quarterfinals,5,Djokovic N.,Alcaraz C.,Djokovic N.,7,3,3900,7010,2.5,1.53,4-6 6-4 6-3 6-4,5.0,True,Alcaraz,Djokovic N.,14,Djokovic vs Alcaraz Australian Open 2025 highlights,Up7jxaRYt1o,Novak Djokovic v Carlos Alcaraz Extended Highlights | Australian Open 2025 Quarterfinal,Australian Open,2025-01-21T15:30:10Z,https://www.youtube.com/watch?v=Up7jxaRYt1o,1,anyone else here getting ready for the upcoming final??,240,2026-01-30T14:44:47Z,"{'neg': 0.0, 'neu': 0.737, 'pos': 0.263, 'compound': 0.4329}",0.0,0.737,0.263,0.4329,Positive
Australian Open,2025-01-21,Grand Slam,Outdoor,Hard,Quarterfinals,5,Djokovic N.,Alcaraz C.,Djokovic N.,7,3,3900,7010,2.5,1.53,4-6 6-4 6-3 6-4,5.0,True,Alcaraz,Djokovic N.,14,Djokovic vs Alcaraz Australian Open 2025 highlights,Up7jxaRYt1o,Novak Djokovic v Carlos Alcaraz Extended Highlights | Australian Open 2025 Quarterfinal,Australian Open,2025-01-21T15:30:10Z,https://www.youtube.com/watch?v=Up7jxaRYt1o,2,"The level he displayed at almost 38 was so mind boggling to watch. Honestly no words to describe the grit and determination he displayed during this match. It shouldn't be possible, but it is",3380,2025-01-21T16:00:33Z,"{'neg': 0.044, 'neu': 0.85, 'pos': 0.106, 'compound': 0.3071}",0.044,0.85,0.106,0.3071,Positive
Australian Open,2025-01-21,Grand Slam,Outdoor,Hard,Quarterfinals,5,Djokovic N.,Alcaraz C.,Djokovic N.,7,3,3900,7010,2.5,1.53,4-6 6-4 6-3 6-4,5.0,True,Alcaraz,Djokovic N.,14,Djokovic vs Alcaraz Australian Open 2025 highlights,Up7jxaRYt1o,Novak Djokovic v Carlos Alcaraz Extended Highlights | Australian Open 2025 Quarterfinal,Australian Open,2025-01-21T15:30:10Z,https://www.youtube.com/watch?v=Up7jxaRYt1o,3,"Not a Djokovic fan at all. However, you gotta give credit where credit is due. The fact that he can still play like this against a 4-time GS champion who is 16 years his junior speaks volumes about his level of physical fitness, mental fitness, commitment to the game. Federer is my all-time favorite tennis player, and Alcaraz my new favorite. But Djokovic is the GOAT for a reason, and he just showed why today. Outstanding!",3766,2025-01-21T17:15:23Z,"{'neg': 0.017, 'neu': 0.714, 'pos': 0.27, 'compound': 0.9566}",0.017,0.714,0.27,0.9566,Positive
Australian Open,2025-01-21,Grand Slam,Outdoor,Hard,Quarterfinals,5,Djokovic N.,Alcaraz C.,Djokovic N.,7,3,3900,7010,2.5,1.53,4-6 6-4 6-3 6-4,5.0,True,Alcaraz,Djokovic N.,14,Djokovic vs Alcaraz Australian Open 2025 highlights,Up7jxaRYt1o,Novak Djokovic v Carlos Alcaraz Extended Highlights | Australian Open 2025 Quarterfinal,Australian Open,2025-01-21T15:30:10Z,https://www.youtube.com/watch?v=Up7jxaRYt1o,4,Who's here before their match at the US Open 2025 ?,243,2025-09-03T09:49:41Z,"{'neg': 0.0, 'neu': 1.0, 'pos': 0.0, 'compound': 0.0}",0.0,1.0,0.0,0.0,Neutral
Australian Open,2025-01-21,Grand Slam,Outdoor,Hard,Quarterfinals,5,Djokovic N.,Alcaraz C.,Djokovic N.,7,3,3900,7010,2.5,1.53,4-6 6-4 6-3 6-4,5.0,True,Alcaraz,Djokovic N.,14,Djokovic vs Alcaraz Australian Open 2025 highlights,Up7jxaRYt1o,Novak Djokovic v Carlos Alcaraz Extended Highlights | Australian Open 2025 Quarterfinal,Australian Open,2025-01-21T15:30:10Z,https://www.youtube.com/watch?v=Up7jxaRYt1o,5,Who is here before the Match at the US Open 2025 Djokovic Alcaraz ? 🤩,198,2025-09-04T00:38:46Z,"{'neg': 0.0, 'neu': 1.0, 'pos': 0.0, 'compound': 0.0}",0.0,1.0,0.0,0.0,Neutral
Australian Open,2025-01-21,Grand Slam,Outdoor,Hard,Quarterfinals,5,Djokovic N.,Alcaraz C.,Djokovic N.,7,3,3900,7010,2.5,1.53,4-6 6-4 6-3 6-4,5.0,True,Alcaraz,Djokovic N.,14,Djokovic vs Alcaraz Australian Open 2025 highlights,Up7jxaRYt1o,Novak Djokovic v Carlos Alcaraz Extended Highlights | Australian Open 2025 Quarterfinal,Australian Open,2025-01-21T15:30:10Z,https://www.youtube.com/watch?v=Up7jxaRYt1o,6,"Andy Murray: ""Well done Djoko, no hugging please, I'm British.""",879,2025-01-21T16:27:08Z,"{'neg': 0.321, 'neu': 0.523, 'pos': 0.157, 'compound': -0.2946}",0.321,0.523,0.157,-0.2946,Negative
Australian Open,2025-01-21,Grand Slam,Outdoor,Hard,Quarterfinals,5,Djokovic N.,Alcaraz C.,Djokovic N.,7,3,3900,7010,2.5,1.53,4-6 6-4 6-3 6-4,5.0,True,Alcaraz,Djokovic N.,14,Djokovic vs Alcaraz Australian Open 2025 highlights,Up7jxaRYt1o,Novak Djokovic v Carlos Alcaraz Extended Highlights | Australian Open 2025 Quarterfinal,Australian Open,2025-01-21T15:30:10Z,https://www.youtube.com/watch?v=Up7jxaRYt1o,7,Novak showed tonight why he's the greatest returner of all time!,1759,2025-01-21T15:35:34Z,"{'neg': 0.0, 'neu': 0.69, 'pos': 0.31, 'compound': 0.6696}",0.0,0.69,0.31,0.6696,Positive
Australian Open,2025-01-21,Grand Slam,Outdoor,Hard,Quarterfinals,5,Djokovic N.,Alcaraz C.,Djokovic N.,7,3,3900,7010,2.5,1.53,4-6 6-4 6-3 6-4,5.0,True,Alcaraz,Djokovic N.,14,Djokovic vs Alcaraz Australian Open 2025 highlights,Up7jxaRYt1o,Novak Djokovic v Carlos Alcaraz Extended Highlights | Australian Open 2025 Quarterfinal,Australian Open,2025-01-21T15:30:10Z,https://www.youtube.com/watch?v=Up7jxaRYt1o,8,"Novak Djokovic is on a different level! He's not just dominating the tennis world, he's redefining it. Unreal skills, unparalleled determination!",2156,2025-01-21T15:46:53Z,"{'neg': 0.0, 'neu': 0.786, 'pos': 0.214, 'compound': 0.6336}",0.0,0.786,0.214,0.6336,Positive
Australian Open,2025-01-21,Grand Slam,Outdoor,Hard,Quarterfinals,5,Djokovic N.,Alcaraz C.,Djokovic N.,7,3,3900,7010,2.5,1.53,4-6 6-4 6-3 6-4,5.0,True,Alcaraz,Djokovic N.,14,Djokovic vs Alcaraz Australian Open 2025 highlights,Up7jxaRYt1o,Novak Djokovic v Carlos Alcaraz Extended Highlights | Australian Open 2025 Quarterfinal,Australian Open,2025-01-21T15:30:10Z,https://www.youtube.com/watch?v=Up7jxaRYt1o,9,Can’t stop coming back to these insane matches. Novak is just built different. 🔥🎾,5,2025-07-11T13:29:07Z,"{'neg': 0.378, 'neu': 0.622, 'pos': 0.0, 'compound': -0.743}",0.378,0.622,0.0,-0.743,Negative
Australian Open,2025-01-21,Grand Slam,Outdoor,Hard,Quarterfinals,5,Djokovic N.,Alcaraz C.,Djokovic N.,7,3,3900,7010,2.5,1.53,4-6 6-4 6-3 6-4,5.0,True,Alcaraz,Djokovic N.,14,Djokovic vs Alcaraz Australian Open 2025 highlights,Up7jxaRYt1o,Novak Djokovic v Carlos Alcaraz Extended Highlights | Australian Open 2025 Quarterfinal,Australian Open,2025-01-21T15:30:10Z,https://www.youtube.com/watch?v=Up7jxaRYt1o,10,"Djokovic fan, but you must appreciate Alcaraz’s demeanor. Humble enough to smile while being down in sets.",124,2025-01-22T03:37:52Z,"{'neg': 0.0, 'neu': 0.624, 'pos': 0.376, 'compound': 0.8151}",0.0,0.624,0.376,0.8151,Positive
Australian Open,2025-01-21,Grand Slam,Outdoor,Hard,Quarterfinals,5,Djokovic N.,Alcaraz C.,Djokovic N.,7,3,3900,7010,2.5,1.53,4-6 6-4 6-3 6-4,5.0,True,Alcaraz,Djokovic N.,14,Djokovic vs Alcaraz Australian Open 2025 highlights,Up7jxaRYt1o,Novak Djokovic v Carlos Alcaraz Extended Highlights | Australian Open 2025 Quarterfinal,Australian Open,2025-01-21T15:30:10Z,https://www.youtube.com/watch?v=Up7jxaRYt1o,11,50 grand slam semis. R u kidding me. That is INSANE.,600,2025-01-21T16:31:52Z,"{'neg': 0.346, 'neu': 0.402, 'pos': 0.252, 'compound': -0.3885}",0.346,0.402,0.252,-0.3885,Negative
Australian Open,2025-01-21,Grand Slam,Outdoor,Hard,Quarterfinals,5,Djokovic N.,Alcaraz C.,Djokovic N.,7,3,3900,7010,2.5,1.53,4-6 6-4 6-3 6-4,5.0,True,Alcaraz,Djokovic N.,14,Djokovic vs Alcaraz Australian Open 2025 highlights,Up7jxaRYt1o,Novak Djokovic v Carlos Alcaraz Extended Highlights | Australian Open 2025 Quarterfinal,Australian Open,2025-01-21T15:30:10Z,https://www.youtube.com/watch?v=Up7jxaRYt1o,12,Where are Carlos '3-0 easy win' comments,1327,2025-01-21T15:33:06Z,"{'neg': 0.0, 'neu': 0.427, 'pos': 0.573, 'compound': 0.7717}",0.0,0.427,0.573,0.7717,Positive
Australian Open,2025-01-21,Grand Slam,Outdoor,Hard,Quarterfinals,5,Djokovic N.,Alcaraz C.,Djokovic N.,7,3,3900,7010,2.5,1.53,4-6 6-4 6-3 6-4,5.0,True,Alcaraz,Djokovic N.,14,Djokovic vs Alcaraz Australian Open 2025 highlights,Up7jxaRYt1o,Novak Djokovic v Carlos Alcaraz Extended Highlights | Australian Open 2025 Quarterfinal,Australian Open,2025-01-21T15:30:10Z,https://www.youtube.com/watch?v=Up7jxaRYt1o,13,Absolutely the best to ever pick up a racket.  Unbelievable determination and fight.,331,2025-01-21T16:03:13Z,"{'neg': 0.126, 'neu': 0.437, 'pos': 0.436, 'compound': 0.749}",0.126,0.437,0.436,0.749,Positive
Australian Open,2025-01-21,Grand Slam,Outdoor,Hard,Quarterfinals,5,Djokovic N.,Alcaraz C.,Djokovic N.,7,3,3900,7010,2.5,1.53,4-6 6-4 6-3 6-4,5.0,True,Alcaraz,Djokovic N.,14,Djokovic vs Alcaraz Australian Open 2025 highlights,Up7jxaRYt1o,Novak Djokovic v Carlos Alcaraz Extended Highlights | Australian Open 2025 Quarterfinal,Australian Open,2025-01-21T15:30:10Z,https://www.youtube.com/watch?v=Up7jxaRYt1o,14,"Holy shit.
What a match.

THIS IS TENNIS!!!",18,2025-01-22T07:01:55Z,"{'neg': 0.39, 'neu': 0.61, 'pos': 0.0, 'compound': -0.6679}",0.39,0.61,0.0,-0.6679,Negative
Australian Open,2025-01-21,Grand Slam,Outdoor,Hard,Quarterfinals,5,Djokovic N.,Alcaraz C.,Djokovic N.,7,3,3900,7010,2.5,1.53,4-6 6-4 6-3 6-4,5.0,True,Alcaraz,Djokovic N.,14,Djokovic vs Alcaraz Australian Open 2025 highlights,Up7jxaRYt1o,Novak Djokovic v Carlos Alcaraz Extended Highlights | Australian Open 2025 Quarterfinal,Australian Open,2025-01-21T15:30:10Z,https://www.youtube.com/watch?v=Up7jxaRYt1o,15,I'm in awe of this man. More so now than ever. The Undisputed GOAT of this sport and he will go down as one of the greatest sportsmen in history.,548,2025-01-21T16:45:11Z,"{'neg': 0.0, 'neu': 0.873, 'pos': 0.127, 'compound': 0.6369}",0.0,0.873,0.127,0.6369,Positive
Australian Open,2025-01-21,Grand Slam,Outdoor,Hard,Quarterfinals,5,Djokovic N.,Alcaraz C.,Djokovic N.,7,3,3900,7010,2.5,1.53,4-6 6-4 6-3 6-4,5.0,True,Alcaraz,Djokovic N.,14,Djokovic vs Alcaraz Australian Open 2025 highlights,Up7jxaRYt1o,Novak Djokovic v Carlos Alcaraz Extended Highlights | Australian Open 2025 Quarterfinal,Australian Open,2025-01-21T15:30:10Z,https://www.youtube.com/watch?v=Up7jxaRYt1o,16,"OMG, I have run out of words with Novak Djokovic, simply the greatest, what a champion!!!!",183,2025-01-21T19:03:40Z,"{'neg': 0.0, 'neu': 0.602, 'pos': 0.398, 'compound': 0.8825}",0.0,0.602,0.398,0.8825,Positive
Australian Open,2025-01-21,Grand Slam,Outdoor,Hard,Quarterfinals,5,Djokovic N.,Alcaraz C.,Djokovic N.,7,3,3900,7010,2.5,1.53,4-6 6-4 6-3 6-4,5.0,True,Alcaraz,Djokovic N.,14,Djokovic vs Alcaraz Australian Open 2025 highlights,Up7jxaRYt1o,Novak Djokovic v Carlos Alcaraz Extended Highlights | Australian Open 2025 Quarterfinal,Australian Open,2025-01-21T15:30:10Z,https://www.youtube.com/watch?v=Up7jxaRYt1o,17,"Crazy to say it. But Alcaraz gassed out. Djokovic’s “Takes your legs, then your soul” was shown. He outplayed Alcaraz defensively and it was perfection. Crazy at 38 years old.",48,2025-01-21T17:22:36Z,"{'neg': 0.177, 'neu': 0.689, 'pos': 0.134, 'compound': 0.09}",0.177,0.689,0.134,0.09,Positive
Australian Open,2025-01-21,Grand Slam,Outdoor,Hard,Quarterfinals,5,Djokovic N.,Alcaraz C.,Djokovic N.,7,3,3900,7010,2.5,1.53,4-6 6-4 6-3 6-4,5.0,True,Alcaraz,Djokovic N.,14,Djokovic vs Alcaraz Australian Open 2025 highlights,Up7jxaRYt1o,Novak Djokovic v Carlos Alcaraz Extended Highlights | Australian Open 2025 Quarterfinal,Australian Open,2025-01-21T15:30:10Z,https://www.youtube.com/watch?v=Up7jxaRYt1o,18,Djokovic ate prime Alcaraz at this age wow,42,2025-08-28T16:15:46Z,"{'neg': 0.0, 'neu': 0.648, 'pos': 0.352, 'compound': 0.5859}",0.0,0.648,0.352,0.5859,Positive
Australian Open,2025-01-21,Grand Slam,Outdoor,Hard,Quarterfinals,5,Djokovic N.,Alcaraz C.,Djokovic N.,7,3,3900,7010,2.5,1.53,4-6 6-4 6-3 6-4,5.0,True,Alcaraz,Djokovic N.,14,Djokovic vs Alcaraz Australian Open 2025 highlights,Up7jxaRYt1o,Novak Djokovic v Carlos Alcaraz Extended Highlights | Australian Open 2025 Quarterfinal,Australian Open,2025-01-21T15:30:10Z,https://www.youtube.com/watch?v=Up7jxaRYt1o,19,"I was not a nole fan, but now realizing he is the GOAT! Determination, mental, physical and emotional fitness out of the world! He is redefining this sport!  Good luck on his way to 25 th! 👏🏽👏🏽👏🏽👏🏽👏🏽",143,2025-01-21T22:56:40Z,"{'neg': 0.02, 'neu': 0.747, 'pos': 0.233, 'compound': 0.9488}",0.02,0.747,0.233,0.9488,Positive
Australian Open,2025-01-21,Grand Slam,Outdoor,Hard,Quarterfinals,5,Djokovic N.,Alcaraz C.,Djokovic N.,7,3,3900,7010,2.5,1.53,4-6 6-4 6-3 6-4,5.0,True,Alcaraz,Djokovic N.,14,Djokovic vs Alcaraz Australian Open 2025 highlights,Up7jxaRYt1o,Novak Djokovic v Carlos Alcaraz Extended Highlights | Australian Open 2025 Quarterfinal,Australian Open,2025-01-21T15:30:10Z,https://www.youtube.com/watch?v=Up7jxaRYt1o,20,"For those who question his place in tennis history and hatting this man.let today’s match be a reminder: legends are measured not just by their victories but by their ability to rise above every challenge, every doubt, and every critic. Djokovic isn’t just playing the game—he’s redefining it.",548,2025-01-21T19:16:28Z,"{'neg': 0.106, 'neu': 0.775, 'pos': 0.119, 'compound': -0.0772}",0.106,0.775,0.119,-0.0772,Negative
Australian Open,2025-01-21,Grand Slam,Outdoor,Hard,Quarterfinals,5,Djokovic N.,Alcaraz C.,Djokovic N.,7,3,3900,7010,2.5,1.53,4-6 6-4 6-3 6-4,5.0,True,Alcaraz,Djokovic N.,14,Djokovic vs Alcaraz Australian Open 2025 highlights,Up7jxaRYt1o,Novak Djokovic v Carlos Alcaraz Extended Highlights | Australian Open 2025 Quarterfinal,Australian Open,2025-01-21T15:30:10Z,https://www.youtube.com/watch?v=Up7jxaRYt1o,21,"I can never enough of the two playing against each other, what a battle! Carlos is such a fine young man, he has millions of miles ahead of him. Huge congratulations to Djokovic, go and get your 25!",596,2025-01-21T16:22:24Z,"{'neg': 0.057, 'neu': 0.718, 'pos': 0.226, 'compound': 0.7772}",0.057,0.718,0.226,0.7772,Positive
Australian Open,2025-01-21,Grand Slam,Outdoor,Hard,Quarterfinals,5,Djokovic N.,Alcaraz C.,Djokovic N.,7,3,3900,7010,2.5,1.53,4-6 6-4 6-3 6-4,5.0,True,Alcaraz,Djokovic N.,14,Djokovic vs Alcaraz Australian Open 2025 highlights,Up7jxaRYt1o,Novak Djokovic v Carlos Alcaraz Extended Highlights | Australian Open 2025 Quarterfinal,Australian Open,2025-01-21T15:30:10Z,https://www.youtube.com/watch?v=Up7jxaRYt1o,22,"The absolute undisputed GOAT. Still standing tall against Alcaraz in his early prime at the age of 37 proves how much of a mental giant this man truly is. He really wants that 25th GS this year, and I have now learned to never doubt Novak when he's hungry.",200,2025-01-21T15:52:42Z,"{'neg': 0.0, 'neu': 0.904, 'pos': 0.096, 'compound': 0.6136}",0.0,0.904,0.096,0.6136,Positive
Australian Open,2025-01-21,Grand Slam,Outdoor,Hard,Quarterfinals,5,Djokovic N.,Alcaraz C.,Djokovic N.,7,3,3900,7010,2.5,1.53,4-6 6-4 6-3 6-4,5.0,True,Alcaraz,Djokovic N.,14,Djokovic vs Alcaraz Australian Open 2025 highlights,Up7jxaRYt1o,Novak Djokovic v Carlos Alcaraz Extended Highlights | Australian Open 2025 Quarterfinal,Australian Open,2025-01-21T15:30:10Z,https://www.youtube.com/watch?v=Up7jxaRYt1o,23,Novak's kids celebrating for him was adorable.,10,2025-05-28T17:12:31Z,"{'neg': 0.0, 'neu': 0.42, 'pos': 0.58, 'compound': 0.7845}",0.0,0.42,0.58,0.7845,Positive
Australian Open,2025-01-21,Grand Slam,Outdoor,Hard,Quarterfinals,5,Djokovic N.,Alcaraz C.,Djokovic N.,7,3,3900,7010,2.5,1.53,4-6 6-4 6-3 6-4,5.0,True,Alcaraz,Djokovic N.,14,Djokovic vs Alcaraz Australian Open 2025 highlights,Up7jxaRYt1o,Novak Djokovic v Carlos Alcaraz Extended Highlights | Australian Open 2025 Quarterfinal,Australian Open,2025-01-21T15:30:10Z,https://www.youtube.com/watch?v=Up7jxaRYt1o,24,"Djokovic has to be the most determined sportsman i have seen in my 29 years of watching sports, logically speaking he is the most accomplished sportsman ever i think",52,2025-01-25T17:30:12Z,"{'neg': 0.0, 'neu': 0.821, 'pos': 0.179, 'compound': 0.7083}",0.0,0.821,0.179,0.7083,Positive
Australian Open,2025-01-21,Grand Slam,Outdoor,Hard,Quarterfinals,5,Djokovic N.,Alcaraz C.,Djokovic N.,7,3,3900,7010,2.5,1.53,4-6 6-4 6-3 6-4,5.0,True,Alcaraz,Djokovic N.,14,Djokovic vs Alcaraz Australian Open 2025 highlights,Up7jxaRYt1o,Novak Djokovic v Carlos Alcaraz Extended Highlights | Australian Open 2025 Quarterfinal,Australian Open,2025-01-21T15:30:10Z,https://www.youtube.com/watch?v=Up7jxaRYt1o,25,He did it again against the all odds at this age is insane,45,2025-01-21T15:43:12Z,"{'neg': 0.184, 'neu': 0.816, 'pos': 0.0, 'compound': -0.4019}",0.184,0.816,0.0,-0.4019,Negative
Masters Cup,2024-11-15,Masters Cup,Indoor,Hard,Round Robin,3,Alcaraz C.,Zverev A.,Zverev A.,3,2,6810,7315,1.91,1.91,6-7 4-6,2.5,False,Alcaraz,Zverev A.,15,Alcaraz vs Zverev Masters Cup 2024 highlights,qbqgh7NojEU,FULL MATCH: Carlos Alcaraz vs Alexander Zverev ATP Finals 2024 🤝,Tennis TV,2026-01-28T16:01:17Z,https://www.youtube.com/watch?v=qbqgh7NojEU,1,"Can u please upload nadal ferrer Monte Carlo,barcelona ,Rome battles extended",1,2026-01-29T08:45:40Z,"{'neg': 0.187, 'neu': 0.647, 'pos': 0.165, 'compound': -0.0772}",0.187,0.647,0.165,-0.0772,Negative
Masters Cup,2024-11-15,Masters Cup,Indoor,Hard,Round Robin,3,Alcaraz C.,Zverev A.,Zverev A.,3,2,6810,7315,1.91,1.91,6-7 4-6,2.5,False,Alcaraz,Zverev A.,15,Alcaraz vs Zverev Masters Cup 2024 highlights,qbqgh7NojEU,FULL MATCH: Carlos Alcaraz vs Alexander Zverev ATP Finals 2024 🤝,Tennis TV,2026-01-28T16:01:17Z,https://www.youtube.com/watch?v=qbqgh7NojEU,2,You already gave us the condensed format of this one….try something new they played more than once ! There is Madrid 2022 final for example,1,2026-01-28T16:07:47Z,"{'neg': 0.0, 'neu': 0.899, 'pos': 0.101, 'compound': 0.4003}",0.0,0.899,0.101,0.4003,Positive
Masters Cup,2024-11-15,Masters Cup,Indoor,Hard,Round Robin,3,Alcaraz C.,Zverev A.,Zverev A.,3,2,6810,7315,1.91,1.91,6-7 4-6,2.5,False,Alcaraz,Zverev A.,15,Alcaraz vs Zverev Masters Cup 2024 highlights,qbqgh7NojEU,FULL MATCH: Carlos Alcaraz vs Alexander Zverev ATP Finals 2024 🤝,Tennis TV,2026-01-28T16:01:17Z,https://www.youtube.com/watch?v=qbqgh7NojEU,3,"Please my humble request..give extended highlights for 

Nadal Federer Madrid 2011 SF

Nadal fognini 2018 rome ,2019 Montreal 

Nadal tsitsipas rogers cup 2018 final and 2019 rome 

Rafa run to Canadian open 2018 masters .. extended highlights for rafa stan 2018 toronto",6,2026-01-29T05:30:11Z,"{'neg': 0.0, 'neu': 0.947, 'pos': 0.053, 'compound': 0.3182}",0.0,0.947,0.053,0.3182,Positive
Masters Cup,2024-11-15,Masters Cup,Indoor,Hard,Round Robin,3,Alcaraz C.,Zverev A.,Zverev A.,3,2,6810,7315,1.91,1.91,6-7 4-6,2.5,False,Alcaraz,Zverev A.,15,Alcaraz vs Zverev Masters Cup 2024 highlights,qbqgh7NojEU,FULL MATCH: Carlos Alcaraz vs Alexander Zverev ATP Finals 2024 🤝,Tennis TV,2026-01-28T16:01:17Z,https://www.youtube.com/watch?v=qbqgh7NojEU,4,This commentator sounds anti Alcaraz! Was he paid off by Zverev team..???,0,2026-03-05T09:30:05Z,"{'neg': 0.222, 'neu': 0.778, 'pos': 0.0, 'compound': -0.4822}",0.222,0.778,0.0,-0.4822,Negative
Masters Cup,2024-11-15,Masters Cup,Indoor,Hard,Round Robin,3,Alcaraz C.,Zverev A.,Zverev A.,3,2,6810,7315,1.91,1.91,6-7 4-6,2.5,False,Alcaraz,Zverev A.,15,Alcaraz vs Zverev Masters Cup 2024 highlights,qbqgh7NojEU,FULL MATCH: Carlos Alcaraz vs Alexander Zverev ATP Finals 2024 🤝,Tennis TV,2026-01-28T16:01:17Z,https://www.youtube.com/watch?v=qbqgh7NojEU,5,First comment 😎👆,4,2026-01-28T16:01:59Z,"{'neg': 0.0, 'neu': 0.75, 'pos': 0.25, 'compound': 0.4588}",0.0,0.75,0.25,0.4588,Positive
Halle Open,2025-06-21,ATP500,Outdoor,Grass,Semifinals,3,Zverev A.,Medvedev D.,Medvedev D.,3,11,6500,3140,1.7,2.1,6-7 7-6 4-6,7.0,True,Zverev,Medvedev D.,16,Zverev vs Medvedev Halle Open 2025 highlights,S2dVblTng30,Alexander Zverev vs Daniil Medvedev Highlights | Halle 2025,Tennis TV,2025-06-21T16:52:25Z,https://www.youtube.com/watch?v=S2dVblTng30,1,It feels good to see Daniil coming back at this level !,580,2025-06-21T16:53:51Z,"{'neg': 0.0, 'neu': 0.775, 'pos': 0.225, 'compound': 0.4926}",0.0,0.775,0.225,0.4926,Positive
Halle Open,2025-06-21,ATP500,Outdoor,Grass,Semifinals,3,Zverev A.,Medvedev D.,Medvedev D.,3,11,6500,3140,1.7,2.1,6-7 7-6 4-6,7.0,True,Zverev,Medvedev D.,16,Zverev vs Medvedev Halle Open 2025 highlights,S2dVblTng30,Alexander Zverev vs Daniil Medvedev Highlights | Halle 2025,Tennis TV,2025-06-21T16:52:25Z,https://www.youtube.com/watch?v=S2dVblTng30,2,Octopus Nation rise up 🐙🐙🐙,162,2025-06-21T16:53:50Z,"{'neg': 0.0, 'neu': 1.0, 'pos': 0.0, 'compound': 0.0}",0.0,1.0,0.0,0.0,Neutral
Halle Open,2025-06-21,ATP500,Outdoor,Grass,Semifinals,3,Zverev A.,Medvedev D.,Medvedev D.,3,11,6500,3140,1.7,2.1,6-7 7-6 4-6,7.0,True,Zverev,Medvedev D.,16,Zverev vs Medvedev Halle Open 2025 highlights,S2dVblTng30,Alexander Zverev vs Daniil Medvedev Highlights | Halle 2025,Tennis TV,2025-06-21T16:52:25Z,https://www.youtube.com/watch?v=S2dVblTng30,3,Big Meddy fan.  But man does Zverev have a sweet 2 hander.,120,2025-06-21T18:15:33Z,"{'neg': 0.0, 'neu': 0.639, 'pos': 0.361, 'compound': 0.6858}",0.0,0.639,0.361,0.6858,Positive
Halle Open,2025-06-21,ATP500,Outdoor,Grass,Semifinals,3,Zverev A.,Medvedev D.,Medvedev D.,3,11,6500,3140,1.7,2.1,6-7 7-6 4-6,7.0,True,Zverev,Medvedev D.,16,Zverev vs Medvedev Halle Open 2025 highlights,S2dVblTng30,Alexander Zverev vs Daniil Medvedev Highlights | Halle 2025,Tennis TV,2025-06-21T16:52:25Z,https://www.youtube.com/watch?v=S2dVblTng30,4,Medvedev and Fritz really have Zverev’s numbers. It’s like he goes through a mental block whenever he sees them.,184,2025-06-21T18:08:37Z,"{'neg': 0.129, 'neu': 0.759, 'pos': 0.112, 'compound': -0.1027}",0.129,0.759,0.112,-0.1027,Negative
Halle Open,2025-06-21,ATP500,Outdoor,Grass,Semifinals,3,Zverev A.,Medvedev D.,Medvedev D.,3,11,6500,3140,1.7,2.1,6-7 7-6 4-6,7.0,True,Zverev,Medvedev D.,16,Zverev vs Medvedev Halle Open 2025 highlights,S2dVblTng30,Alexander Zverev vs Daniil Medvedev Highlights | Halle 2025,Tennis TV,2025-06-21T16:52:25Z,https://www.youtube.com/watch?v=S2dVblTng30,5,"Meddy's style doesn't macth with heavy ball, but still he tries to find a way. Congratulation.",58,2025-06-21T18:37:43Z,"{'neg': 0.0, 'neu': 0.737, 'pos': 0.263, 'compound': 0.7469}",0.0,0.737,0.263,0.7469,Positive
Halle Open,2025-06-21,ATP500,Outdoor,Grass,Semifinals,3,Zverev A.,Medvedev D.,Medvedev D.,3,11,6500,3140,1.7,2.1,6-7 7-6 4-6,7.0,True,Zverev,Medvedev D.,16,Zverev vs Medvedev Halle Open 2025 highlights,S2dVblTng30,Alexander Zverev vs Daniil Medvedev Highlights | Halle 2025,Tennis TV,2025-06-21T16:52:25Z,https://www.youtube.com/watch?v=S2dVblTng30,6,Nice to see Medvedev playing like a top 5 again. He is gonna be dangerous in WB!,239,2025-06-21T17:00:03Z,"{'neg': 0.128, 'neu': 0.494, 'pos': 0.378, 'compound': 0.6239}",0.128,0.494,0.378,0.6239,Positive
Halle Open,2025-06-21,ATP500,Outdoor,Grass,Semifinals,3,Zverev A.,Medvedev D.,Medvedev D.,3,11,6500,3140,1.7,2.1,6-7 7-6 4-6,7.0,True,Zverev,Medvedev D.,16,Zverev vs Medvedev Halle Open 2025 highlights,S2dVblTng30,Alexander Zverev vs Daniil Medvedev Highlights | Halle 2025,Tennis TV,2025-06-21T16:52:25Z,https://www.youtube.com/watch?v=S2dVblTng30,7,"If Zverev could find that forehand he had at the end of the 2nd set more often, he would have won a major by now.",15,2025-06-21T19:30:35Z,"{'neg': 0.0, 'neu': 0.866, 'pos': 0.134, 'compound': 0.5719}",0.0,0.866,0.134,0.5719,Positive
Halle Open,2025-06-21,ATP500,Outdoor,Grass,Semifinals,3,Zverev A.,Medvedev D.,Medvedev D.,3,11,6500,3140,1.7,2.1,6-7 7-6 4-6,7.0,True,Zverev,Medvedev D.,16,Zverev vs Medvedev Halle Open 2025 highlights,S2dVblTng30,Alexander Zverev vs Daniil Medvedev Highlights | Halle 2025,Tennis TV,2025-06-21T16:52:25Z,https://www.youtube.com/watch?v=S2dVblTng30,8,"Zverev doing slices, what a sight!!",7,2025-06-21T18:39:48Z,"{'neg': 0.0, 'neu': 1.0, 'pos': 0.0, 'compound': 0.0}",0.0,1.0,0.0,0.0,Neutral
Halle Open,2025-06-21,ATP500,Outdoor,Grass,Semifinals,3,Zverev A.,Medvedev D.,Medvedev D.,3,11,6500,3140,1.7,2.1,6-7 7-6 4-6,7.0,True,Zverev,Medvedev D.,16,Zverev vs Medvedev Halle Open 2025 highlights,S2dVblTng30,Alexander Zverev vs Daniil Medvedev Highlights | Halle 2025,Tennis TV,2025-06-21T16:52:25Z,https://www.youtube.com/watch?v=S2dVblTng30,9,These guys are almost 2 meters tall yet they move like they're 5 foot 9,8,2025-06-22T00:16:48Z,"{'neg': 0.0, 'neu': 0.848, 'pos': 0.152, 'compound': 0.3612}",0.0,0.848,0.152,0.3612,Positive
Halle Open,2025-06-21,ATP500,Outdoor,Grass,Semifinals,3,Zverev A.,Medvedev D.,Medvedev D.,3,11,6500,3140,1.7,2.1,6-7 7-6 4-6,7.0,True,Zverev,Medvedev D.,16,Zverev vs Medvedev Halle Open 2025 highlights,S2dVblTng30,Alexander Zverev vs Daniil Medvedev Highlights | Halle 2025,Tennis TV,2025-06-21T16:52:25Z,https://www.youtube.com/watch?v=S2dVblTng30,10,"After winning against Michelsen, I was still a bit skeptical. But after today, I am confident that this is the good old Medvedev again. I am so glad he is back",152,2025-06-21T16:58:02Z,"{'neg': 0.038, 'neu': 0.6, 'pos': 0.361, 'compound': 0.9432}",0.038,0.6,0.361,0.9432,Positive
Halle Open,2025-06-21,ATP500,Outdoor,Grass,Semifinals,3,Zverev A.,Medvedev D.,Medvedev D.,3,11,6500,3140,1.7,2.1,6-7 7-6 4-6,7.0,True,Zverev,Medvedev D.,16,Zverev vs Medvedev Halle Open 2025 highlights,S2dVblTng30,Alexander Zverev vs Daniil Medvedev Highlights | Halle 2025,Tennis TV,2025-06-21T16:52:25Z,https://www.youtube.com/watch?v=S2dVblTng30,11,At the end of the match they were like 2 bffs havin a nice gesture saying let’s go for a pint mate ❤😂🎉,21,2025-06-21T18:36:53Z,"{'neg': 0.044, 'neu': 0.583, 'pos': 0.373, 'compound': 0.9337}",0.044,0.583,0.373,0.9337,Positive
Halle Open,2025-06-21,ATP500,Outdoor,Grass,Semifinals,3,Zverev A.,Medvedev D.,Medvedev D.,3,11,6500,3140,1.7,2.1,6-7 7-6 4-6,7.0,True,Zverev,Medvedev D.,16,Zverev vs Medvedev Halle Open 2025 highlights,S2dVblTng30,Alexander Zverev vs Daniil Medvedev Highlights | Halle 2025,Tennis TV,2025-06-21T16:52:25Z,https://www.youtube.com/watch?v=S2dVblTng30,12,"If Medvedev wins the final against Bublik or Khachanov, he will be the 8th seed at Wimbledon, avoiding the others until the quarterfinals. If he loses, Rune will secure the 8th seed

Edit: With the withdrawals from Wimbledon (Ruud, Fils, and Korda dropped out), Bublik will be seeded regardless of the final. A win will put him at a higher seed",41,2025-06-21T18:04:56Z,"{'neg': 0.067, 'neu': 0.793, 'pos': 0.14, 'compound': 0.7351}",0.067,0.793,0.14,0.7351,Positive
Halle Open,2025-06-21,ATP500,Outdoor,Grass,Semifinals,3,Zverev A.,Medvedev D.,Medvedev D.,3,11,6500,3140,1.7,2.1,6-7 7-6 4-6,7.0,True,Zverev,Medvedev D.,16,Zverev vs Medvedev Halle Open 2025 highlights,S2dVblTng30,Alexander Zverev vs Daniil Medvedev Highlights | Halle 2025,Tennis TV,2025-06-21T16:52:25Z,https://www.youtube.com/watch?v=S2dVblTng30,13,the acoustics...,2,2025-06-21T17:56:47Z,"{'neg': 0.0, 'neu': 1.0, 'pos': 0.0, 'compound': 0.0}",0.0,1.0,0.0,0.0,Neutral
Halle Open,2025-06-21,ATP500,Outdoor,Grass,Semifinals,3,Zverev A.,Medvedev D.,Medvedev D.,3,11,6500,3140,1.7,2.1,6-7 7-6 4-6,7.0,True,Zverev,Medvedev D.,16,Zverev vs Medvedev Halle Open 2025 highlights,S2dVblTng30,Alexander Zverev vs Daniil Medvedev Highlights | Halle 2025,Tennis TV,2025-06-21T16:52:25Z,https://www.youtube.com/watch?v=S2dVblTng30,14,"Always great to see players respecting eachother, much more present than 20-40 yrs ago !",1,2025-06-21T18:56:42Z,"{'neg': 0.0, 'neu': 0.631, 'pos': 0.369, 'compound': 0.8221}",0.0,0.631,0.369,0.8221,Positive
Halle Open,2025-06-21,ATP500,Outdoor,Grass,Semifinals,3,Zverev A.,Medvedev D.,Medvedev D.,3,11,6500,3140,1.7,2.1,6-7 7-6 4-6,7.0,True,Zverev,Medvedev D.,16,Zverev vs Medvedev Halle Open 2025 highlights,S2dVblTng30,Alexander Zverev vs Daniil Medvedev Highlights | Halle 2025,Tennis TV,2025-06-21T16:52:25Z,https://www.youtube.com/watch?v=S2dVblTng30,15,"Not only a great result for Medvedev, but also a great result for tennis.",2,2025-06-22T12:09:18Z,"{'neg': 0.108, 'neu': 0.606, 'pos': 0.285, 'compound': 0.6708}",0.108,0.606,0.285,0.6708,Positive
Halle Open,2025-06-21,ATP500,Outdoor,Grass,Semifinals,3,Zverev A.,Medvedev D.,Medvedev D.,3,11,6500,3140,1.7,2.1,6-7 7-6 4-6,7.0,True,Zverev,Medvedev D.,16,Zverev vs Medvedev Halle Open 2025 highlights,S2dVblTng30,Alexander Zverev vs Daniil Medvedev Highlights | Halle 2025,Tennis TV,2025-06-21T16:52:25Z,https://www.youtube.com/watch?v=S2dVblTng30,16,Good to see you playing better Daniil. Been a long desert walk lately❤,0,2025-06-22T01:31:39Z,"{'neg': 0.0, 'neu': 0.482, 'pos': 0.518, 'compound': 0.8957}",0.0,0.482,0.518,0.8957,Positive
Halle Open,2025-06-21,ATP500,Outdoor,Grass,Semifinals,3,Zverev A.,Medvedev D.,Medvedev D.,3,11,6500,3140,1.7,2.1,6-7 7-6 4-6,7.0,True,Zverev,Medvedev D.,16,Zverev vs Medvedev Halle Open 2025 highlights,S2dVblTng30,Alexander Zverev vs Daniil Medvedev Highlights | Halle 2025,Tennis TV,2025-06-21T16:52:25Z,https://www.youtube.com/watch?v=S2dVblTng30,17,"Zverev finally some aggressive, gutsy play, even when facing two match points against him in second set. Great to see!

But I'm an Octopus fan as well, so the result is fine with me, btw.",2,2025-06-21T21:08:03Z,"{'neg': 0.03, 'neu': 0.68, 'pos': 0.289, 'compound': 0.8762}",0.03,0.68,0.289,0.8762,Positive
Halle Open,2025-06-21,ATP500,Outdoor,Grass,Semifinals,3,Zverev A.,Medvedev D.,Medvedev D.,3,11,6500,3140,1.7,2.1,6-7 7-6 4-6,7.0,True,Zverev,Medvedev D.,16,Zverev vs Medvedev Halle Open 2025 highlights,S2dVblTng30,Alexander Zverev vs Daniil Medvedev Highlights | Halle 2025,Tennis TV,2025-06-21T16:52:25Z,https://www.youtube.com/watch?v=S2dVblTng30,18,"12-2 for Medvedev in last 14 matches :), 13-7 now overall.",50,2025-06-21T17:05:40Z,"{'neg': 0.0, 'neu': 1.0, 'pos': 0.0, 'compound': 0.0}",0.0,1.0,0.0,0.0,Neutral
Halle Open,2025-06-21,ATP500,Outdoor,Grass,Semifinals,3,Zverev A.,Medvedev D.,Medvedev D.,3,11,6500,3140,1.7,2.1,6-7 7-6 4-6,7.0,True,Zverev,Medvedev D.,16,Zverev vs Medvedev Halle Open 2025 highlights,S2dVblTng30,Alexander Zverev vs Daniil Medvedev Highlights | Halle 2025,Tennis TV,2025-06-21T16:52:25Z,https://www.youtube.com/watch?v=S2dVblTng30,19,"So good to see Medvedev playing well, got so much talent",1,2025-06-21T20:25:01Z,"{'neg': 0.0, 'neu': 0.408, 'pos': 0.592, 'compound': 0.847}",0.0,0.408,0.592,0.847,Positive
Halle Open,2025-06-21,ATP500,Outdoor,Grass,Semifinals,3,Zverev A.,Medvedev D.,Medvedev D.,3,11,6500,3140,1.7,2.1,6-7 7-6 4-6,7.0,True,Zverev,Medvedev D.,16,Zverev vs Medvedev Halle Open 2025 highlights,S2dVblTng30,Alexander Zverev vs Daniil Medvedev Highlights | Halle 2025,Tennis TV,2025-06-21T16:52:25Z,https://www.youtube.com/watch?v=S2dVblTng30,20,"Éste es uno de los mejores duelos del tenis de ésta generación de jugadores del ATP, para mí uno de los mejores. Medvedev vs zverev.
Saludos desde Chile!!!",0,2025-06-23T01:09:17Z,"{'neg': 0.0, 'neu': 1.0, 'pos': 0.0, 'compound': 0.0}",0.0,1.0,0.0,0.0,Neutral
Halle Open,2025-06-21,ATP500,Outdoor,Grass,Semifinals,3,Zverev A.,Medvedev D.,Medvedev D.,3,11,6500,3140,1.7,2.1,6-7 7-6 4-6,7.0,True,Zverev,Medvedev D.,16,Zverev vs Medvedev Halle Open 2025 highlights,S2dVblTng30,Alexander Zverev vs Daniil Medvedev Highlights | Halle 2025,Tennis TV,2025-06-21T16:52:25Z,https://www.youtube.com/watch?v=S2dVblTng30,21,one of the matches of the year!,0,2025-06-21T19:47:45Z,"{'neg': 0.0, 'neu': 1.0, 'pos': 0.0, 'compound': 0.0}",0.0,1.0,0.0,0.0,Neutral
Halle Open,2025-06-21,ATP500,Outdoor,Grass,Semifinals,3,Zverev A.,Medvedev D.,Medvedev D.,3,11,6500,3140,1.7,2.1,6-7 7-6 4-6,7.0,True,Zverev,Medvedev D.,16,Zverev vs Medvedev Halle Open 2025 highlights,S2dVblTng30,Alexander Zverev vs Daniil Medvedev Highlights | Halle 2025,Tennis TV,2025-06-21T16:52:25Z,https://www.youtube.com/watch?v=S2dVblTng30,22,I love Medvedev! He is a great player. I hope he wins. Congrats!❤❤,4,2025-06-21T20:32:49Z,"{'neg': 0.0, 'neu': 0.268, 'pos': 0.732, 'compound': 0.9823}",0.0,0.268,0.732,0.9823,Positive
Halle Open,2025-06-21,ATP500,Outdoor,Grass,Semifinals,3,Zverev A.,Medvedev D.,Medvedev D.,3,11,6500,3140,1.7,2.1,6-7 7-6 4-6,7.0,True,Zverev,Medvedev D.,16,Zverev vs Medvedev Halle Open 2025 highlights,S2dVblTng30,Alexander Zverev vs Daniil Medvedev Highlights | Halle 2025,Tennis TV,2025-06-21T16:52:25Z,https://www.youtube.com/watch?v=S2dVblTng30,23,Good battle!,0,2025-06-21T17:42:57Z,"{'neg': 0.449, 'neu': 0.0, 'pos': 0.551, 'compound': 0.1511}",0.449,0.0,0.551,0.1511,Positive
Halle Open,2025-06-21,ATP500,Outdoor,Grass,Semifinals,3,Zverev A.,Medvedev D.,Medvedev D.,3,11,6500,3140,1.7,2.1,6-7 7-6 4-6,7.0,True,Zverev,Medvedev D.,16,Zverev vs Medvedev Halle Open 2025 highlights,S2dVblTng30,Alexander Zverev vs Daniil Medvedev Highlights | Halle 2025,Tennis TV,2025-06-21T16:52:25Z,https://www.youtube.com/watch?v=S2dVblTng30,24,I like how the video starting at 4-4 indicates that the first eight games weren't interesting enough to necessitate them being included in the highlights,0,2025-06-21T22:11:05Z,"{'neg': 0.081, 'neu': 0.829, 'pos': 0.09, 'compound': 0.0624}",0.081,0.829,0.09,0.0624,Positive
Halle Open,2025-06-21,ATP500,Outdoor,Grass,Semifinals,3,Zverev A.,Medvedev D.,Medvedev D.,3,11,6500,3140,1.7,2.1,6-7 7-6 4-6,7.0,True,Zverev,Medvedev D.,16,Zverev vs Medvedev Halle Open 2025 highlights,S2dVblTng30,Alexander Zverev vs Daniil Medvedev Highlights | Halle 2025,Tennis TV,2025-06-21T16:52:25Z,https://www.youtube.com/watch?v=S2dVblTng30,25,Let's go Meddy!!!  ...By the way: what were those songs during the breaks? ...I've rarely felt so young. :DD,6,2025-06-21T17:45:21Z,"{'neg': 0.0, 'neu': 1.0, 'pos': 0.0, 'compound': 0.0}",0.0,1.0,0.0,0.0,Neutral
French Open,2025-06-04,Grand Slam,Outdoor,Clay,Quarterfinals,5,Djokovic N.,Zverev A.,Djokovic N.,6,3,4230,7285,1.91,1.91,4-6 6-3 6-2 6-4,4.5,True,Zverev,Djokovic N.,17,Djokovic vs Zverev French Open 2025 highlights,S5GaQ8szRw0,Novak Djokovic vs Alexander Zverev - FULL Quarterfinal Highlights | Roland Garros 2025,House of Highlights,2025-06-04T22:06:46Z,https://www.youtube.com/watch?v=S5GaQ8szRw0,1,38 years semi final in RG ... no words,1505,2025-06-04T22:19:09Z,"{'neg': 0.216, 'neu': 0.784, 'pos': 0.0, 'compound': -0.296}",0.216,0.784,0.0,-0.296,Negative
French Open,2025-06-04,Grand Slam,Outdoor,Clay,Quarterfinals,5,Djokovic N.,Zverev A.,Djokovic N.,6,3,4230,7285,1.91,1.91,4-6 6-3 6-2 6-4,4.5,True,Zverev,Djokovic N.,17,Djokovic vs Zverev French Open 2025 highlights,S5GaQ8szRw0,Novak Djokovic vs Alexander Zverev - FULL Quarterfinal Highlights | Roland Garros 2025,House of Highlights,2025-06-04T22:06:46Z,https://www.youtube.com/watch?v=S5GaQ8szRw0,2,I am completely out of words to describe how well Djokovic is playing tennis at 38 years old!!,1045,2025-06-04T22:13:41Z,"{'neg': 0.0, 'neu': 0.781, 'pos': 0.219, 'compound': 0.5399}",0.0,0.781,0.219,0.5399,Positive
French Open,2025-06-04,Grand Slam,Outdoor,Clay,Quarterfinals,5,Djokovic N.,Zverev A.,Djokovic N.,6,3,4230,7285,1.91,1.91,4-6 6-3 6-2 6-4,4.5,True,Zverev,Djokovic N.,17,Djokovic vs Zverev French Open 2025 highlights,S5GaQ8szRw0,Novak Djokovic vs Alexander Zverev - FULL Quarterfinal Highlights | Roland Garros 2025,House of Highlights,2025-06-04T22:06:46Z,https://www.youtube.com/watch?v=S5GaQ8szRw0,3,"Novak Djokovic proving himself once again why he's the 🐐

He's 38yo and still playing like this!!",689,2025-06-04T22:10:43Z,"{'neg': 0.0, 'neu': 0.754, 'pos': 0.246, 'compound': 0.5972}",0.0,0.754,0.246,0.5972,Positive
French Open,2025-06-04,Grand Slam,Outdoor,Clay,Quarterfinals,5,Djokovic N.,Zverev A.,Djokovic N.,6,3,4230,7285,1.91,1.91,4-6 6-3 6-2 6-4,4.5,True,Zverev,Djokovic N.,17,Djokovic vs Zverev French Open 2025 highlights,S5GaQ8szRw0,Novak Djokovic vs Alexander Zverev - FULL Quarterfinal Highlights | Roland Garros 2025,House of Highlights,2025-06-04T22:06:46Z,https://www.youtube.com/watch?v=S5GaQ8szRw0,4,"🐐, 38 years old..
Just that..",134,2025-06-04T22:14:24Z,"{'neg': 0.0, 'neu': 1.0, 'pos': 0.0, 'compound': 0.0}",0.0,1.0,0.0,0.0,Neutral
French Open,2025-06-04,Grand Slam,Outdoor,Clay,Quarterfinals,5,Djokovic N.,Zverev A.,Djokovic N.,6,3,4230,7285,1.91,1.91,4-6 6-3 6-2 6-4,4.5,True,Zverev,Djokovic N.,17,Djokovic vs Zverev French Open 2025 highlights,S5GaQ8szRw0,Novak Djokovic vs Alexander Zverev - FULL Quarterfinal Highlights | Roland Garros 2025,House of Highlights,2025-06-04T22:06:46Z,https://www.youtube.com/watch?v=S5GaQ8szRw0,5,Every trick in the tennis book has gone out for a full display from The Nole in this match. Absolutely epic.,165,2025-06-04T23:02:49Z,"{'neg': 0.057, 'neu': 0.943, 'pos': 0.0, 'compound': -0.0516}",0.057,0.943,0.0,-0.0516,Negative
French Open,2025-06-04,Grand Slam,Outdoor,Clay,Quarterfinals,5,Djokovic N.,Zverev A.,Djokovic N.,6,3,4230,7285,1.91,1.91,4-6 6-3 6-2 6-4,4.5,True,Zverev,Djokovic N.,17,Djokovic vs Zverev French Open 2025 highlights,S5GaQ8szRw0,Novak Djokovic vs Alexander Zverev - FULL Quarterfinal Highlights | Roland Garros 2025,House of Highlights,2025-06-04T22:06:46Z,https://www.youtube.com/watch?v=S5GaQ8szRw0,6,"That 41 shot rally, facing break point 👌💪🏾",107,2025-06-05T00:19:21Z,"{'neg': 0.0, 'neu': 0.662, 'pos': 0.338, 'compound': 0.7297}",0.0,0.662,0.338,0.7297,Positive
French Open,2025-06-04,Grand Slam,Outdoor,Clay,Quarterfinals,5,Djokovic N.,Zverev A.,Djokovic N.,6,3,4230,7285,1.91,1.91,4-6 6-3 6-2 6-4,4.5,True,Zverev,Djokovic N.,17,Djokovic vs Zverev French Open 2025 highlights,S5GaQ8szRw0,Novak Djokovic vs Alexander Zverev - FULL Quarterfinal Highlights | Roland Garros 2025,House of Highlights,2025-06-04T22:06:46Z,https://www.youtube.com/watch?v=S5GaQ8szRw0,7,"I love seeing Djokovic in the semifinal and hope he is able to pull off the upset against Sinner. It’s incredible seeing the shape he is in at 38. He never gives up an easy point, and even when you think you have him beat, he somehow scrambles and pulls off an awesome shot. He is truly the 🐐!",355,2025-06-04T22:28:27Z,"{'neg': 0.036, 'neu': 0.727, 'pos': 0.237, 'compound': 0.9402}",0.036,0.727,0.237,0.9402,Positive
French Open,2025-06-04,Grand Slam,Outdoor,Clay,Quarterfinals,5,Djokovic N.,Zverev A.,Djokovic N.,6,3,4230,7285,1.91,1.91,4-6 6-3 6-2 6-4,4.5,True,Zverev,Djokovic N.,17,Djokovic vs Zverev French Open 2025 highlights,S5GaQ8szRw0,Novak Djokovic vs Alexander Zverev - FULL Quarterfinal Highlights | Roland Garros 2025,House of Highlights,2025-06-04T22:06:46Z,https://www.youtube.com/watch?v=S5GaQ8szRw0,8,Zverev’s unwillingness to play more aggressive and assertive is just crippling in these matchups at the end of majors.,320,2025-06-04T22:17:31Z,"{'neg': 0.089, 'neu': 0.798, 'pos': 0.113, 'compound': 0.1298}",0.089,0.798,0.113,0.1298,Positive
French Open,2025-06-04,Grand Slam,Outdoor,Clay,Quarterfinals,5,Djokovic N.,Zverev A.,Djokovic N.,6,3,4230,7285,1.91,1.91,4-6 6-3 6-2 6-4,4.5,True,Zverev,Djokovic N.,17,Djokovic vs Zverev French Open 2025 highlights,S5GaQ8szRw0,Novak Djokovic vs Alexander Zverev - FULL Quarterfinal Highlights | Roland Garros 2025,House of Highlights,2025-06-04T22:06:46Z,https://www.youtube.com/watch?v=S5GaQ8szRw0,9,So you guys really have the best Highlights on YouTube. You capture all the greatest moments. Thank you. Congrats to the 🐐 Best of luck in the Semifinals.,376,2025-06-04T22:11:19Z,"{'neg': 0.0, 'neu': 0.503, 'pos': 0.497, 'compound': 0.9711}",0.0,0.503,0.497,0.9711,Positive
French Open,2025-06-04,Grand Slam,Outdoor,Clay,Quarterfinals,5,Djokovic N.,Zverev A.,Djokovic N.,6,3,4230,7285,1.91,1.91,4-6 6-3 6-2 6-4,4.5,True,Zverev,Djokovic N.,17,Djokovic vs Zverev French Open 2025 highlights,S5GaQ8szRw0,Novak Djokovic vs Alexander Zverev - FULL Quarterfinal Highlights | Roland Garros 2025,House of Highlights,2025-06-04T22:06:46Z,https://www.youtube.com/watch?v=S5GaQ8szRw0,10,There is only one Novak Djokovic. It will be a sad day when he retires. We are lucky to witness this legend.,41,2025-06-05T05:13:38Z,"{'neg': 0.12, 'neu': 0.772, 'pos': 0.108, 'compound': -0.0772}",0.12,0.772,0.108,-0.0772,Negative
French Open,2025-06-04,Grand Slam,Outdoor,Clay,Quarterfinals,5,Djokovic N.,Zverev A.,Djokovic N.,6,3,4230,7285,1.91,1.91,4-6 6-3 6-2 6-4,4.5,True,Zverev,Djokovic N.,17,Djokovic vs Zverev French Open 2025 highlights,S5GaQ8szRw0,Novak Djokovic vs Alexander Zverev - FULL Quarterfinal Highlights | Roland Garros 2025,House of Highlights,2025-06-04T22:06:46Z,https://www.youtube.com/watch?v=S5GaQ8szRw0,11,How does he keep doing it. Great highlights,77,2025-06-04T22:21:19Z,"{'neg': 0.0, 'neu': 0.631, 'pos': 0.369, 'compound': 0.6249}",0.0,0.631,0.369,0.6249,Positive
French Open,2025-06-04,Grand Slam,Outdoor,Clay,Quarterfinals,5,Djokovic N.,Zverev A.,Djokovic N.,6,3,4230,7285,1.91,1.91,4-6 6-3 6-2 6-4,4.5,True,Zverev,Djokovic N.,17,Djokovic vs Zverev French Open 2025 highlights,S5GaQ8szRw0,Novak Djokovic vs Alexander Zverev - FULL Quarterfinal Highlights | Roland Garros 2025,House of Highlights,2025-06-04T22:06:46Z,https://www.youtube.com/watch?v=S5GaQ8szRw0,12,Zverev will have nightmares of those dropshots,149,2025-06-04T22:16:49Z,"{'neg': 0.0, 'neu': 1.0, 'pos': 0.0, 'compound': 0.0}",0.0,1.0,0.0,0.0,Neutral
French Open,2025-06-04,Grand Slam,Outdoor,Clay,Quarterfinals,5,Djokovic N.,Zverev A.,Djokovic N.,6,3,4230,7285,1.91,1.91,4-6 6-3 6-2 6-4,4.5,True,Zverev,Djokovic N.,17,Djokovic vs Zverev French Open 2025 highlights,S5GaQ8szRw0,Novak Djokovic vs Alexander Zverev - FULL Quarterfinal Highlights | Roland Garros 2025,House of Highlights,2025-06-04T22:06:46Z,https://www.youtube.com/watch?v=S5GaQ8szRw0,13,"djokovic is just smarter, his natural outlook on tennis and life is just better, true mental talent, who is adept at energy conservation. notice how he completely flattens zverev in the third set by playing offensively, and then goes back to rallying and toning it down. Some players will always hold an advantage.",124,2025-06-04T22:24:23Z,"{'neg': 0.056, 'neu': 0.65, 'pos': 0.294, 'compound': 0.9201}",0.056,0.65,0.294,0.9201,Positive
French Open,2025-06-04,Grand Slam,Outdoor,Clay,Quarterfinals,5,Djokovic N.,Zverev A.,Djokovic N.,6,3,4230,7285,1.91,1.91,4-6 6-3 6-2 6-4,4.5,True,Zverev,Djokovic N.,17,Djokovic vs Zverev French Open 2025 highlights,S5GaQ8szRw0,Novak Djokovic vs Alexander Zverev - FULL Quarterfinal Highlights | Roland Garros 2025,House of Highlights,2025-06-04T22:06:46Z,https://www.youtube.com/watch?v=S5GaQ8szRw0,14,"His haters will still be screaming for him to retire after he most likely loses to Sinner next round, but reaching another semi at a slam proves Novak still has it in him to compete at the highest level. He might not be the favorite to win slams anymore, but you cannot deny he is still in the running and could strike if the time is right. Lets go GOAT!",575,2025-06-04T22:12:12Z,"{'neg': 0.168, 'neu': 0.715, 'pos': 0.117, 'compound': -0.3393}",0.168,0.715,0.117,-0.3393,Negative
French Open,2025-06-04,Grand Slam,Outdoor,Clay,Quarterfinals,5,Djokovic N.,Zverev A.,Djokovic N.,6,3,4230,7285,1.91,1.91,4-6 6-3 6-2 6-4,4.5,True,Zverev,Djokovic N.,17,Djokovic vs Zverev French Open 2025 highlights,S5GaQ8szRw0,Novak Djokovic vs Alexander Zverev - FULL Quarterfinal Highlights | Roland Garros 2025,House of Highlights,2025-06-04T22:06:46Z,https://www.youtube.com/watch?v=S5GaQ8szRw0,15,Nole's volley and dropshots from other planet!!,120,2025-06-04T22:26:39Z,"{'neg': 0.0, 'neu': 1.0, 'pos': 0.0, 'compound': 0.0}",0.0,1.0,0.0,0.0,Neutral
French Open,2025-06-04,Grand Slam,Outdoor,Clay,Quarterfinals,5,Djokovic N.,Zverev A.,Djokovic N.,6,3,4230,7285,1.91,1.91,4-6 6-3 6-2 6-4,4.5,True,Zverev,Djokovic N.,17,Djokovic vs Zverev French Open 2025 highlights,S5GaQ8szRw0,Novak Djokovic vs Alexander Zverev - FULL Quarterfinal Highlights | Roland Garros 2025,House of Highlights,2025-06-04T22:06:46Z,https://www.youtube.com/watch?v=S5GaQ8szRw0,16,He is older but he has the experience over everyone and in great shape .,8,2025-06-04T23:50:38Z,"{'neg': 0.0, 'neu': 0.712, 'pos': 0.288, 'compound': 0.7684}",0.0,0.712,0.288,0.7684,Positive
French Open,2025-06-04,Grand Slam,Outdoor,Clay,Quarterfinals,5,Djokovic N.,Zverev A.,Djokovic N.,6,3,4230,7285,1.91,1.91,4-6 6-3 6-2 6-4,4.5,True,Zverev,Djokovic N.,17,Djokovic vs Zverev French Open 2025 highlights,S5GaQ8szRw0,Novak Djokovic vs Alexander Zverev - FULL Quarterfinal Highlights | Roland Garros 2025,House of Highlights,2025-06-04T22:06:46Z,https://www.youtube.com/watch?v=S5GaQ8szRw0,17,"When describing his qualities, they always say rubber man and mental strength. That's an injustice, first of all smarts, tactics, mixing shots, and the quality of shots to make those tactics work. Look at this last night, about 30 points at the net, perfect volleys at the level of Sapras and Federer. How many drop shots, he took the Soul of the Zverev and killed every beat in his the game. No matter what he does in the semi-finals, the best ever. Probably the main favorite at Wimbledon",11,2025-06-05T06:23:25Z,"{'neg': 0.106, 'neu': 0.738, 'pos': 0.156, 'compound': 0.745}",0.106,0.738,0.156,0.745,Positive
French Open,2025-06-04,Grand Slam,Outdoor,Clay,Quarterfinals,5,Djokovic N.,Zverev A.,Djokovic N.,6,3,4230,7285,1.91,1.91,4-6 6-3 6-2 6-4,4.5,True,Zverev,Djokovic N.,17,Djokovic vs Zverev French Open 2025 highlights,S5GaQ8szRw0,Novak Djokovic vs Alexander Zverev - FULL Quarterfinal Highlights | Roland Garros 2025,House of Highlights,2025-06-04T22:06:46Z,https://www.youtube.com/watch?v=S5GaQ8szRw0,18,"I’m not holding my breath, but if he can somehow beat Sinner… it will be one of the great feats in tennis history.",11,2025-06-04T23:30:03Z,"{'neg': 0.0, 'neu': 0.796, 'pos': 0.204, 'compound': 0.7684}",0.0,0.796,0.204,0.7684,Positive
French Open,2025-06-04,Grand Slam,Outdoor,Clay,Quarterfinals,5,Djokovic N.,Zverev A.,Djokovic N.,6,3,4230,7285,1.91,1.91,4-6 6-3 6-2 6-4,4.5,True,Zverev,Djokovic N.,17,Djokovic vs Zverev French Open 2025 highlights,S5GaQ8szRw0,Novak Djokovic vs Alexander Zverev - FULL Quarterfinal Highlights | Roland Garros 2025,House of Highlights,2025-06-04T22:06:46Z,https://www.youtube.com/watch?v=S5GaQ8szRw0,19,Incredibile quanto siete veloci e bravi❤,15,2025-06-04T22:19:34Z,"{'neg': 0.0, 'neu': 0.625, 'pos': 0.375, 'compound': 0.6369}",0.0,0.625,0.375,0.6369,Positive
French Open,2025-06-04,Grand Slam,Outdoor,Clay,Quarterfinals,5,Djokovic N.,Zverev A.,Djokovic N.,6,3,4230,7285,1.91,1.91,4-6 6-3 6-2 6-4,4.5,True,Zverev,Djokovic N.,17,Djokovic vs Zverev French Open 2025 highlights,S5GaQ8szRw0,Novak Djokovic vs Alexander Zverev - FULL Quarterfinal Highlights | Roland Garros 2025,House of Highlights,2025-06-04T22:06:46Z,https://www.youtube.com/watch?v=S5GaQ8szRw0,20,Love your Highlights,38,2025-06-04T22:12:16Z,"{'neg': 0.0, 'neu': 0.323, 'pos': 0.677, 'compound': 0.6369}",0.0,0.323,0.677,0.6369,Positive
French Open,2025-06-04,Grand Slam,Outdoor,Clay,Quarterfinals,5,Djokovic N.,Zverev A.,Djokovic N.,6,3,4230,7285,1.91,1.91,4-6 6-3 6-2 6-4,4.5,True,Zverev,Djokovic N.,17,Djokovic vs Zverev French Open 2025 highlights,S5GaQ8szRw0,Novak Djokovic vs Alexander Zverev - FULL Quarterfinal Highlights | Roland Garros 2025,House of Highlights,2025-06-04T22:06:46Z,https://www.youtube.com/watch?v=S5GaQ8szRw0,21,"I really doubt that some people here (especially young people) know and understand how differently human body reacts and feels in late 30s compared to early 20s! Its amazing that Novak is playing this well at age 38. Age DOES matter, A LOT!",11,2025-06-05T12:31:37Z,"{'neg': 0.055, 'neu': 0.753, 'pos': 0.191, 'compound': 0.7065}",0.055,0.753,0.191,0.7065,Positive
French Open,2025-06-04,Grand Slam,Outdoor,Clay,Quarterfinals,5,Djokovic N.,Zverev A.,Djokovic N.,6,3,4230,7285,1.91,1.91,4-6 6-3 6-2 6-4,4.5,True,Zverev,Djokovic N.,17,Djokovic vs Zverev French Open 2025 highlights,S5GaQ8szRw0,Novak Djokovic vs Alexander Zverev - FULL Quarterfinal Highlights | Roland Garros 2025,House of Highlights,2025-06-04T22:06:46Z,https://www.youtube.com/watch?v=S5GaQ8szRw0,22,Never a fan of Djokovic but recognize he's the GOAT. This win shows why. Think he knows how to win a tennis match? Wow. I've never seen him at the net on clay this much. His lobs and drop shots were so good.,11,2025-06-05T04:03:40Z,"{'neg': 0.066, 'neu': 0.588, 'pos': 0.346, 'compound': 0.9706}",0.066,0.588,0.346,0.9706,Positive
French Open,2025-06-04,Grand Slam,Outdoor,Clay,Quarterfinals,5,Djokovic N.,Zverev A.,Djokovic N.,6,3,4230,7285,1.91,1.91,4-6 6-3 6-2 6-4,4.5,True,Zverev,Djokovic N.,17,Djokovic vs Zverev French Open 2025 highlights,S5GaQ8szRw0,Novak Djokovic vs Alexander Zverev - FULL Quarterfinal Highlights | Roland Garros 2025,House of Highlights,2025-06-04T22:06:46Z,https://www.youtube.com/watch?v=S5GaQ8szRw0,23,"Holy cow, Novak is moving like he's 25",96,2025-06-04T22:25:55Z,"{'neg': 0.0, 'neu': 0.737, 'pos': 0.263, 'compound': 0.3612}",0.0,0.737,0.263,0.3612,Positive
French Open,2025-06-04,Grand Slam,Outdoor,Clay,Quarterfinals,5,Djokovic N.,Zverev A.,Djokovic N.,6,3,4230,7285,1.91,1.91,4-6 6-3 6-2 6-4,4.5,True,Zverev,Djokovic N.,17,Djokovic vs Zverev French Open 2025 highlights,S5GaQ8szRw0,Novak Djokovic vs Alexander Zverev - FULL Quarterfinal Highlights | Roland Garros 2025,House of Highlights,2025-06-04T22:06:46Z,https://www.youtube.com/watch?v=S5GaQ8szRw0,24,Was a pleasure to watch the GOAT. He's 38 and can keep up an excellent level against a 10 years younger opponent. Absolutely next level,6,2025-06-05T03:16:55Z,"{'neg': 0.0, 'neu': 0.757, 'pos': 0.243, 'compound': 0.8126}",0.0,0.757,0.243,0.8126,Positive
French Open,2025-06-04,Grand Slam,Outdoor,Clay,Quarterfinals,5,Djokovic N.,Zverev A.,Djokovic N.,6,3,4230,7285,1.91,1.91,4-6 6-3 6-2 6-4,4.5,True,Zverev,Djokovic N.,17,Djokovic vs Zverev French Open 2025 highlights,S5GaQ8szRw0,Novak Djokovic vs Alexander Zverev - FULL Quarterfinal Highlights | Roland Garros 2025,House of Highlights,2025-06-04T22:06:46Z,https://www.youtube.com/watch?v=S5GaQ8szRw0,25,"House of highlights posting NBA, MLB and tennis highlights. Lengthy highlights and great recaps goated for real. Even better than their own respective channels at times",11,2025-06-04T22:26:48Z,"{'neg': 0.0, 'neu': 0.701, 'pos': 0.299, 'compound': 0.8689}",0.0,0.701,0.299,0.8689,Positive
Internazionali BNL d'Italia,2025-05-14,Masters 1000,Outdoor,Clay,Quarterfinals,3,Musetti L.,Zverev A.,Musetti L.,9,2,3550,8085,2.38,1.57,7-6 6-4,5.5,True,Zverev,Musetti L.,18,Musetti vs Zverev Internazionali BNL d'Italia 2025 highlights,BGnqhnkHlPk,Musetti vs Zverev | QF Highlights | Internazionali BNL d’Italia 2025,Internazionali BNL d'Italia,2025-05-14T23:01:36Z,https://www.youtube.com/watch?v=BGnqhnkHlPk,1,FANTASTICO!!!!!!!!!!!!!!!!!!!!!!!! BRAVISSIMO Musetti,0,2025-05-15T05:03:24Z,"{'neg': 0.0, 'neu': 0.377, 'pos': 0.623, 'compound': 0.5108}",0.0,0.377,0.623,0.5108,Positive
Internazionali BNL d'Italia,2025-05-14,Masters 1000,Outdoor,Clay,Quarterfinals,3,Musetti L.,Zverev A.,Musetti L.,9,2,3550,8085,2.38,1.57,7-6 6-4,5.5,True,Zverev,Musetti L.,18,Musetti vs Zverev Internazionali BNL d'Italia 2025 highlights,BGnqhnkHlPk,Musetti vs Zverev | QF Highlights | Internazionali BNL d’Italia 2025,Internazionali BNL d'Italia,2025-05-14T23:01:36Z,https://www.youtube.com/watch?v=BGnqhnkHlPk,2,Battle of two chokers,1,2025-05-14T23:20:53Z,"{'neg': 0.464, 'neu': 0.536, 'pos': 0.0, 'compound': -0.3818}",0.464,0.536,0.0,-0.3818,Negative
Mutua Madrid Open,2025-04-29,Masters 1000,Outdoor,Clay,4th Round,3,Zverev A.,Cerundolo F.,Cerundolo F.,2,21,8085,2225,1.44,2.75,5-7 3-6,11.5,True,Zverev,Cerundolo F.,19,Zverev vs Cerundolo Mutua Madrid Open 2025 highlights,Qbes9GOWUwk,Alexander Zverev vs Francisco Cerundolo Match Highlights | Madrid 2025,Tennis TV,2025-04-29T17:45:20Z,https://www.youtube.com/watch?v=Qbes9GOWUwk,1,Cerundolo and Musetti are graduating to the big leagues this tournament.,40,2025-04-29T19:08:37Z,"{'neg': 0.0, 'neu': 1.0, 'pos': 0.0, 'compound': 0.0}",0.0,1.0,0.0,0.0,Neutral
Mutua Madrid Open,2025-04-29,Masters 1000,Outdoor,Clay,4th Round,3,Zverev A.,Cerundolo F.,Cerundolo F.,2,21,8085,2225,1.44,2.75,5-7 3-6,11.5,True,Zverev,Cerundolo F.,19,Zverev vs Cerundolo Mutua Madrid Open 2025 highlights,Qbes9GOWUwk,Alexander Zverev vs Francisco Cerundolo Match Highlights | Madrid 2025,Tennis TV,2025-04-29T17:45:20Z,https://www.youtube.com/watch?v=Qbes9GOWUwk,2,"Very smart play by Cerundolo, he seems to know exactly how to play against Zverev.",140,2025-04-29T17:55:54Z,"{'neg': 0.0, 'neu': 0.598, 'pos': 0.402, 'compound': 0.7947}",0.0,0.598,0.402,0.7947,Positive
Mutua Madrid Open,2025-04-29,Masters 1000,Outdoor,Clay,4th Round,3,Zverev A.,Cerundolo F.,Cerundolo F.,2,21,8085,2225,1.44,2.75,5-7 3-6,11.5,True,Zverev,Cerundolo F.,19,Zverev vs Cerundolo Mutua Madrid Open 2025 highlights,Qbes9GOWUwk,Alexander Zverev vs Francisco Cerundolo Match Highlights | Madrid 2025,Tennis TV,2025-04-29T17:45:20Z,https://www.youtube.com/watch?v=Qbes9GOWUwk,3,Really like see Cerundolo playin. One of my favorite players,114,2025-04-29T17:56:55Z,"{'neg': 0.0, 'neu': 0.58, 'pos': 0.42, 'compound': 0.6997}",0.0,0.58,0.42,0.6997,Positive
Mutua Madrid Open,2025-04-29,Masters 1000,Outdoor,Clay,4th Round,3,Zverev A.,Cerundolo F.,Cerundolo F.,2,21,8085,2225,1.44,2.75,5-7 3-6,11.5,True,Zverev,Cerundolo F.,19,Zverev vs Cerundolo Mutua Madrid Open 2025 highlights,Qbes9GOWUwk,Alexander Zverev vs Francisco Cerundolo Match Highlights | Madrid 2025,Tennis TV,2025-04-29T17:45:20Z,https://www.youtube.com/watch?v=Qbes9GOWUwk,4,Cerundolo been so consistent this season. 11th best player this year and he doesn't have tournaments were he got more than 200 points. Third Masters QF this season as well,35,2025-04-29T19:00:26Z,"{'neg': 0.0, 'neu': 0.816, 'pos': 0.184, 'compound': 0.743}",0.0,0.816,0.184,0.743,Positive
Mutua Madrid Open,2025-04-29,Masters 1000,Outdoor,Clay,4th Round,3,Zverev A.,Cerundolo F.,Cerundolo F.,2,21,8085,2225,1.44,2.75,5-7 3-6,11.5,True,Zverev,Cerundolo F.,19,Zverev vs Cerundolo Mutua Madrid Open 2025 highlights,Qbes9GOWUwk,Alexander Zverev vs Francisco Cerundolo Match Highlights | Madrid 2025,Tennis TV,2025-04-29T17:45:20Z,https://www.youtube.com/watch?v=Qbes9GOWUwk,5,"francisco actually such a nice guy, he has done well",24,2025-04-29T18:34:24Z,"{'neg': 0.0, 'neu': 0.62, 'pos': 0.38, 'compound': 0.5994}",0.0,0.62,0.38,0.5994,Positive
Mutua Madrid Open,2025-04-29,Masters 1000,Outdoor,Clay,4th Round,3,Zverev A.,Cerundolo F.,Cerundolo F.,2,21,8085,2225,1.44,2.75,5-7 3-6,11.5,True,Zverev,Cerundolo F.,19,Zverev vs Cerundolo Mutua Madrid Open 2025 highlights,Qbes9GOWUwk,Alexander Zverev vs Francisco Cerundolo Match Highlights | Madrid 2025,Tennis TV,2025-04-29T17:45:20Z,https://www.youtube.com/watch?v=Qbes9GOWUwk,6,"Francisco Cerundolo turning into the new Taylor Fritz, the way he’s living rent free in Zverev’s head",272,2025-04-29T17:48:20Z,"{'neg': 0.0, 'neu': 0.829, 'pos': 0.171, 'compound': 0.5106}",0.0,0.829,0.171,0.5106,Positive
Mutua Madrid Open,2025-04-29,Masters 1000,Outdoor,Clay,4th Round,3,Zverev A.,Cerundolo F.,Cerundolo F.,2,21,8085,2225,1.44,2.75,5-7 3-6,11.5,True,Zverev,Cerundolo F.,19,Zverev vs Cerundolo Mutua Madrid Open 2025 highlights,Qbes9GOWUwk,Alexander Zverev vs Francisco Cerundolo Match Highlights | Madrid 2025,Tennis TV,2025-04-29T17:45:20Z,https://www.youtube.com/watch?v=Qbes9GOWUwk,7,Those drop shots from Cerundolo..ouch..everyone seems new to Zverev..,33,2025-04-29T18:01:01Z,"{'neg': 0.208, 'neu': 0.792, 'pos': 0.0, 'compound': -0.2732}",0.208,0.792,0.0,-0.2732,Negative
Mutua Madrid Open,2025-04-29,Masters 1000,Outdoor,Clay,4th Round,3,Zverev A.,Cerundolo F.,Cerundolo F.,2,21,8085,2225,1.44,2.75,5-7 3-6,11.5,True,Zverev,Cerundolo F.,19,Zverev vs Cerundolo Mutua Madrid Open 2025 highlights,Qbes9GOWUwk,Alexander Zverev vs Francisco Cerundolo Match Highlights | Madrid 2025,Tennis TV,2025-04-29T17:45:20Z,https://www.youtube.com/watch?v=Qbes9GOWUwk,8,"Cerundulo might have the most beautiful forehand shot on tour. Clean, powerful, accurate and you can feel players fear it when its about to come.",50,2025-04-29T18:07:58Z,"{'neg': 0.094, 'neu': 0.62, 'pos': 0.286, 'compound': 0.7574}",0.094,0.62,0.286,0.7574,Positive
Mutua Madrid Open,2025-04-29,Masters 1000,Outdoor,Clay,4th Round,3,Zverev A.,Cerundolo F.,Cerundolo F.,2,21,8085,2225,1.44,2.75,5-7 3-6,11.5,True,Zverev,Cerundolo F.,19,Zverev vs Cerundolo Mutua Madrid Open 2025 highlights,Qbes9GOWUwk,Alexander Zverev vs Francisco Cerundolo Match Highlights | Madrid 2025,Tennis TV,2025-04-29T17:45:20Z,https://www.youtube.com/watch?v=Qbes9GOWUwk,9,Francisco Cerundolo lo trovo un ottimo tennista. Il suo gioco è essenziale e concreto e poi che sensibilità!!! Complimenti. 🎉,12,2025-04-29T18:16:11Z,"{'neg': 0.0, 'neu': 0.848, 'pos': 0.152, 'compound': 0.5538}",0.0,0.848,0.152,0.5538,Positive
Mutua Madrid Open,2025-04-29,Masters 1000,Outdoor,Clay,4th Round,3,Zverev A.,Cerundolo F.,Cerundolo F.,2,21,8085,2225,1.44,2.75,5-7 3-6,11.5,True,Zverev,Cerundolo F.,19,Zverev vs Cerundolo Mutua Madrid Open 2025 highlights,Qbes9GOWUwk,Alexander Zverev vs Francisco Cerundolo Match Highlights | Madrid 2025,Tennis TV,2025-04-29T17:45:20Z,https://www.youtube.com/watch?v=Qbes9GOWUwk,10,"Vamos Fran, carajo !!!!!!! Sabia que ganarias, te tenia MUCHA FE. A seguir en este nivel. Felicitaciones....",7,2025-04-29T18:15:16Z,"{'neg': 0.0, 'neu': 1.0, 'pos': 0.0, 'compound': 0.0}",0.0,1.0,0.0,0.0,Neutral
Mutua Madrid Open,2025-04-29,Masters 1000,Outdoor,Clay,4th Round,3,Zverev A.,Cerundolo F.,Cerundolo F.,2,21,8085,2225,1.44,2.75,5-7 3-6,11.5,True,Zverev,Cerundolo F.,19,Zverev vs Cerundolo Mutua Madrid Open 2025 highlights,Qbes9GOWUwk,Alexander Zverev vs Francisco Cerundolo Match Highlights | Madrid 2025,Tennis TV,2025-04-29T17:45:20Z,https://www.youtube.com/watch?v=Qbes9GOWUwk,11,Merece ganar un titulo demostrando jerarquía a los de arriba vamos Fran!!,7,2025-04-29T18:18:43Z,"{'neg': 0.0, 'neu': 1.0, 'pos': 0.0, 'compound': 0.0}",0.0,1.0,0.0,0.0,Neutral
Mutua Madrid Open,2025-04-29,Masters 1000,Outdoor,Clay,4th Round,3,Zverev A.,Cerundolo F.,Cerundolo F.,2,21,8085,2225,1.44,2.75,5-7 3-6,11.5,True,Zverev,Cerundolo F.,19,Zverev vs Cerundolo Mutua Madrid Open 2025 highlights,Qbes9GOWUwk,Alexander Zverev vs Francisco Cerundolo Match Highlights | Madrid 2025,Tennis TV,2025-04-29T17:45:20Z,https://www.youtube.com/watch?v=Qbes9GOWUwk,12,Vaya partidazo de Fran !,5,2025-04-29T18:09:27Z,"{'neg': 0.0, 'neu': 1.0, 'pos': 0.0, 'compound': 0.0}",0.0,1.0,0.0,0.0,Neutral
Mutua Madrid Open,2025-04-29,Masters 1000,Outdoor,Clay,4th Round,3,Zverev A.,Cerundolo F.,Cerundolo F.,2,21,8085,2225,1.44,2.75,5-7 3-6,11.5,True,Zverev,Cerundolo F.,19,Zverev vs Cerundolo Mutua Madrid Open 2025 highlights,Qbes9GOWUwk,Alexander Zverev vs Francisco Cerundolo Match Highlights | Madrid 2025,Tennis TV,2025-04-29T17:45:20Z,https://www.youtube.com/watch?v=Qbes9GOWUwk,13,"Bien por el vecino vamos a ganar Madrid Francisco saludos desde Uruguay ,abril  2025",6,2025-04-29T18:11:33Z,"{'neg': 0.0, 'neu': 1.0, 'pos': 0.0, 'compound': 0.0}",0.0,1.0,0.0,0.0,Neutral
Mutua Madrid Open,2025-04-29,Masters 1000,Outdoor,Clay,4th Round,3,Zverev A.,Cerundolo F.,Cerundolo F.,2,21,8085,2225,1.44,2.75,5-7 3-6,11.5,True,Zverev,Cerundolo F.,19,Zverev vs Cerundolo Mutua Madrid Open 2025 highlights,Qbes9GOWUwk,Alexander Zverev vs Francisco Cerundolo Match Highlights | Madrid 2025,Tennis TV,2025-04-29T17:45:20Z,https://www.youtube.com/watch?v=Qbes9GOWUwk,14,"Lets see if he can finally click and unblock himself. Sadly, Cerundolo's problem has always been consistency and loosing immediately after a big win, you can never underestimate his ability to loose against a lower ranked player. 
Vamos Fran, con todo!",8,2025-04-29T19:01:04Z,"{'neg': 0.236, 'neu': 0.655, 'pos': 0.11, 'compound': -0.6774}",0.236,0.655,0.11,-0.6774,Negative
Mutua Madrid Open,2025-04-29,Masters 1000,Outdoor,Clay,4th Round,3,Zverev A.,Cerundolo F.,Cerundolo F.,2,21,8085,2225,1.44,2.75,5-7 3-6,11.5,True,Zverev,Cerundolo F.,19,Zverev vs Cerundolo Mutua Madrid Open 2025 highlights,Qbes9GOWUwk,Alexander Zverev vs Francisco Cerundolo Match Highlights | Madrid 2025,Tennis TV,2025-04-29T17:45:20Z,https://www.youtube.com/watch?v=Qbes9GOWUwk,15,why is zverev standing sooooo far behind the baseline??? you would think he'd move up a bit after the 100th drop shot,27,2025-04-29T18:49:03Z,"{'neg': 0.112, 'neu': 0.888, 'pos': 0.0, 'compound': -0.3899}",0.112,0.888,0.0,-0.3899,Negative
Mutua Madrid Open,2025-04-29,Masters 1000,Outdoor,Clay,4th Round,3,Zverev A.,Cerundolo F.,Cerundolo F.,2,21,8085,2225,1.44,2.75,5-7 3-6,11.5,True,Zverev,Cerundolo F.,19,Zverev vs Cerundolo Mutua Madrid Open 2025 highlights,Qbes9GOWUwk,Alexander Zverev vs Francisco Cerundolo Match Highlights | Madrid 2025,Tennis TV,2025-04-29T17:45:20Z,https://www.youtube.com/watch?v=Qbes9GOWUwk,16,Finally holds his nerve to win. About time.,27,2025-04-29T17:55:09Z,"{'neg': 0.0, 'neu': 0.648, 'pos': 0.352, 'compound': 0.5859}",0.0,0.648,0.352,0.5859,Positive
Mutua Madrid Open,2025-04-29,Masters 1000,Outdoor,Clay,4th Round,3,Zverev A.,Cerundolo F.,Cerundolo F.,2,21,8085,2225,1.44,2.75,5-7 3-6,11.5,True,Zverev,Cerundolo F.,19,Zverev vs Cerundolo Mutua Madrid Open 2025 highlights,Qbes9GOWUwk,Alexander Zverev vs Francisco Cerundolo Match Highlights | Madrid 2025,Tennis TV,2025-04-29T17:45:20Z,https://www.youtube.com/watch?v=Qbes9GOWUwk,17,"Tremendo Fran cerundolo, mejoro bastante y si es un gran jugador, jugando como lo que es un campeón!",2,2025-04-29T18:19:50Z,"{'neg': 0.0, 'neu': 1.0, 'pos': 0.0, 'compound': 0.0}",0.0,1.0,0.0,0.0,Neutral
Mutua Madrid Open,2025-04-29,Masters 1000,Outdoor,Clay,4th Round,3,Zverev A.,Cerundolo F.,Cerundolo F.,2,21,8085,2225,1.44,2.75,5-7 3-6,11.5,True,Zverev,Cerundolo F.,19,Zverev vs Cerundolo Mutua Madrid Open 2025 highlights,Qbes9GOWUwk,Alexander Zverev vs Francisco Cerundolo Match Highlights | Madrid 2025,Tennis TV,2025-04-29T17:45:20Z,https://www.youtube.com/watch?v=Qbes9GOWUwk,18,"Cerúndolo tiene nivel de jugador top. El unico obstáculo lo tiene con su cabeza, si lo supera está para cosas grandes. 🇦🇷🇦🇷🇦🇷",13,2025-04-29T18:23:21Z,"{'neg': 0.0, 'neu': 0.921, 'pos': 0.079, 'compound': 0.2023}",0.0,0.921,0.079,0.2023,Positive
Mutua Madrid Open,2025-04-29,Masters 1000,Outdoor,Clay,4th Round,3,Zverev A.,Cerundolo F.,Cerundolo F.,2,21,8085,2225,1.44,2.75,5-7 3-6,11.5,True,Zverev,Cerundolo F.,19,Zverev vs Cerundolo Mutua Madrid Open 2025 highlights,Qbes9GOWUwk,Alexander Zverev vs Francisco Cerundolo Match Highlights | Madrid 2025,Tennis TV,2025-04-29T17:45:20Z,https://www.youtube.com/watch?v=Qbes9GOWUwk,19,The power of drop shots from Francisco Cerundolo,1,2025-04-29T18:34:05Z,"{'neg': 0.231, 'neu': 0.769, 'pos': 0.0, 'compound': -0.2732}",0.231,0.769,0.0,-0.2732,Negative
Mutua Madrid Open,2025-04-29,Masters 1000,Outdoor,Clay,4th Round,3,Zverev A.,Cerundolo F.,Cerundolo F.,2,21,8085,2225,1.44,2.75,5-7 3-6,11.5,True,Zverev,Cerundolo F.,19,Zverev vs Cerundolo Mutua Madrid Open 2025 highlights,Qbes9GOWUwk,Alexander Zverev vs Francisco Cerundolo Match Highlights | Madrid 2025,Tennis TV,2025-04-29T17:45:20Z,https://www.youtube.com/watch?v=Qbes9GOWUwk,20,Cerundulo será un durisimo contendiente para cualquiera de los jugadores top. Tiene muchas chances de una magnifica temporada en clay,11,2025-04-29T17:59:37Z,"{'neg': 0.0, 'neu': 0.833, 'pos': 0.167, 'compound': 0.3818}",0.0,0.833,0.167,0.3818,Positive
Mutua Madrid Open,2025-04-29,Masters 1000,Outdoor,Clay,4th Round,3,Zverev A.,Cerundolo F.,Cerundolo F.,2,21,8085,2225,1.44,2.75,5-7 3-6,11.5,True,Zverev,Cerundolo F.,19,Zverev vs Cerundolo Mutua Madrid Open 2025 highlights,Qbes9GOWUwk,Alexander Zverev vs Francisco Cerundolo Match Highlights | Madrid 2025,Tennis TV,2025-04-29T17:45:20Z,https://www.youtube.com/watch?v=Qbes9GOWUwk,21,Not surprised. He’s a giant slayer. One of the only players (except Alcaraz) that I believe can give a resurgent Sinner real trouble consistently (check their h2h if you don’t believe me),63,2025-04-29T17:49:40Z,"{'neg': 0.127, 'neu': 0.873, 'pos': 0.0, 'compound': -0.5213}",0.127,0.873,0.0,-0.5213,Negative
Mutua Madrid Open,2025-04-29,Masters 1000,Outdoor,Clay,4th Round,3,Zverev A.,Cerundolo F.,Cerundolo F.,2,21,8085,2225,1.44,2.75,5-7 3-6,11.5,True,Zverev,Cerundolo F.,19,Zverev vs Cerundolo Mutua Madrid Open 2025 highlights,Qbes9GOWUwk,Alexander Zverev vs Francisco Cerundolo Match Highlights | Madrid 2025,Tennis TV,2025-04-29T17:45:20Z,https://www.youtube.com/watch?v=Qbes9GOWUwk,22,Bro was ON!!,0,2025-04-29T21:28:29Z,"{'neg': 0.0, 'neu': 1.0, 'pos': 0.0, 'compound': 0.0}",0.0,1.0,0.0,0.0,Neutral
Mutua Madrid Open,2025-04-29,Masters 1000,Outdoor,Clay,4th Round,3,Zverev A.,Cerundolo F.,Cerundolo F.,2,21,8085,2225,1.44,2.75,5-7 3-6,11.5,True,Zverev,Cerundolo F.,19,Zverev vs Cerundolo Mutua Madrid Open 2025 highlights,Qbes9GOWUwk,Alexander Zverev vs Francisco Cerundolo Match Highlights | Madrid 2025,Tennis TV,2025-04-29T17:45:20Z,https://www.youtube.com/watch?v=Qbes9GOWUwk,23,Cerundolo is underrated player. To me he is due for a big result. He was excellent on the sunshine double. His forhend is awesomw,1,2025-04-29T19:43:46Z,"{'neg': 0.0, 'neu': 0.761, 'pos': 0.239, 'compound': 0.7845}",0.0,0.761,0.239,0.7845,Positive
Mutua Madrid Open,2025-04-29,Masters 1000,Outdoor,Clay,4th Round,3,Zverev A.,Cerundolo F.,Cerundolo F.,2,21,8085,2225,1.44,2.75,5-7 3-6,11.5,True,Zverev,Cerundolo F.,19,Zverev vs Cerundolo Mutua Madrid Open 2025 highlights,Qbes9GOWUwk,Alexander Zverev vs Francisco Cerundolo Match Highlights | Madrid 2025,Tennis TV,2025-04-29T17:45:20Z,https://www.youtube.com/watch?v=Qbes9GOWUwk,24,"Underrated player. On clay he is a beast. Forehand so strong from the base line, depth of shot to just be inside the lines throws players off.",0,2025-05-01T08:38:05Z,"{'neg': 0.0, 'neu': 0.86, 'pos': 0.14, 'compound': 0.6418}",0.0,0.86,0.14,0.6418,Positive
Mutua Madrid Open,2025-04-29,Masters 1000,Outdoor,Clay,4th Round,3,Zverev A.,Cerundolo F.,Cerundolo F.,2,21,8085,2225,1.44,2.75,5-7 3-6,11.5,True,Zverev,Cerundolo F.,19,Zverev vs Cerundolo Mutua Madrid Open 2025 highlights,Qbes9GOWUwk,Alexander Zverev vs Francisco Cerundolo Match Highlights | Madrid 2025,Tennis TV,2025-04-29T17:45:20Z,https://www.youtube.com/watch?v=Qbes9GOWUwk,25,"Chingón, los hermanos Cerúndolo la están rompiendo, bien por ellos, especialmente Fran, envidia de la buena porque en México faltan jugadores así",5,2025-04-29T18:25:07Z,"{'neg': 0.0, 'neu': 1.0, 'pos': 0.0, 'compound': 0.0}",0.0,1.0,0.0,0.0,Neutral
Miami Open,2025-03-26,Masters 1000,Outdoor,Hard,4th Round,3,Zverev A.,Fils A.,Fils A.,2,18,7945,2480,1.3,3.5,6-3 3-6 4-6,10.0,True,Zverev,Fils A.,20,Zverev vs Fils Miami Open 2025 highlights,A2ZoSDDmmQA,Alexander Zverev vs Arthur Fils Rollercoaster Clash 🥵 | Miami 2025 Extended Highlights,Tennis TV,2026-03-12T14:00:15Z,https://www.youtube.com/watch?v=A2ZoSDDmmQA,1,Do people watch this thinking it's Indian Wells 2026 rather than Miami 2025? It sure seems that way judging by the comments.,47,2026-03-12T16:05:00Z,"{'neg': 0.0, 'neu': 0.823, 'pos': 0.177, 'compound': 0.5106}",0.0,0.823,0.177,0.5106,Positive
Miami Open,2025-03-26,Masters 1000,Outdoor,Hard,4th Round,3,Zverev A.,Fils A.,Fils A.,2,18,7945,2480,1.3,3.5,6-3 3-6 4-6,10.0,True,Zverev,Fils A.,20,Zverev vs Fils Miami Open 2025 highlights,A2ZoSDDmmQA,Alexander Zverev vs Arthur Fils Rollercoaster Clash 🥵 | Miami 2025 Extended Highlights,Tennis TV,2026-03-12T14:00:15Z,https://www.youtube.com/watch?v=A2ZoSDDmmQA,2,admin~ gd job~ so gd to hv such long highlights,0,2026-03-13T00:36:27Z,"{'neg': 0.0, 'neu': 1.0, 'pos': 0.0, 'compound': 0.0}",0.0,1.0,0.0,0.0,Neutral
Miami Open,2025-03-26,Masters 1000,Outdoor,Hard,4th Round,3,Zverev A.,Fils A.,Fils A.,2,18,7945,2480,1.3,3.5,6-3 3-6 4-6,10.0,True,Zverev,Fils A.,20,Zverev vs Fils Miami Open 2025 highlights,A2ZoSDDmmQA,Alexander Zverev vs Arthur Fils Rollercoaster Clash 🥵 | Miami 2025 Extended Highlights,Tennis TV,2026-03-12T14:00:15Z,https://www.youtube.com/watch?v=A2ZoSDDmmQA,3,ugh... here I am towards the end and I thought this was Indian Wells 2026.... :P :P :P,4,2026-03-12T17:59:20Z,"{'neg': 0.108, 'neu': 0.5, 'pos': 0.392, 'compound': 0.7506}",0.108,0.5,0.392,0.7506,Positive
Miami Open,2025-03-26,Masters 1000,Outdoor,Hard,4th Round,3,Zverev A.,Fils A.,Fils A.,2,18,7945,2480,1.3,3.5,6-3 3-6 4-6,10.0,True,Zverev,Fils A.,20,Zverev vs Fils Miami Open 2025 highlights,A2ZoSDDmmQA,Alexander Zverev vs Arthur Fils Rollercoaster Clash 🥵 | Miami 2025 Extended Highlights,Tennis TV,2026-03-12T14:00:15Z,https://www.youtube.com/watch?v=A2ZoSDDmmQA,4,LOL This is Miami guys not Indian Wells hahaha The match doesn't start for 2 hours from now! 😂😂😂😂😂😂,3,2026-03-12T16:01:00Z,"{'neg': 0.212, 'neu': 0.436, 'pos': 0.352, 'compound': 0.9482}",0.212,0.436,0.352,0.9482,Positive
Miami Open,2025-03-26,Masters 1000,Outdoor,Hard,4th Round,3,Zverev A.,Fils A.,Fils A.,2,18,7945,2480,1.3,3.5,6-3 3-6 4-6,10.0,True,Zverev,Fils A.,20,Zverev vs Fils Miami Open 2025 highlights,A2ZoSDDmmQA,Alexander Zverev vs Arthur Fils Rollercoaster Clash 🥵 | Miami 2025 Extended Highlights,Tennis TV,2026-03-12T14:00:15Z,https://www.youtube.com/watch?v=A2ZoSDDmmQA,5,Well done,2,2026-03-12T14:40:58Z,"{'neg': 0.0, 'neu': 0.323, 'pos': 0.677, 'compound': 0.2732}",0.0,0.323,0.677,0.2732,Positive
Miami Open,2025-03-26,Masters 1000,Outdoor,Hard,4th Round,3,Zverev A.,Fils A.,Fils A.,2,18,7945,2480,1.3,3.5,6-3 3-6 4-6,10.0,True,Zverev,Fils A.,20,Zverev vs Fils Miami Open 2025 highlights,A2ZoSDDmmQA,Alexander Zverev vs Arthur Fils Rollercoaster Clash 🥵 | Miami 2025 Extended Highlights,Tennis TV,2026-03-12T14:00:15Z,https://www.youtube.com/watch?v=A2ZoSDDmmQA,6,Thank you for choosing Thumbnails that do not spoil the results! 👍❤️👍,2,2026-03-12T16:14:00Z,"{'neg': 0.0, 'neu': 0.851, 'pos': 0.149, 'compound': 0.4199}",0.0,0.851,0.149,0.4199,Positive
Miami Open,2025-03-26,Masters 1000,Outdoor,Hard,4th Round,3,Zverev A.,Fils A.,Fils A.,2,18,7945,2480,1.3,3.5,6-3 3-6 4-6,10.0,True,Zverev,Fils A.,20,Zverev vs Fils Miami Open 2025 highlights,A2ZoSDDmmQA,Alexander Zverev vs Arthur Fils Rollercoaster Clash 🥵 | Miami 2025 Extended Highlights,Tennis TV,2026-03-12T14:00:15Z,https://www.youtube.com/watch?v=A2ZoSDDmmQA,7,bien fils,1,2026-03-12T18:32:01Z,"{'neg': 0.0, 'neu': 1.0, 'pos': 0.0, 'compound': 0.0}",0.0,1.0,0.0,0.0,Neutral
Miami Open,2025-03-26,Masters 1000,Outdoor,Hard,4th Round,3,Zverev A.,Fils A.,Fils A.,2,18,7945,2480,1.3,3.5,6-3 3-6 4-6,10.0,True,Zverev,Fils A.,20,Zverev vs Fils Miami Open 2025 highlights,A2ZoSDDmmQA,Alexander Zverev vs Arthur Fils Rollercoaster Clash 🥵 | Miami 2025 Extended Highlights,Tennis TV,2026-03-12T14:00:15Z,https://www.youtube.com/watch?v=A2ZoSDDmmQA,8,"Jogo velho, pow... tsc...",0,2026-03-12T18:10:56Z,"{'neg': 0.0, 'neu': 1.0, 'pos': 0.0, 'compound': 0.0}",0.0,1.0,0.0,0.0,Neutral
Miami Open,2025-03-26,Masters 1000,Outdoor,Hard,4th Round,3,Zverev A.,Fils A.,Fils A.,2,18,7945,2480,1.3,3.5,6-3 3-6 4-6,10.0,True,Zverev,Fils A.,20,Zverev vs Fils Miami Open 2025 highlights,A2ZoSDDmmQA,Alexander Zverev vs Arthur Fils Rollercoaster Clash 🥵 | Miami 2025 Extended Highlights,Tennis TV,2026-03-12T14:00:15Z,https://www.youtube.com/watch?v=A2ZoSDDmmQA,9,"Commentator: ''The world number 2, Zverev'' WTF!?!",4,2026-03-12T15:18:19Z,"{'neg': 0.448, 'neu': 0.438, 'pos': 0.114, 'compound': -0.7019}",0.448,0.438,0.114,-0.7019,Negative
Miami Open,2025-03-26,Masters 1000,Outdoor,Hard,4th Round,3,Zverev A.,Fils A.,Fils A.,2,18,7945,2480,1.3,3.5,6-3 3-6 4-6,10.0,True,Zverev,Fils A.,20,Zverev vs Fils Miami Open 2025 highlights,A2ZoSDDmmQA,Alexander Zverev vs Arthur Fils Rollercoaster Clash 🥵 | Miami 2025 Extended Highlights,Tennis TV,2026-03-12T14:00:15Z,https://www.youtube.com/watch?v=A2ZoSDDmmQA,10,Fils needs this body back.,2,2026-03-12T16:35:03Z,"{'neg': 0.0, 'neu': 1.0, 'pos': 0.0, 'compound': 0.0}",0.0,1.0,0.0,0.0,Neutral
Miami Open,2025-03-26,Masters 1000,Outdoor,Hard,4th Round,3,Zverev A.,Fils A.,Fils A.,2,18,7945,2480,1.3,3.5,6-3 3-6 4-6,10.0,True,Zverev,Fils A.,20,Zverev vs Fils Miami Open 2025 highlights,A2ZoSDDmmQA,Alexander Zverev vs Arthur Fils Rollercoaster Clash 🥵 | Miami 2025 Extended Highlights,Tennis TV,2026-03-12T14:00:15Z,https://www.youtube.com/watch?v=A2ZoSDDmmQA,11,I see zverev as a hero who lost his heroin to other man,0,2026-03-12T19:03:32Z,"{'neg': 0.288, 'neu': 0.524, 'pos': 0.188, 'compound': -0.2263}",0.288,0.524,0.188,-0.2263,Negative
Miami Open,2025-03-26,Masters 1000,Outdoor,Hard,4th Round,3,Zverev A.,Fils A.,Fils A.,2,18,7945,2480,1.3,3.5,6-3 3-6 4-6,10.0,True,Zverev,Fils A.,20,Zverev vs Fils Miami Open 2025 highlights,A2ZoSDDmmQA,Alexander Zverev vs Arthur Fils Rollercoaster Clash 🥵 | Miami 2025 Extended Highlights,Tennis TV,2026-03-12T14:00:15Z,https://www.youtube.com/watch?v=A2ZoSDDmmQA,12,Fils en feu 🔥 aller la France 🇫🇷,3,2026-03-12T14:27:51Z,"{'neg': 0.255, 'neu': 0.745, 'pos': 0.0, 'compound': -0.34}",0.255,0.745,0.0,-0.34,Negative
Miami Open,2025-03-26,Masters 1000,Outdoor,Hard,4th Round,3,Zverev A.,Fils A.,Fils A.,2,18,7945,2480,1.3,3.5,6-3 3-6 4-6,10.0,True,Zverev,Fils A.,20,Zverev vs Fils Miami Open 2025 highlights,A2ZoSDDmmQA,Alexander Zverev vs Arthur Fils Rollercoaster Clash 🥵 | Miami 2025 Extended Highlights,Tennis TV,2026-03-12T14:00:15Z,https://www.youtube.com/watch?v=A2ZoSDDmmQA,13,Weird match. They both had a lot of errors in the first two sets and both players looked a little off. They both got more consistent in the third set but Zverev looked like he lacked a bit of energy. A win is a win and I'm sure Fils is happy.,5,2026-03-12T14:18:49Z,"{'neg': 0.043, 'neu': 0.611, 'pos': 0.345, 'compound': 0.9757}",0.043,0.611,0.345,0.9757,Positive
Miami Open,2025-03-26,Masters 1000,Outdoor,Hard,4th Round,3,Zverev A.,Fils A.,Fils A.,2,18,7945,2480,1.3,3.5,6-3 3-6 4-6,10.0,True,Zverev,Fils A.,20,Zverev vs Fils Miami Open 2025 highlights,A2ZoSDDmmQA,Alexander Zverev vs Arthur Fils Rollercoaster Clash 🥵 | Miami 2025 Extended Highlights,Tennis TV,2026-03-12T14:00:15Z,https://www.youtube.com/watch?v=A2ZoSDDmmQA,14,I've never known Zverev to be a consistent player,1,2026-03-12T15:28:07Z,"{'neg': 0.0, 'neu': 1.0, 'pos': 0.0, 'compound': 0.0}",0.0,1.0,0.0,0.0,Neutral
Miami Open,2025-03-26,Masters 1000,Outdoor,Hard,4th Round,3,Zverev A.,Fils A.,Fils A.,2,18,7945,2480,1.3,3.5,6-3 3-6 4-6,10.0,True,Zverev,Fils A.,20,Zverev vs Fils Miami Open 2025 highlights,A2ZoSDDmmQA,Alexander Zverev vs Arthur Fils Rollercoaster Clash 🥵 | Miami 2025 Extended Highlights,Tennis TV,2026-03-12T14:00:15Z,https://www.youtube.com/watch?v=A2ZoSDDmmQA,15,"With the exception of some unforced errors, Arthur's been playing brilliant tennis! Well-deserved win!",1,2026-03-12T16:07:11Z,"{'neg': 0.107, 'neu': 0.447, 'pos': 0.446, 'compound': 0.8217}",0.107,0.447,0.446,0.8217,Positive
Miami Open,2025-03-26,Masters 1000,Outdoor,Hard,4th Round,3,Zverev A.,Fils A.,Fils A.,2,18,7945,2480,1.3,3.5,6-3 3-6 4-6,10.0,True,Zverev,Fils A.,20,Zverev vs Fils Miami Open 2025 highlights,A2ZoSDDmmQA,Alexander Zverev vs Arthur Fils Rollercoaster Clash 🥵 | Miami 2025 Extended Highlights,Tennis TV,2026-03-12T14:00:15Z,https://www.youtube.com/watch?v=A2ZoSDDmmQA,16,imo Sasha lacked intensity in the last set.,1,2026-03-12T14:54:19Z,"{'neg': 0.0, 'neu': 1.0, 'pos': 0.0, 'compound': 0.0}",0.0,1.0,0.0,0.0,Neutral
Miami Open,2025-03-26,Masters 1000,Outdoor,Hard,4th Round,3,Zverev A.,Fils A.,Fils A.,2,18,7945,2480,1.3,3.5,6-3 3-6 4-6,10.0,True,Zverev,Fils A.,20,Zverev vs Fils Miami Open 2025 highlights,A2ZoSDDmmQA,Alexander Zverev vs Arthur Fils Rollercoaster Clash 🥵 | Miami 2025 Extended Highlights,Tennis TV,2026-03-12T14:00:15Z,https://www.youtube.com/watch?v=A2ZoSDDmmQA,17,Go go go Fils!💕,0,2026-03-12T17:00:55Z,"{'neg': 0.0, 'neu': 0.521, 'pos': 0.479, 'compound': 0.68}",0.0,0.521,0.479,0.68,Positive
Miami Open,2025-03-26,Masters 1000,Outdoor,Hard,4th Round,3,Zverev A.,Fils A.,Fils A.,2,18,7945,2480,1.3,3.5,6-3 3-6 4-6,10.0,True,Zverev,Fils A.,20,Zverev vs Fils Miami Open 2025 highlights,A2ZoSDDmmQA,Alexander Zverev vs Arthur Fils Rollercoaster Clash 🥵 | Miami 2025 Extended Highlights,Tennis TV,2026-03-12T14:00:15Z,https://www.youtube.com/watch?v=A2ZoSDDmmQA,18,21:17 *goosebumps* what a match...!,0,2026-03-12T16:08:36Z,"{'neg': 0.0, 'neu': 1.0, 'pos': 0.0, 'compound': 0.0}",0.0,1.0,0.0,0.0,Neutral
Miami Open,2025-03-26,Masters 1000,Outdoor,Hard,4th Round,3,Zverev A.,Fils A.,Fils A.,2,18,7945,2480,1.3,3.5,6-3 3-6 4-6,10.0,True,Zverev,Fils A.,20,Zverev vs Fils Miami Open 2025 highlights,A2ZoSDDmmQA,Alexander Zverev vs Arthur Fils Rollercoaster Clash 🥵 | Miami 2025 Extended Highlights,Tennis TV,2026-03-12T14:00:15Z,https://www.youtube.com/watch?v=A2ZoSDDmmQA,19,❤️,0,2026-03-13T00:43:21Z,"{'neg': 0.0, 'neu': 1.0, 'pos': 0.0, 'compound': 0.0}",0.0,1.0,0.0,0.0,Neutral
Miami Open,2025-03-26,Masters 1000,Outdoor,Hard,4th Round,3,Zverev A.,Fils A.,Fils A.,2,18,7945,2480,1.3,3.5,6-3 3-6 4-6,10.0,True,Zverev,Fils A.,20,Zverev vs Fils Miami Open 2025 highlights,A2ZoSDDmmQA,Alexander Zverev vs Arthur Fils Rollercoaster Clash 🥵 | Miami 2025 Extended Highlights,Tennis TV,2026-03-12T14:00:15Z,https://www.youtube.com/watch?v=A2ZoSDDmmQA,20,Boring 🥱 and so one sided  match .😮😮😮,0,2026-03-12T22:22:55Z,"{'neg': 0.108, 'neu': 0.892, 'pos': 0.0, 'compound': -0.3182}",0.108,0.892,0.0,-0.3182,Negative
Miami Open,2025-03-26,Masters 1000,Outdoor,Hard,4th Round,3,Zverev A.,Fils A.,Fils A.,2,18,7945,2480,1.3,3.5,6-3 3-6 4-6,10.0,True,Zverev,Fils A.,20,Zverev vs Fils Miami Open 2025 highlights,A2ZoSDDmmQA,Alexander Zverev vs Arthur Fils Rollercoaster Clash 🥵 | Miami 2025 Extended Highlights,Tennis TV,2026-03-12T14:00:15Z,https://www.youtube.com/watch?v=A2ZoSDDmmQA,21,Chokerev at it again.,1,2026-03-12T15:48:15Z,"{'neg': 0.0, 'neu': 1.0, 'pos': 0.0, 'compound': 0.0}",0.0,1.0,0.0,0.0,Neutral
Miami Open,2025-03-26,Masters 1000,Outdoor,Hard,4th Round,3,Zverev A.,Fils A.,Fils A.,2,18,7945,2480,1.3,3.5,6-3 3-6 4-6,10.0,True,Zverev,Fils A.,20,Zverev vs Fils Miami Open 2025 highlights,A2ZoSDDmmQA,Alexander Zverev vs Arthur Fils Rollercoaster Clash 🥵 | Miami 2025 Extended Highlights,Tennis TV,2026-03-12T14:00:15Z,https://www.youtube.com/watch?v=A2ZoSDDmmQA,22,So ein Flop,0,2026-03-12T19:48:46Z,"{'neg': 0.572, 'neu': 0.428, 'pos': 0.0, 'compound': -0.3976}",0.572,0.428,0.0,-0.3976,Negative
Miami Open,2025-03-26,Masters 1000,Outdoor,Hard,4th Round,3,Zverev A.,Fils A.,Fils A.,2,18,7945,2480,1.3,3.5,6-3 3-6 4-6,10.0,True,Zverev,Fils A.,20,Zverev vs Fils Miami Open 2025 highlights,A2ZoSDDmmQA,Alexander Zverev vs Arthur Fils Rollercoaster Clash 🥵 | Miami 2025 Extended Highlights,Tennis TV,2026-03-12T14:00:15Z,https://www.youtube.com/watch?v=A2ZoSDDmmQA,23,"watching sascha is painful. So slow. He can never take a ball early. Looks sluggish. No explosive power and not going to the net enough, IMO. He will never win a GS.",0,2026-03-12T16:54:05Z,"{'neg': 0.28, 'neu': 0.72, 'pos': 0.0, 'compound': -0.8712}",0.28,0.72,0.0,-0.8712,Negative
Australian Open,2025-01-21,Grand Slam,Outdoor,Hard,Quarterfinals,5,Paul T.,Zverev A.,Zverev A.,11,2,3195,7635,3.4,1.33,6-7 6-7 6-2 1-6,6.5,False,Zverev,Paul T.,21,Paul vs Zverev Australian Open 2025 highlights,GHwznGpucxo,Tommy Paul v Alexander Zverev Extended Highlights | Australian Open 2025 Quarterfinal,Australian Open,2025-01-21T07:00:10Z,https://www.youtube.com/watch?v=GHwznGpucxo,1,The fact that no one is surprised to see Paul in the QF is a testament to how far he's come,182,2025-01-21T07:27:39Z,"{'neg': 0.095, 'neu': 0.823, 'pos': 0.082, 'compound': -0.0772}",0.095,0.823,0.082,-0.0772,Negative
Australian Open,2025-01-21,Grand Slam,Outdoor,Hard,Quarterfinals,5,Paul T.,Zverev A.,Zverev A.,11,2,3195,7635,3.4,1.33,6-7 6-7 6-2 1-6,6.5,False,Zverev,Paul T.,21,Paul vs Zverev Australian Open 2025 highlights,GHwznGpucxo,Tommy Paul v Alexander Zverev Extended Highlights | Australian Open 2025 Quarterfinal,Australian Open,2025-01-21T07:00:10Z,https://www.youtube.com/watch?v=GHwznGpucxo,2,"Good, old-fashioned, work-ethic tennis. Little racket shakes. Head down. No yelling. No whining. Just enjoyable tennis.",74,2025-01-21T11:24:12Z,"{'neg': 0.098, 'neu': 0.488, 'pos': 0.415, 'compound': 0.7314}",0.098,0.488,0.415,0.7314,Positive
Australian Open,2025-01-21,Grand Slam,Outdoor,Hard,Quarterfinals,5,Paul T.,Zverev A.,Zverev A.,11,2,3195,7635,3.4,1.33,6-7 6-7 6-2 1-6,6.5,False,Zverev,Paul T.,21,Paul vs Zverev Australian Open 2025 highlights,GHwznGpucxo,Tommy Paul v Alexander Zverev Extended Highlights | Australian Open 2025 Quarterfinal,Australian Open,2025-01-21T07:00:10Z,https://www.youtube.com/watch?v=GHwznGpucxo,3,Zverev moves so well for someone of his height. What an incredible match,105,2025-01-21T07:21:01Z,"{'neg': 0.0, 'neu': 0.814, 'pos': 0.186, 'compound': 0.4101}",0.0,0.814,0.186,0.4101,Positive
Australian Open,2025-01-21,Grand Slam,Outdoor,Hard,Quarterfinals,5,Paul T.,Zverev A.,Zverev A.,11,2,3195,7635,3.4,1.33,6-7 6-7 6-2 1-6,6.5,False,Zverev,Paul T.,21,Paul vs Zverev Australian Open 2025 highlights,GHwznGpucxo,Tommy Paul v Alexander Zverev Extended Highlights | Australian Open 2025 Quarterfinal,Australian Open,2025-01-21T07:00:10Z,https://www.youtube.com/watch?v=GHwznGpucxo,4,"Zverev is solid as ever. Not much hype, but does his work neatly",45,2025-01-21T07:12:00Z,"{'neg': 0.0, 'neu': 0.714, 'pos': 0.286, 'compound': 0.5267}",0.0,0.714,0.286,0.5267,Positive
Australian Open,2025-01-21,Grand Slam,Outdoor,Hard,Quarterfinals,5,Paul T.,Zverev A.,Zverev A.,11,2,3195,7635,3.4,1.33,6-7 6-7 6-2 1-6,6.5,False,Zverev,Paul T.,21,Paul vs Zverev Australian Open 2025 highlights,GHwznGpucxo,Tommy Paul v Alexander Zverev Extended Highlights | Australian Open 2025 Quarterfinal,Australian Open,2025-01-21T07:00:10Z,https://www.youtube.com/watch?v=GHwznGpucxo,5,Paul can leave this year's AO with his head held very high. I will root for him against just about anybody - seems such a respectable guy and clearly an outstanding athlete! Kudos to Zverev for a strong start to 2025!,146,2025-01-21T07:15:21Z,"{'neg': 0.023, 'neu': 0.661, 'pos': 0.317, 'compound': 0.9484}",0.023,0.661,0.317,0.9484,Positive
Australian Open,2025-01-21,Grand Slam,Outdoor,Hard,Quarterfinals,5,Paul T.,Zverev A.,Zverev A.,11,2,3195,7635,3.4,1.33,6-7 6-7 6-2 1-6,6.5,False,Zverev,Paul T.,21,Paul vs Zverev Australian Open 2025 highlights,GHwznGpucxo,Tommy Paul v Alexander Zverev Extended Highlights | Australian Open 2025 Quarterfinal,Australian Open,2025-01-21T07:00:10Z,https://www.youtube.com/watch?v=GHwznGpucxo,6,"I can't imagine how painful it would feel to lose two close sets in a tie break. It's like working so hard to achieve nothing. Tennis can be a very cruel sport. I feel Tommy Paul will have a major breakthrough very soon. Even though I want Alcaraz or Sinner to win this title, i feel Zverev deserves a slam as well. May the best guy win.",94,2025-01-21T08:19:39Z,"{'neg': 0.127, 'neu': 0.642, 'pos': 0.231, 'compound': 0.841}",0.127,0.642,0.231,0.841,Positive
Australian Open,2025-01-21,Grand Slam,Outdoor,Hard,Quarterfinals,5,Paul T.,Zverev A.,Zverev A.,11,2,3195,7635,3.4,1.33,6-7 6-7 6-2 1-6,6.5,False,Zverev,Paul T.,21,Paul vs Zverev Australian Open 2025 highlights,GHwznGpucxo,Tommy Paul v Alexander Zverev Extended Highlights | Australian Open 2025 Quarterfinal,Australian Open,2025-01-21T07:00:10Z,https://www.youtube.com/watch?v=GHwznGpucxo,7,Tommy Paul needs help to deal with the nerves. He outolayed Zverev in first two sets yet found way to lose. Tommy got too conservative when he had the set points. Zverev did nothing special Tommy choked he blew it.,24,2025-01-21T12:49:22Z,"{'neg': 0.136, 'neu': 0.751, 'pos': 0.113, 'compound': -0.0268}",0.136,0.751,0.113,-0.0268,Neutral
Australian Open,2025-01-21,Grand Slam,Outdoor,Hard,Quarterfinals,5,Paul T.,Zverev A.,Zverev A.,11,2,3195,7635,3.4,1.33,6-7 6-7 6-2 1-6,6.5,False,Zverev,Paul T.,21,Paul vs Zverev Australian Open 2025 highlights,GHwznGpucxo,Tommy Paul v Alexander Zverev Extended Highlights | Australian Open 2025 Quarterfinal,Australian Open,2025-01-21T07:00:10Z,https://www.youtube.com/watch?v=GHwznGpucxo,8,"Can you please stop posting the winner of the match in the thumbnail, spoils the outcome for those who don't have time to watch the entire match.",338,2025-01-21T07:03:41Z,"{'neg': 0.068, 'neu': 0.743, 'pos': 0.189, 'compound': 0.5994}",0.068,0.743,0.189,0.5994,Positive
Australian Open,2025-01-21,Grand Slam,Outdoor,Hard,Quarterfinals,5,Paul T.,Zverev A.,Zverev A.,11,2,3195,7635,3.4,1.33,6-7 6-7 6-2 1-6,6.5,False,Zverev,Paul T.,21,Paul vs Zverev Australian Open 2025 highlights,GHwznGpucxo,Tommy Paul v Alexander Zverev Extended Highlights | Australian Open 2025 Quarterfinal,Australian Open,2025-01-21T07:00:10Z,https://www.youtube.com/watch?v=GHwznGpucxo,9,Damn Zverev out there moving like prime Federer bro just too good for Paul😭😭🔥👏🏾,9,2025-01-21T08:36:02Z,"{'neg': 0.308, 'neu': 0.545, 'pos': 0.147, 'compound': -0.7096}",0.308,0.545,0.147,-0.7096,Negative
Australian Open,2025-01-21,Grand Slam,Outdoor,Hard,Quarterfinals,5,Paul T.,Zverev A.,Zverev A.,11,2,3195,7635,3.4,1.33,6-7 6-7 6-2 1-6,6.5,False,Zverev,Paul T.,21,Paul vs Zverev Australian Open 2025 highlights,GHwznGpucxo,Tommy Paul v Alexander Zverev Extended Highlights | Australian Open 2025 Quarterfinal,Australian Open,2025-01-21T07:00:10Z,https://www.youtube.com/watch?v=GHwznGpucxo,10,So jumped from Paul winning brutally in the second set to a tie break with zverev making a key shot.   You have a future as a movie director.   🤣🤣👏👏,12,2025-01-21T08:42:23Z,"{'neg': 0.077, 'neu': 0.734, 'pos': 0.189, 'compound': 0.7003}",0.077,0.734,0.189,0.7003,Positive
Australian Open,2025-01-21,Grand Slam,Outdoor,Hard,Quarterfinals,5,Paul T.,Zverev A.,Zverev A.,11,2,3195,7635,3.4,1.33,6-7 6-7 6-2 1-6,6.5,False,Zverev,Paul T.,21,Paul vs Zverev Australian Open 2025 highlights,GHwznGpucxo,Tommy Paul v Alexander Zverev Extended Highlights | Australian Open 2025 Quarterfinal,Australian Open,2025-01-21T07:00:10Z,https://www.youtube.com/watch?v=GHwznGpucxo,11,Tommy Paul did everything right and Zverev still won in four sets. This just goes to show how high-level Zverev really is.,5,2025-01-21T18:37:11Z,"{'neg': 0.0, 'neu': 0.85, 'pos': 0.15, 'compound': 0.5719}",0.0,0.85,0.15,0.5719,Positive
Australian Open,2025-01-21,Grand Slam,Outdoor,Hard,Quarterfinals,5,Paul T.,Zverev A.,Zverev A.,11,2,3195,7635,3.4,1.33,6-7 6-7 6-2 1-6,6.5,False,Zverev,Paul T.,21,Paul vs Zverev Australian Open 2025 highlights,GHwznGpucxo,Tommy Paul v Alexander Zverev Extended Highlights | Australian Open 2025 Quarterfinal,Australian Open,2025-01-21T07:00:10Z,https://www.youtube.com/watch?v=GHwznGpucxo,12,Zverev is such a good player I'd say he is simply unfortunate not to have won a slam by now. I hope this is the year that mother luck will smile on him. He is just as good as anyone out there in this tournament.,16,2025-01-21T13:52:24Z,"{'neg': 0.144, 'neu': 0.619, 'pos': 0.237, 'compound': 0.681}",0.144,0.619,0.237,0.681,Positive
Australian Open,2025-01-21,Grand Slam,Outdoor,Hard,Quarterfinals,5,Paul T.,Zverev A.,Zverev A.,11,2,3195,7635,3.4,1.33,6-7 6-7 6-2 1-6,6.5,False,Zverev,Paul T.,21,Paul vs Zverev Australian Open 2025 highlights,GHwznGpucxo,Tommy Paul v Alexander Zverev Extended Highlights | Australian Open 2025 Quarterfinal,Australian Open,2025-01-21T07:00:10Z,https://www.youtube.com/watch?v=GHwznGpucxo,13,Tommy Paul redefines persistence.,4,2025-01-21T11:08:50Z,"{'neg': 0.0, 'neu': 1.0, 'pos': 0.0, 'compound': 0.0}",0.0,1.0,0.0,0.0,Neutral
Australian Open,2025-01-21,Grand Slam,Outdoor,Hard,Quarterfinals,5,Paul T.,Zverev A.,Zverev A.,11,2,3195,7635,3.4,1.33,6-7 6-7 6-2 1-6,6.5,False,Zverev,Paul T.,21,Paul vs Zverev Australian Open 2025 highlights,GHwznGpucxo,Tommy Paul v Alexander Zverev Extended Highlights | Australian Open 2025 Quarterfinal,Australian Open,2025-01-21T07:00:10Z,https://www.youtube.com/watch?v=GHwznGpucxo,14,Zverev on fire! Great nerves and more aggressive play! Like this he has a good chance to win the title. Best I've seen him play!!,19,2025-01-21T08:51:09Z,"{'neg': 0.125, 'neu': 0.306, 'pos': 0.569, 'compound': 0.9695}",0.125,0.306,0.569,0.9695,Positive
Australian Open,2025-01-21,Grand Slam,Outdoor,Hard,Quarterfinals,5,Paul T.,Zverev A.,Zverev A.,11,2,3195,7635,3.4,1.33,6-7 6-7 6-2 1-6,6.5,False,Zverev,Paul T.,21,Paul vs Zverev Australian Open 2025 highlights,GHwznGpucxo,Tommy Paul v Alexander Zverev Extended Highlights | Australian Open 2025 Quarterfinal,Australian Open,2025-01-21T07:00:10Z,https://www.youtube.com/watch?v=GHwznGpucxo,15,I love Zverevs game but that grunt is tough to listen to. Lol. Tommy did great. Hope he can keep this momentum.,7,2025-01-21T16:13:42Z,"{'neg': 0.051, 'neu': 0.492, 'pos': 0.457, 'compound': 0.9437}",0.051,0.492,0.457,0.9437,Positive
Australian Open,2025-01-21,Grand Slam,Outdoor,Hard,Quarterfinals,5,Paul T.,Zverev A.,Zverev A.,11,2,3195,7635,3.4,1.33,6-7 6-7 6-2 1-6,6.5,False,Zverev,Paul T.,21,Paul vs Zverev Australian Open 2025 highlights,GHwznGpucxo,Tommy Paul v Alexander Zverev Extended Highlights | Australian Open 2025 Quarterfinal,Australian Open,2025-01-21T07:00:10Z,https://www.youtube.com/watch?v=GHwznGpucxo,16,I think it was a definitely winnable match for Paul. Kudos for Zverev for keeping his composure and staying strong,13,2025-01-21T07:44:22Z,"{'neg': 0.0, 'neu': 0.569, 'pos': 0.431, 'compound': 0.9022}",0.0,0.569,0.431,0.9022,Positive
Australian Open,2025-01-21,Grand Slam,Outdoor,Hard,Quarterfinals,5,Paul T.,Zverev A.,Zverev A.,11,2,3195,7635,3.4,1.33,6-7 6-7 6-2 1-6,6.5,False,Zverev,Paul T.,21,Paul vs Zverev Australian Open 2025 highlights,GHwznGpucxo,Tommy Paul v Alexander Zverev Extended Highlights | Australian Open 2025 Quarterfinal,Australian Open,2025-01-21T07:00:10Z,https://www.youtube.com/watch?v=GHwznGpucxo,17,The amount of topspin and depth Sascha was putting on some of his shots was just insane. Good returns from Paul too.,1,2025-01-22T02:12:27Z,"{'neg': 0.105, 'neu': 0.781, 'pos': 0.113, 'compound': 0.0516}",0.105,0.781,0.113,0.0516,Positive
Australian Open,2025-01-21,Grand Slam,Outdoor,Hard,Quarterfinals,5,Paul T.,Zverev A.,Zverev A.,11,2,3195,7635,3.4,1.33,6-7 6-7 6-2 1-6,6.5,False,Zverev,Paul T.,21,Paul vs Zverev Australian Open 2025 highlights,GHwznGpucxo,Tommy Paul v Alexander Zverev Extended Highlights | Australian Open 2025 Quarterfinal,Australian Open,2025-01-21T07:00:10Z,https://www.youtube.com/watch?v=GHwznGpucxo,18,Tommy shouldve won this in straights. Served for first and second and won 6-2 in third,9,2025-01-21T22:44:17Z,"{'neg': 0.0, 'neu': 0.654, 'pos': 0.346, 'compound': 0.8126}",0.0,0.654,0.346,0.8126,Positive
Australian Open,2025-01-21,Grand Slam,Outdoor,Hard,Quarterfinals,5,Paul T.,Zverev A.,Zverev A.,11,2,3195,7635,3.4,1.33,6-7 6-7 6-2 1-6,6.5,False,Zverev,Paul T.,21,Paul vs Zverev Australian Open 2025 highlights,GHwznGpucxo,Tommy Paul v Alexander Zverev Extended Highlights | Australian Open 2025 Quarterfinal,Australian Open,2025-01-21T07:00:10Z,https://www.youtube.com/watch?v=GHwznGpucxo,19,Props to Paul for fighting off the bagel,2,2025-01-21T15:03:49Z,"{'neg': 0.263, 'neu': 0.737, 'pos': 0.0, 'compound': -0.3612}",0.263,0.737,0.0,-0.3612,Negative
Australian Open,2025-01-21,Grand Slam,Outdoor,Hard,Quarterfinals,5,Paul T.,Zverev A.,Zverev A.,11,2,3195,7635,3.4,1.33,6-7 6-7 6-2 1-6,6.5,False,Zverev,Paul T.,21,Paul vs Zverev Australian Open 2025 highlights,GHwznGpucxo,Tommy Paul v Alexander Zverev Extended Highlights | Australian Open 2025 Quarterfinal,Australian Open,2025-01-21T07:00:10Z,https://www.youtube.com/watch?v=GHwznGpucxo,20,"Sacha has been low key and very thorough thus far. I haven't seen this match yet, but both players looked yo be feeling the heat. Sacha looked soent after it was over. Good to see him fight. Tommy is such a consistent and solid competitor.  Kudos to him.",3,2025-01-21T13:33:41Z,"{'neg': 0.084, 'neu': 0.713, 'pos': 0.203, 'compound': 0.7906}",0.084,0.713,0.203,0.7906,Positive
Australian Open,2025-01-21,Grand Slam,Outdoor,Hard,Quarterfinals,5,Paul T.,Zverev A.,Zverev A.,11,2,3195,7635,3.4,1.33,6-7 6-7 6-2 1-6,6.5,False,Zverev,Paul T.,21,Paul vs Zverev Australian Open 2025 highlights,GHwznGpucxo,Tommy Paul v Alexander Zverev Extended Highlights | Australian Open 2025 Quarterfinal,Australian Open,2025-01-21T07:00:10Z,https://www.youtube.com/watch?v=GHwznGpucxo,21,"Wow, I thought TP would win at this weather. Zverev played great, hopefully he gets a slam this time.",4,2025-01-21T07:11:21Z,"{'neg': 0.08, 'neu': 0.401, 'pos': 0.519, 'compound': 0.9349}",0.08,0.401,0.519,0.9349,Positive
Australian Open,2025-01-21,Grand Slam,Outdoor,Hard,Quarterfinals,5,Paul T.,Zverev A.,Zverev A.,11,2,3195,7635,3.4,1.33,6-7 6-7 6-2 1-6,6.5,False,Zverev,Paul T.,21,Paul vs Zverev Australian Open 2025 highlights,GHwznGpucxo,Tommy Paul v Alexander Zverev Extended Highlights | Australian Open 2025 Quarterfinal,Australian Open,2025-01-21T07:00:10Z,https://www.youtube.com/watch?v=GHwznGpucxo,22,"That dude is a monster. He's got the height and power. He is pretty accurate too. Scary. If Carlos loses, he be my fav to win. Surely he deserves his first GS.",24,2025-01-21T07:12:34Z,"{'neg': 0.124, 'neu': 0.586, 'pos': 0.291, 'compound': 0.8126}",0.124,0.586,0.291,0.8126,Positive
Australian Open,2025-01-21,Grand Slam,Outdoor,Hard,Quarterfinals,5,Paul T.,Zverev A.,Zverev A.,11,2,3195,7635,3.4,1.33,6-7 6-7 6-2 1-6,6.5,False,Zverev,Paul T.,21,Paul vs Zverev Australian Open 2025 highlights,GHwznGpucxo,Tommy Paul v Alexander Zverev Extended Highlights | Australian Open 2025 Quarterfinal,Australian Open,2025-01-21T07:00:10Z,https://www.youtube.com/watch?v=GHwznGpucxo,23,Like how T.Paul was willing to go to forward in this match. The good news for him is I see him giving himself many more opportunities to make it deep into a slam.,1,2025-01-21T14:41:20Z,"{'neg': 0.063, 'neu': 0.678, 'pos': 0.259, 'compound': 0.796}",0.063,0.678,0.259,0.796,Positive
Australian Open,2025-01-21,Grand Slam,Outdoor,Hard,Quarterfinals,5,Paul T.,Zverev A.,Zverev A.,11,2,3195,7635,3.4,1.33,6-7 6-7 6-2 1-6,6.5,False,Zverev,Paul T.,21,Paul vs Zverev Australian Open 2025 highlights,GHwznGpucxo,Tommy Paul v Alexander Zverev Extended Highlights | Australian Open 2025 Quarterfinal,Australian Open,2025-01-21T07:00:10Z,https://www.youtube.com/watch?v=GHwznGpucxo,24,What a great match,1,2025-01-21T20:57:34Z,"{'neg': 0.0, 'neu': 0.423, 'pos': 0.577, 'compound': 0.6249}",0.0,0.423,0.577,0.6249,Positive
Australian Open,2025-01-21,Grand Slam,Outdoor,Hard,Quarterfinals,5,Paul T.,Zverev A.,Zverev A.,11,2,3195,7635,3.4,1.33,6-7 6-7 6-2 1-6,6.5,False,Zverev,Paul T.,21,Paul vs Zverev Australian Open 2025 highlights,GHwznGpucxo,Tommy Paul v Alexander Zverev Extended Highlights | Australian Open 2025 Quarterfinal,Australian Open,2025-01-21T07:00:10Z,https://www.youtube.com/watch?v=GHwznGpucxo,25,"Seria justo que Zverev ganara AO2025, a tanto esfuerzo",2,2025-01-22T05:52:35Z,"{'neg': 0.0, 'neu': 1.0, 'pos': 0.0, 'compound': 0.0}",0.0,1.0,0.0,0.0,Neutral
Masters Cup,2024-11-16,Masters Cup,Indoor,Hard,Semifinals,3,Zverev A.,Fritz T.,Fritz T.,2,5,7315,4300,1.4,3.0,3-6 6-3 6-7,3.5,True,Zverev,Fritz T.,22,Zverev vs Fritz Masters Cup 2024 highlights,qaatHuwAq3k,Shot of the YEAR! 😱,US Open Tennis Championships,2024-09-03T21:12:06Z,https://www.youtube.com/watch?v=qaatHuwAq3k,1,Definitely shot of the year,6129,2024-09-04T22:50:35Z,"{'neg': 0.0, 'neu': 0.597, 'pos': 0.403, 'compound': 0.4019}",0.0,0.597,0.403,0.4019,Positive
Masters Cup,2024-11-16,Masters Cup,Indoor,Hard,Semifinals,3,Zverev A.,Fritz T.,Fritz T.,2,5,7315,4300,1.4,3.0,3-6 6-3 6-7,3.5,True,Zverev,Fritz T.,22,Zverev vs Fritz Masters Cup 2024 highlights,qaatHuwAq3k,Shot of the YEAR! 😱,US Open Tennis Championships,2024-09-03T21:12:06Z,https://www.youtube.com/watch?v=qaatHuwAq3k,2,"This Giant has this athleticism, extraordinary",684,2024-11-19T21:33:25Z,"{'neg': 0.0, 'neu': 1.0, 'pos': 0.0, 'compound': 0.0}",0.0,1.0,0.0,0.0,Neutral
Masters Cup,2024-11-16,Masters Cup,Indoor,Hard,Semifinals,3,Zverev A.,Fritz T.,Fritz T.,2,5,7315,4300,1.4,3.0,3-6 6-3 6-7,3.5,True,Zverev,Fritz T.,22,Zverev vs Fritz Masters Cup 2024 highlights,qaatHuwAq3k,Shot of the YEAR! 😱,US Open Tennis Championships,2024-09-03T21:12:06Z,https://www.youtube.com/watch?v=qaatHuwAq3k,3,Might go down as the shot of the year. How do you hit that winner from inches off the court?,3016,2024-09-03T21:14:50Z,"{'neg': 0.0, 'neu': 0.833, 'pos': 0.167, 'compound': 0.5859}",0.0,0.833,0.167,0.5859,Positive
Masters Cup,2024-11-16,Masters Cup,Indoor,Hard,Semifinals,3,Zverev A.,Fritz T.,Fritz T.,2,5,7315,4300,1.4,3.0,3-6 6-3 6-7,3.5,True,Zverev,Fritz T.,22,Zverev vs Fritz Masters Cup 2024 highlights,qaatHuwAq3k,Shot of the YEAR! 😱,US Open Tennis Championships,2024-09-03T21:12:06Z,https://www.youtube.com/watch?v=qaatHuwAq3k,4,That is one of the most incredible shots I’ve ever seen,1612,2024-09-08T15:13:43Z,"{'neg': 0.0, 'neu': 1.0, 'pos': 0.0, 'compound': 0.0}",0.0,1.0,0.0,0.0,Neutral
Masters Cup,2024-11-16,Masters Cup,Indoor,Hard,Semifinals,3,Zverev A.,Fritz T.,Fritz T.,2,5,7315,4300,1.4,3.0,3-6 6-3 6-7,3.5,True,Zverev,Fritz T.,22,Zverev vs Fritz Masters Cup 2024 highlights,qaatHuwAq3k,Shot of the YEAR! 😱,US Open Tennis Championships,2024-09-03T21:12:06Z,https://www.youtube.com/watch?v=qaatHuwAq3k,5,Like nadal in prime,1160,2024-09-04T16:22:36Z,"{'neg': 0.0, 'neu': 0.545, 'pos': 0.455, 'compound': 0.3612}",0.0,0.545,0.455,0.3612,Positive
Masters Cup,2024-11-16,Masters Cup,Indoor,Hard,Semifinals,3,Zverev A.,Fritz T.,Fritz T.,2,5,7315,4300,1.4,3.0,3-6 6-3 6-7,3.5,True,Zverev,Fritz T.,22,Zverev vs Fritz Masters Cup 2024 highlights,qaatHuwAq3k,Shot of the YEAR! 😱,US Open Tennis Championships,2024-09-03T21:12:06Z,https://www.youtube.com/watch?v=qaatHuwAq3k,6,Honestly one of the best shots of all time. There was no fluke to it. No luck. It came at the end of hard fought rally. I can’t think of a better shot.,432,2024-12-22T17:00:56Z,"{'neg': 0.188, 'neu': 0.585, 'pos': 0.227, 'compound': 0.5747}",0.188,0.585,0.227,0.5747,Positive
Masters Cup,2024-11-16,Masters Cup,Indoor,Hard,Semifinals,3,Zverev A.,Fritz T.,Fritz T.,2,5,7315,4300,1.4,3.0,3-6 6-3 6-7,3.5,True,Zverev,Fritz T.,22,Zverev vs Fritz Masters Cup 2024 highlights,qaatHuwAq3k,Shot of the YEAR! 😱,US Open Tennis Championships,2024-09-03T21:12:06Z,https://www.youtube.com/watch?v=qaatHuwAq3k,7,Tipical nadal shot,330,2024-09-09T17:02:24Z,"{'neg': 0.0, 'neu': 1.0, 'pos': 0.0, 'compound': 0.0}",0.0,1.0,0.0,0.0,Neutral
Masters Cup,2024-11-16,Masters Cup,Indoor,Hard,Semifinals,3,Zverev A.,Fritz T.,Fritz T.,2,5,7315,4300,1.4,3.0,3-6 6-3 6-7,3.5,True,Zverev,Fritz T.,22,Zverev vs Fritz Masters Cup 2024 highlights,qaatHuwAq3k,Shot of the YEAR! 😱,US Open Tennis Championships,2024-09-03T21:12:06Z,https://www.youtube.com/watch?v=qaatHuwAq3k,8,A point that will never be forgotten.,108,2024-09-21T01:05:32Z,"{'neg': 0.0, 'neu': 0.783, 'pos': 0.217, 'compound': 0.1695}",0.0,0.783,0.217,0.1695,Positive
Masters Cup,2024-11-16,Masters Cup,Indoor,Hard,Semifinals,3,Zverev A.,Fritz T.,Fritz T.,2,5,7315,4300,1.4,3.0,3-6 6-3 6-7,3.5,True,Zverev,Fritz T.,22,Zverev vs Fritz Masters Cup 2024 highlights,qaatHuwAq3k,Shot of the YEAR! 😱,US Open Tennis Championships,2024-09-03T21:12:06Z,https://www.youtube.com/watch?v=qaatHuwAq3k,9,"Even if sascha doens't win a grand slam, ppl loves him. Great player🎉",8,2025-08-21T16:48:07Z,"{'neg': 0.09, 'neu': 0.311, 'pos': 0.599, 'compound': 0.9403}",0.09,0.311,0.599,0.9403,Positive
Masters Cup,2024-11-16,Masters Cup,Indoor,Hard,Semifinals,3,Zverev A.,Fritz T.,Fritz T.,2,5,7315,4300,1.4,3.0,3-6 6-3 6-7,3.5,True,Zverev,Fritz T.,22,Zverev vs Fritz Masters Cup 2024 highlights,qaatHuwAq3k,Shot of the YEAR! 😱,US Open Tennis Championships,2024-09-03T21:12:06Z,https://www.youtube.com/watch?v=qaatHuwAq3k,10,Amazing zverev,15,2024-10-02T15:46:20Z,"{'neg': 0.0, 'neu': 0.208, 'pos': 0.792, 'compound': 0.5859}",0.0,0.208,0.792,0.5859,Positive
Masters Cup,2024-11-16,Masters Cup,Indoor,Hard,Semifinals,3,Zverev A.,Fritz T.,Fritz T.,2,5,7315,4300,1.4,3.0,3-6 6-3 6-7,3.5,True,Zverev,Fritz T.,22,Zverev vs Fritz Masters Cup 2024 highlights,qaatHuwAq3k,Shot of the YEAR! 😱,US Open Tennis Championships,2024-09-03T21:12:06Z,https://www.youtube.com/watch?v=qaatHuwAq3k,11,I can't wait to see him lift a grand slam trophy.,4,2025-11-13T19:32:59Z,"{'neg': 0.178, 'neu': 0.616, 'pos': 0.205, 'compound': 0.1027}",0.178,0.616,0.205,0.1027,Positive
Masters Cup,2024-11-16,Masters Cup,Indoor,Hard,Semifinals,3,Zverev A.,Fritz T.,Fritz T.,2,5,7315,4300,1.4,3.0,3-6 6-3 6-7,3.5,True,Zverev,Fritz T.,22,Zverev vs Fritz Masters Cup 2024 highlights,qaatHuwAq3k,Shot of the YEAR! 😱,US Open Tennis Championships,2024-09-03T21:12:06Z,https://www.youtube.com/watch?v=qaatHuwAq3k,12,He bended 😮it like Beckham!,6,2024-11-25T13:56:22Z,"{'neg': 0.0, 'neu': 0.715, 'pos': 0.285, 'compound': 0.4199}",0.0,0.715,0.285,0.4199,Positive
Masters Cup,2024-11-16,Masters Cup,Indoor,Hard,Semifinals,3,Zverev A.,Fritz T.,Fritz T.,2,5,7315,4300,1.4,3.0,3-6 6-3 6-7,3.5,True,Zverev,Fritz T.,22,Zverev vs Fritz Masters Cup 2024 highlights,qaatHuwAq3k,Shot of the YEAR! 😱,US Open Tennis Championships,2024-09-03T21:12:06Z,https://www.youtube.com/watch?v=qaatHuwAq3k,13,That shot brought me instant Nadal vibes…what a shot!,5,2025-08-28T17:18:08Z,"{'neg': 0.0, 'neu': 1.0, 'pos': 0.0, 'compound': 0.0}",0.0,1.0,0.0,0.0,Neutral
Masters Cup,2024-11-16,Masters Cup,Indoor,Hard,Semifinals,3,Zverev A.,Fritz T.,Fritz T.,2,5,7315,4300,1.4,3.0,3-6 6-3 6-7,3.5,True,Zverev,Fritz T.,22,Zverev vs Fritz Masters Cup 2024 highlights,qaatHuwAq3k,Shot of the YEAR! 😱,US Open Tennis Championships,2024-09-03T21:12:06Z,https://www.youtube.com/watch?v=qaatHuwAq3k,14,His backhand is soo smooth that we can recognise him by his playing style❤,5,2025-08-21T16:19:15Z,"{'neg': 0.0, 'neu': 0.7, 'pos': 0.3, 'compound': 0.7184}",0.0,0.7,0.3,0.7184,Positive
Masters Cup,2024-11-16,Masters Cup,Indoor,Hard,Semifinals,3,Zverev A.,Fritz T.,Fritz T.,2,5,7315,4300,1.4,3.0,3-6 6-3 6-7,3.5,True,Zverev,Fritz T.,22,Zverev vs Fritz Masters Cup 2024 highlights,qaatHuwAq3k,Shot of the YEAR! 😱,US Open Tennis Championships,2024-09-03T21:12:06Z,https://www.youtube.com/watch?v=qaatHuwAq3k,15,"All of this is beautiful! The ralley, Saschas epic defending at display, that CRAZY shot and then Saschas celebration (in his sleeveless kit). super hot",51,2024-12-04T20:41:18Z,"{'neg': 0.094, 'neu': 0.662, 'pos': 0.244, 'compound': 0.7148}",0.094,0.662,0.244,0.7148,Positive
Masters Cup,2024-11-16,Masters Cup,Indoor,Hard,Semifinals,3,Zverev A.,Fritz T.,Fritz T.,2,5,7315,4300,1.4,3.0,3-6 6-3 6-7,3.5,True,Zverev,Fritz T.,22,Zverev vs Fritz Masters Cup 2024 highlights,qaatHuwAq3k,Shot of the YEAR! 😱,US Open Tennis Championships,2024-09-03T21:12:06Z,https://www.youtube.com/watch?v=qaatHuwAq3k,16,One of the greatest winners in the history of Tennis !! 😍👌🏼,8,2025-02-05T03:37:32Z,"{'neg': 0.0, 'neu': 0.469, 'pos': 0.531, 'compound': 0.9518}",0.0,0.469,0.531,0.9518,Positive
Masters Cup,2024-11-16,Masters Cup,Indoor,Hard,Semifinals,3,Zverev A.,Fritz T.,Fritz T.,2,5,7315,4300,1.4,3.0,3-6 6-3 6-7,3.5,True,Zverev,Fritz T.,22,Zverev vs Fritz Masters Cup 2024 highlights,qaatHuwAq3k,Shot of the YEAR! 😱,US Open Tennis Championships,2024-09-03T21:12:06Z,https://www.youtube.com/watch?v=qaatHuwAq3k,17,Shout out from Hamburg to a local boy!,13,2024-09-13T21:51:21Z,"{'neg': 0.0, 'neu': 1.0, 'pos': 0.0, 'compound': 0.0}",0.0,1.0,0.0,0.0,Neutral
Masters Cup,2024-11-16,Masters Cup,Indoor,Hard,Semifinals,3,Zverev A.,Fritz T.,Fritz T.,2,5,7315,4300,1.4,3.0,3-6 6-3 6-7,3.5,True,Zverev,Fritz T.,22,Zverev vs Fritz Masters Cup 2024 highlights,qaatHuwAq3k,Shot of the YEAR! 😱,US Open Tennis Championships,2024-09-03T21:12:06Z,https://www.youtube.com/watch?v=qaatHuwAq3k,18,The reaction from zverev is out of the world 😂😂❤,28,2024-09-30T16:15:08Z,"{'neg': 0.12, 'neu': 0.506, 'pos': 0.373, 'compound': 0.875}",0.12,0.506,0.373,0.875,Positive
Masters Cup,2024-11-16,Masters Cup,Indoor,Hard,Semifinals,3,Zverev A.,Fritz T.,Fritz T.,2,5,7315,4300,1.4,3.0,3-6 6-3 6-7,3.5,True,Zverev,Fritz T.,22,Zverev vs Fritz Masters Cup 2024 highlights,qaatHuwAq3k,Shot of the YEAR! 😱,US Open Tennis Championships,2024-09-03T21:12:06Z,https://www.youtube.com/watch?v=qaatHuwAq3k,19,"For those wondering, hitting the ball not over, but around the net is legal.",4,2025-01-19T16:57:25Z,"{'neg': 0.0, 'neu': 0.881, 'pos': 0.119, 'compound': 0.1901}",0.0,0.881,0.119,0.1901,Positive
Masters Cup,2024-11-16,Masters Cup,Indoor,Hard,Semifinals,3,Zverev A.,Fritz T.,Fritz T.,2,5,7315,4300,1.4,3.0,3-6 6-3 6-7,3.5,True,Zverev,Fritz T.,22,Zverev vs Fritz Masters Cup 2024 highlights,qaatHuwAq3k,Shot of the YEAR! 😱,US Open Tennis Championships,2024-09-03T21:12:06Z,https://www.youtube.com/watch?v=qaatHuwAq3k,20,Zverev is putting on some bulk it seems,9,2024-09-11T07:04:53Z,"{'neg': 0.0, 'neu': 1.0, 'pos': 0.0, 'compound': 0.0}",0.0,1.0,0.0,0.0,Neutral
Masters Cup,2024-11-16,Masters Cup,Indoor,Hard,Semifinals,3,Zverev A.,Fritz T.,Fritz T.,2,5,7315,4300,1.4,3.0,3-6 6-3 6-7,3.5,True,Zverev,Fritz T.,22,Zverev vs Fritz Masters Cup 2024 highlights,qaatHuwAq3k,Shot of the YEAR! 😱,US Open Tennis Championships,2024-09-03T21:12:06Z,https://www.youtube.com/watch?v=qaatHuwAq3k,21,That whole rally was amazing!,2,2025-07-17T22:26:51Z,"{'neg': 0.0, 'neu': 0.494, 'pos': 0.506, 'compound': 0.6239}",0.0,0.494,0.506,0.6239,Positive
Masters Cup,2024-11-16,Masters Cup,Indoor,Hard,Semifinals,3,Zverev A.,Fritz T.,Fritz T.,2,5,7315,4300,1.4,3.0,3-6 6-3 6-7,3.5,True,Zverev,Fritz T.,22,Zverev vs Fritz Masters Cup 2024 highlights,qaatHuwAq3k,Shot of the YEAR! 😱,US Open Tennis Championships,2024-09-03T21:12:06Z,https://www.youtube.com/watch?v=qaatHuwAq3k,22,Nadal ('n' Lendl) approved 🌟,14,2024-09-08T00:58:31Z,"{'neg': 0.0, 'neu': 0.641, 'pos': 0.359, 'compound': 0.4215}",0.0,0.641,0.359,0.4215,Positive
Masters Cup,2024-11-16,Masters Cup,Indoor,Hard,Semifinals,3,Zverev A.,Fritz T.,Fritz T.,2,5,7315,4300,1.4,3.0,3-6 6-3 6-7,3.5,True,Zverev,Fritz T.,22,Zverev vs Fritz Masters Cup 2024 highlights,qaatHuwAq3k,Shot of the YEAR! 😱,US Open Tennis Championships,2024-09-03T21:12:06Z,https://www.youtube.com/watch?v=qaatHuwAq3k,23,This is the shot of the year come on🎖️,4,2025-03-18T03:25:58Z,"{'neg': 0.0, 'neu': 1.0, 'pos': 0.0, 'compound': 0.0}",0.0,1.0,0.0,0.0,Neutral
Masters Cup,2024-11-16,Masters Cup,Indoor,Hard,Semifinals,3,Zverev A.,Fritz T.,Fritz T.,2,5,7315,4300,1.4,3.0,3-6 6-3 6-7,3.5,True,Zverev,Fritz T.,22,Zverev vs Fritz Masters Cup 2024 highlights,qaatHuwAq3k,Shot of the YEAR! 😱,US Open Tennis Championships,2024-09-03T21:12:06Z,https://www.youtube.com/watch?v=qaatHuwAq3k,24,Un passante lungolinea di rara bellezza. Magnifico!!!,20,2024-09-10T13:09:54Z,"{'neg': 0.0, 'neu': 0.62, 'pos': 0.38, 'compound': 0.5684}",0.0,0.62,0.38,0.5684,Positive
Masters Cup,2024-11-16,Masters Cup,Indoor,Hard,Semifinals,3,Zverev A.,Fritz T.,Fritz T.,2,5,7315,4300,1.4,3.0,3-6 6-3 6-7,3.5,True,Zverev,Fritz T.,22,Zverev vs Fritz Masters Cup 2024 highlights,qaatHuwAq3k,Shot of the YEAR! 😱,US Open Tennis Championships,2024-09-03T21:12:06Z,https://www.youtube.com/watch?v=qaatHuwAq3k,25,this and mussetti's recent shot are shots of this decade for sure,5,2024-11-23T18:16:34Z,"{'neg': 0.0, 'neu': 0.827, 'pos': 0.173, 'compound': 0.3182}",0.0,0.827,0.173,0.3182,Positive
BNP Paribas Masters,2024-11-02,Masters 1000,Indoor,Hard,Semifinals,3,Rune H.,Zverev A.,Zverev A.,13,3,3005,6805,3.0,1.4,3-6 6-7,8.0,False,Zverev,Rune H.,23,Rune vs Zverev BNP Paribas Masters 2024 highlights,mzfJBDNGKUA,Alexander Zverev Takes On Holger Rune | Paris 2024 Semi-Final Highlights,Tennis TV,2024-11-02T15:11:36Z,https://www.youtube.com/watch?v=mzfJBDNGKUA,1,Zverev moves really fast for his height.,171,2024-11-02T15:25:19Z,"{'neg': 0.0, 'neu': 1.0, 'pos': 0.0, 'compound': 0.0}",0.0,1.0,0.0,0.0,Neutral
BNP Paribas Masters,2024-11-02,Masters 1000,Indoor,Hard,Semifinals,3,Rune H.,Zverev A.,Zverev A.,13,3,3005,6805,3.0,1.4,3-6 6-7,8.0,False,Zverev,Rune H.,23,Rune vs Zverev BNP Paribas Masters 2024 highlights,mzfJBDNGKUA,Alexander Zverev Takes On Holger Rune | Paris 2024 Semi-Final Highlights,Tennis TV,2024-11-02T15:11:36Z,https://www.youtube.com/watch?v=mzfJBDNGKUA,2,Sascha is a type 1 diabetic. It's already a miracle that he is such a high-level athlete. He must have a lot of fortitude to endure  the long matches with the best players in the world and still be one of the best himself. ❤❤❤,59,2024-11-02T16:58:57Z,"{'neg': 0.0, 'neu': 0.64, 'pos': 0.36, 'compound': 0.9794}",0.0,0.64,0.36,0.9794,Positive
BNP Paribas Masters,2024-11-02,Masters 1000,Indoor,Hard,Semifinals,3,Rune H.,Zverev A.,Zverev A.,13,3,3005,6805,3.0,1.4,3-6 6-7,8.0,False,Zverev,Rune H.,23,Rune vs Zverev BNP Paribas Masters 2024 highlights,mzfJBDNGKUA,Alexander Zverev Takes On Holger Rune | Paris 2024 Semi-Final Highlights,Tennis TV,2024-11-02T15:11:36Z,https://www.youtube.com/watch?v=mzfJBDNGKUA,3,"Zverev is certainly one of the most consistent players of the year. And he might end the year as world number 2, it's crazy!",259,2024-11-02T15:13:51Z,"{'neg': 0.088, 'neu': 0.767, 'pos': 0.146, 'compound': 0.1511}",0.088,0.767,0.146,0.1511,Positive
BNP Paribas Masters,2024-11-02,Masters 1000,Indoor,Hard,Semifinals,3,Rune H.,Zverev A.,Zverev A.,13,3,3005,6805,3.0,1.4,3-6 6-7,8.0,False,Zverev,Rune H.,23,Rune vs Zverev BNP Paribas Masters 2024 highlights,mzfJBDNGKUA,Alexander Zverev Takes On Holger Rune | Paris 2024 Semi-Final Highlights,Tennis TV,2024-11-02T15:11:36Z,https://www.youtube.com/watch?v=mzfJBDNGKUA,4,Rune doesnt trust his game enough. If he played more agressive he would surely have bigger chances.,156,2024-11-02T15:22:39Z,"{'neg': 0.118, 'neu': 0.57, 'pos': 0.311, 'compound': 0.5264}",0.118,0.57,0.311,0.5264,Positive
BNP Paribas Masters,2024-11-02,Masters 1000,Indoor,Hard,Semifinals,3,Rune H.,Zverev A.,Zverev A.,13,3,3005,6805,3.0,1.4,3-6 6-7,8.0,False,Zverev,Rune H.,23,Rune vs Zverev BNP Paribas Masters 2024 highlights,mzfJBDNGKUA,Alexander Zverev Takes On Holger Rune | Paris 2024 Semi-Final Highlights,Tennis TV,2024-11-02T15:11:36Z,https://www.youtube.com/watch?v=mzfJBDNGKUA,5,I see that Zverev has made some changes on his forehand. For the better. Good for him.,56,2024-11-02T15:36:56Z,"{'neg': 0.0, 'neu': 0.721, 'pos': 0.279, 'compound': 0.7003}",0.0,0.721,0.279,0.7003,Positive
BNP Paribas Masters,2024-11-02,Masters 1000,Indoor,Hard,Semifinals,3,Rune H.,Zverev A.,Zverev A.,13,3,3005,6805,3.0,1.4,3-6 6-7,8.0,False,Zverev,Rune H.,23,Rune vs Zverev BNP Paribas Masters 2024 highlights,mzfJBDNGKUA,Alexander Zverev Takes On Holger Rune | Paris 2024 Semi-Final Highlights,Tennis TV,2024-11-02T15:11:36Z,https://www.youtube.com/watch?v=mzfJBDNGKUA,6,"Zverev deserves the year end as World No.2. He's been the most consistent deep-running performer after Sinner this year. He's reached the 2nd week of all the majors this year, including one final, one semifinal and one quarterfinal; making it the most successful campaign he's had at the majors in a season. He's on a career-high number of matches won in a season. And he's not done yet. He may well win Paris tomorrow, and may even win Turin in a few weeks time too. If he does all that, it'll be by far the best season of his career. And he's done all that despite having that brief knee injury at Wimbledon and having pneumonia after the US Open swing which prevented him from achieving even more good results. Impressive stuff to say the least. He's come light years away since rolling his ankle in 2022 so badly when we thought his career may have been over.",31,2024-11-02T18:48:23Z,"{'neg': 0.037, 'neu': 0.788, 'pos': 0.175, 'compound': 0.9734}",0.037,0.788,0.175,0.9734,Positive
BNP Paribas Masters,2024-11-02,Masters 1000,Indoor,Hard,Semifinals,3,Rune H.,Zverev A.,Zverev A.,13,3,3005,6805,3.0,1.4,3-6 6-7,8.0,False,Zverev,Rune H.,23,Rune vs Zverev BNP Paribas Masters 2024 highlights,mzfJBDNGKUA,Alexander Zverev Takes On Holger Rune | Paris 2024 Semi-Final Highlights,Tennis TV,2024-11-02T15:11:36Z,https://www.youtube.com/watch?v=mzfJBDNGKUA,7,Zverev is slowly but surely returning back to his glory days. :salute:,29,2024-11-02T16:33:21Z,"{'neg': 0.0, 'neu': 0.538, 'pos': 0.462, 'compound': 0.8625}",0.0,0.538,0.462,0.8625,Positive
BNP Paribas Masters,2024-11-02,Masters 1000,Indoor,Hard,Semifinals,3,Rune H.,Zverev A.,Zverev A.,13,3,3005,6805,3.0,1.4,3-6 6-7,8.0,False,Zverev,Rune H.,23,Rune vs Zverev BNP Paribas Masters 2024 highlights,mzfJBDNGKUA,Alexander Zverev Takes On Holger Rune | Paris 2024 Semi-Final Highlights,Tennis TV,2024-11-02T15:11:36Z,https://www.youtube.com/watch?v=mzfJBDNGKUA,8,"Rune can leave Paris with his head held high! In this match, he seemed so much calmer, more committed, and more mature than I’ve seen in a long while. Keep it up, Holger!!",33,2024-11-02T16:11:03Z,"{'neg': 0.031, 'neu': 0.737, 'pos': 0.232, 'compound': 0.8377}",0.031,0.737,0.232,0.8377,Positive
BNP Paribas Masters,2024-11-02,Masters 1000,Indoor,Hard,Semifinals,3,Rune H.,Zverev A.,Zverev A.,13,3,3005,6805,3.0,1.4,3-6 6-7,8.0,False,Zverev,Rune H.,23,Rune vs Zverev BNP Paribas Masters 2024 highlights,mzfJBDNGKUA,Alexander Zverev Takes On Holger Rune | Paris 2024 Semi-Final Highlights,Tennis TV,2024-11-02T15:11:36Z,https://www.youtube.com/watch?v=mzfJBDNGKUA,9,BRAVO ZVEREV !!!!,7,2024-11-02T16:55:11Z,"{'neg': 0.0, 'neu': 1.0, 'pos': 0.0, 'compound': 0.0}",0.0,1.0,0.0,0.0,Neutral
BNP Paribas Masters,2024-11-02,Masters 1000,Indoor,Hard,Semifinals,3,Rune H.,Zverev A.,Zverev A.,13,3,3005,6805,3.0,1.4,3-6 6-7,8.0,False,Zverev,Rune H.,23,Rune vs Zverev BNP Paribas Masters 2024 highlights,mzfJBDNGKUA,Alexander Zverev Takes On Holger Rune | Paris 2024 Semi-Final Highlights,Tennis TV,2024-11-02T15:11:36Z,https://www.youtube.com/watch?v=mzfJBDNGKUA,10,"Again, the power of the MAN-BUN!",7,2024-11-02T15:35:00Z,"{'neg': 0.0, 'neu': 1.0, 'pos': 0.0, 'compound': 0.0}",0.0,1.0,0.0,0.0,Neutral
BNP Paribas Masters,2024-11-02,Masters 1000,Indoor,Hard,Semifinals,3,Rune H.,Zverev A.,Zverev A.,13,3,3005,6805,3.0,1.4,3-6 6-7,8.0,False,Zverev,Rune H.,23,Rune vs Zverev BNP Paribas Masters 2024 highlights,mzfJBDNGKUA,Alexander Zverev Takes On Holger Rune | Paris 2024 Semi-Final Highlights,Tennis TV,2024-11-02T15:11:36Z,https://www.youtube.com/watch?v=mzfJBDNGKUA,11,You can feel the commitment level from the last point... Racket thrown to save match point is epic🔥🔥🔥,57,2024-11-02T15:39:37Z,"{'neg': 0.248, 'neu': 0.552, 'pos': 0.2, 'compound': -0.1027}",0.248,0.552,0.2,-0.1027,Negative
BNP Paribas Masters,2024-11-02,Masters 1000,Indoor,Hard,Semifinals,3,Rune H.,Zverev A.,Zverev A.,13,3,3005,6805,3.0,1.4,3-6 6-7,8.0,False,Zverev,Rune H.,23,Rune vs Zverev BNP Paribas Masters 2024 highlights,mzfJBDNGKUA,Alexander Zverev Takes On Holger Rune | Paris 2024 Semi-Final Highlights,Tennis TV,2024-11-02T15:11:36Z,https://www.youtube.com/watch?v=mzfJBDNGKUA,12,"Zverev sometimes looking unbeatable. Despite being very consistent over the years, Zverev struggle to capture first grand slam is unexplainable.",41,2024-11-02T15:38:07Z,"{'neg': 0.197, 'neu': 0.683, 'pos': 0.12, 'compound': -0.2263}",0.197,0.683,0.12,-0.2263,Negative
BNP Paribas Masters,2024-11-02,Masters 1000,Indoor,Hard,Semifinals,3,Rune H.,Zverev A.,Zverev A.,13,3,3005,6805,3.0,1.4,3-6 6-7,8.0,False,Zverev,Rune H.,23,Rune vs Zverev BNP Paribas Masters 2024 highlights,mzfJBDNGKUA,Alexander Zverev Takes On Holger Rune | Paris 2024 Semi-Final Highlights,Tennis TV,2024-11-02T15:11:36Z,https://www.youtube.com/watch?v=mzfJBDNGKUA,13,Zverev 🔥🎾,5,2024-11-02T15:29:10Z,"{'neg': 0.545, 'neu': 0.455, 'pos': 0.0, 'compound': -0.34}",0.545,0.455,0.0,-0.34,Negative
BNP Paribas Masters,2024-11-02,Masters 1000,Indoor,Hard,Semifinals,3,Rune H.,Zverev A.,Zverev A.,13,3,3005,6805,3.0,1.4,3-6 6-7,8.0,False,Zverev,Rune H.,23,Rune vs Zverev BNP Paribas Masters 2024 highlights,mzfJBDNGKUA,Alexander Zverev Takes On Holger Rune | Paris 2024 Semi-Final Highlights,Tennis TV,2024-11-02T15:11:36Z,https://www.youtube.com/watch?v=mzfJBDNGKUA,14,"Zverev is 2m tall, strong, moves well, huge serve ... really should be pressing Alcaraz and Sinner in the coming years. 

His time is now if he chooses to take it.",19,2024-11-02T15:36:16Z,"{'neg': 0.0, 'neu': 0.784, 'pos': 0.216, 'compound': 0.7717}",0.0,0.784,0.216,0.7717,Positive
BNP Paribas Masters,2024-11-02,Masters 1000,Indoor,Hard,Semifinals,3,Rune H.,Zverev A.,Zverev A.,13,3,3005,6805,3.0,1.4,3-6 6-7,8.0,False,Zverev,Rune H.,23,Rune vs Zverev BNP Paribas Masters 2024 highlights,mzfJBDNGKUA,Alexander Zverev Takes On Holger Rune | Paris 2024 Semi-Final Highlights,Tennis TV,2024-11-02T15:11:36Z,https://www.youtube.com/watch?v=mzfJBDNGKUA,15,lets gooooooo zverev,4,2024-11-02T16:05:40Z,"{'neg': 0.0, 'neu': 1.0, 'pos': 0.0, 'compound': 0.0}",0.0,1.0,0.0,0.0,Neutral
BNP Paribas Masters,2024-11-02,Masters 1000,Indoor,Hard,Semifinals,3,Rune H.,Zverev A.,Zverev A.,13,3,3005,6805,3.0,1.4,3-6 6-7,8.0,False,Zverev,Rune H.,23,Rune vs Zverev BNP Paribas Masters 2024 highlights,mzfJBDNGKUA,Alexander Zverev Takes On Holger Rune | Paris 2024 Semi-Final Highlights,Tennis TV,2024-11-02T15:11:36Z,https://www.youtube.com/watch?v=mzfJBDNGKUA,16,Go Sascha...We love u...,3,2024-11-02T15:53:01Z,"{'neg': 0.0, 'neu': 0.417, 'pos': 0.583, 'compound': 0.6369}",0.0,0.417,0.583,0.6369,Positive
BNP Paribas Masters,2024-11-02,Masters 1000,Indoor,Hard,Semifinals,3,Rune H.,Zverev A.,Zverev A.,13,3,3005,6805,3.0,1.4,3-6 6-7,8.0,False,Zverev,Rune H.,23,Rune vs Zverev BNP Paribas Masters 2024 highlights,mzfJBDNGKUA,Alexander Zverev Takes On Holger Rune | Paris 2024 Semi-Final Highlights,Tennis TV,2024-11-02T15:11:36Z,https://www.youtube.com/watch?v=mzfJBDNGKUA,17,Felicitări Zverev Constanța România mă bucur mult că ai câștigat ❤❤❤❤❤❤,1,2024-11-02T15:42:02Z,"{'neg': 0.0, 'neu': 0.388, 'pos': 0.612, 'compound': 0.9803}",0.0,0.388,0.612,0.9803,Positive
BNP Paribas Masters,2024-11-02,Masters 1000,Indoor,Hard,Semifinals,3,Rune H.,Zverev A.,Zverev A.,13,3,3005,6805,3.0,1.4,3-6 6-7,8.0,False,Zverev,Rune H.,23,Rune vs Zverev BNP Paribas Masters 2024 highlights,mzfJBDNGKUA,Alexander Zverev Takes On Holger Rune | Paris 2024 Semi-Final Highlights,Tennis TV,2024-11-02T15:11:36Z,https://www.youtube.com/watch?v=mzfJBDNGKUA,18,"Winning a Master's title is very tough and Zverev is within sight of his 7th Masters, a tremendous achievement by any stretch of imagination and he is still only 27 with  potential to win many more. He has also won two WTF, Olympic Gold and it is bizarre that he is yet to win a slam. Hopefully, his drought in that realm should end soon.",31,2024-11-02T15:54:47Z,"{'neg': 0.133, 'neu': 0.662, 'pos': 0.206, 'compound': 0.8006}",0.133,0.662,0.206,0.8006,Positive
BNP Paribas Masters,2024-11-02,Masters 1000,Indoor,Hard,Semifinals,3,Rune H.,Zverev A.,Zverev A.,13,3,3005,6805,3.0,1.4,3-6 6-7,8.0,False,Zverev,Rune H.,23,Rune vs Zverev BNP Paribas Masters 2024 highlights,mzfJBDNGKUA,Alexander Zverev Takes On Holger Rune | Paris 2024 Semi-Final Highlights,Tennis TV,2024-11-02T15:11:36Z,https://www.youtube.com/watch?v=mzfJBDNGKUA,19,He gave Holger almost nothing to work with and stayed very patient. Well earned 👍,2,2024-11-02T17:27:30Z,"{'neg': 0.0, 'neu': 0.863, 'pos': 0.137, 'compound': 0.3353}",0.0,0.863,0.137,0.3353,Positive
BNP Paribas Masters,2024-11-02,Masters 1000,Indoor,Hard,Semifinals,3,Rune H.,Zverev A.,Zverev A.,13,3,3005,6805,3.0,1.4,3-6 6-7,8.0,False,Zverev,Rune H.,23,Rune vs Zverev BNP Paribas Masters 2024 highlights,mzfJBDNGKUA,Alexander Zverev Takes On Holger Rune | Paris 2024 Semi-Final Highlights,Tennis TV,2024-11-02T15:11:36Z,https://www.youtube.com/watch?v=mzfJBDNGKUA,20,"That is concerning how he got tight when the finish line is near. If he faces Humbert, he probably can't afford that. 

Otherwise, this has been a good resurgence.",5,2024-11-02T15:33:45Z,"{'neg': 0.0, 'neu': 0.906, 'pos': 0.094, 'compound': 0.4404}",0.0,0.906,0.094,0.4404,Positive
BNP Paribas Masters,2024-11-02,Masters 1000,Indoor,Hard,Semifinals,3,Rune H.,Zverev A.,Zverev A.,13,3,3005,6805,3.0,1.4,3-6 6-7,8.0,False,Zverev,Rune H.,23,Rune vs Zverev BNP Paribas Masters 2024 highlights,mzfJBDNGKUA,Alexander Zverev Takes On Holger Rune | Paris 2024 Semi-Final Highlights,Tennis TV,2024-11-02T15:11:36Z,https://www.youtube.com/watch?v=mzfJBDNGKUA,21,Sascha! Lets go for the title💜,1,2024-11-02T15:44:44Z,"{'neg': 0.0, 'neu': 0.609, 'pos': 0.391, 'compound': 0.6696}",0.0,0.609,0.391,0.6696,Positive
BNP Paribas Masters,2024-11-02,Masters 1000,Indoor,Hard,Semifinals,3,Rune H.,Zverev A.,Zverev A.,13,3,3005,6805,3.0,1.4,3-6 6-7,8.0,False,Zverev,Rune H.,23,Rune vs Zverev BNP Paribas Masters 2024 highlights,mzfJBDNGKUA,Alexander Zverev Takes On Holger Rune | Paris 2024 Semi-Final Highlights,Tennis TV,2024-11-02T15:11:36Z,https://www.youtube.com/watch?v=mzfJBDNGKUA,22,Crazy battle 🇩🇪🎾🇩🇰,2,2024-11-02T15:15:50Z,"{'neg': 0.714, 'neu': 0.286, 'pos': 0.0, 'compound': -0.6124}",0.714,0.286,0.0,-0.6124,Negative
BNP Paribas Masters,2024-11-02,Masters 1000,Indoor,Hard,Semifinals,3,Rune H.,Zverev A.,Zverev A.,13,3,3005,6805,3.0,1.4,3-6 6-7,8.0,False,Zverev,Rune H.,23,Rune vs Zverev BNP Paribas Masters 2024 highlights,mzfJBDNGKUA,Alexander Zverev Takes On Holger Rune | Paris 2024 Semi-Final Highlights,Tennis TV,2024-11-02T15:11:36Z,https://www.youtube.com/watch?v=mzfJBDNGKUA,23,"2025 is gonna be Sascha's ,, at least 2 slams he is going to get and that will be the beginning of Sasha's 10slam era ❤,, he is good",11,2024-11-02T16:15:27Z,"{'neg': 0.0, 'neu': 0.798, 'pos': 0.202, 'compound': 0.7964}",0.0,0.798,0.202,0.7964,Positive
BNP Paribas Masters,2024-11-02,Masters 1000,Indoor,Hard,Semifinals,3,Rune H.,Zverev A.,Zverev A.,13,3,3005,6805,3.0,1.4,3-6 6-7,8.0,False,Zverev,Rune H.,23,Rune vs Zverev BNP Paribas Masters 2024 highlights,mzfJBDNGKUA,Alexander Zverev Takes On Holger Rune | Paris 2024 Semi-Final Highlights,Tennis TV,2024-11-02T15:11:36Z,https://www.youtube.com/watch?v=mzfJBDNGKUA,24,Zverev played very consistent,0,2024-11-02T17:33:21Z,"{'neg': 0.0, 'neu': 0.556, 'pos': 0.444, 'compound': 0.34}",0.0,0.556,0.444,0.34,Positive
BNP Paribas Masters,2024-11-02,Masters 1000,Indoor,Hard,Semifinals,3,Rune H.,Zverev A.,Zverev A.,13,3,3005,6805,3.0,1.4,3-6 6-7,8.0,False,Zverev,Rune H.,23,Rune vs Zverev BNP Paribas Masters 2024 highlights,mzfJBDNGKUA,Alexander Zverev Takes On Holger Rune | Paris 2024 Semi-Final Highlights,Tennis TV,2024-11-02T15:11:36Z,https://www.youtube.com/watch?v=mzfJBDNGKUA,25,"Honestly impressive what a consistent season he has played. Especially if you consider that he has not been healthy since Wimbledon, where he had a knee fracture (?), and then got sick with this lingering pneumonia. He basically played half a season hampered by injury and illness and still made good results, and ends up at least #3 or even #2. And all of that as a diabetic too.",2,2024-11-02T20:16:49Z,"{'neg': 0.13, 'neu': 0.705, 'pos': 0.165, 'compound': 0.4482}",0.13,0.705,0.165,0.4482,Positive
Wimbledon,2025-07-11,Grand Slam,Outdoor,Grass,Semifinals,5,Sinner J.,Djokovic N.,Sinner J.,1,6,10430,4630,1.4,2.8,6-3 6-3 6-4,3.5,False,Djokovic,Sinner J.,24,Sinner vs Djokovic Wimbledon 2025 highlights,eoiKSfYg71o,Sublime from Sinner | Jannik Sinner vs Novak Djokovic | Extended Highlights | Wimbledon 2025,Wimbledon,2025-07-11T18:39:49Z,https://www.youtube.com/watch?v=eoiKSfYg71o,1,"Felt a bit like the torch passing from the Big 3 (Fed, Nadal, Djoker) to the new Big 2 (Sinner+Alcaraz). Bittersweet and exciting.",577,2025-07-11T19:16:48Z,"{'neg': 0.048, 'neu': 0.741, 'pos': 0.211, 'compound': 0.6597}",0.048,0.741,0.211,0.6597,Positive
Wimbledon,2025-07-11,Grand Slam,Outdoor,Grass,Semifinals,5,Sinner J.,Djokovic N.,Sinner J.,1,6,10430,4630,1.4,2.8,6-3 6-3 6-4,3.5,False,Djokovic,Sinner J.,24,Sinner vs Djokovic Wimbledon 2025 highlights,eoiKSfYg71o,Sublime from Sinner | Jannik Sinner vs Novak Djokovic | Extended Highlights | Wimbledon 2025,Wimbledon,2025-07-11T18:39:49Z,https://www.youtube.com/watch?v=eoiKSfYg71o,2,"Welp, Roger's 8 Wimbledon titles record is officially safe for years now 😎😎",693,2025-07-11T19:07:09Z,"{'neg': 0.0, 'neu': 0.656, 'pos': 0.344, 'compound': 0.836}",0.0,0.656,0.344,0.836,Positive
Wimbledon,2025-07-11,Grand Slam,Outdoor,Grass,Semifinals,5,Sinner J.,Djokovic N.,Sinner J.,1,6,10430,4630,1.4,2.8,6-3 6-3 6-4,3.5,False,Djokovic,Sinner J.,24,Sinner vs Djokovic Wimbledon 2025 highlights,eoiKSfYg71o,Sublime from Sinner | Jannik Sinner vs Novak Djokovic | Extended Highlights | Wimbledon 2025,Wimbledon,2025-07-11T18:39:49Z,https://www.youtube.com/watch?v=eoiKSfYg71o,3,Sinner gliding through the grass like he’s skiing. Unbelievable speed,39,2025-07-12T15:06:41Z,"{'neg': 0.0, 'neu': 0.65, 'pos': 0.35, 'compound': 0.5106}",0.0,0.65,0.35,0.5106,Positive
Wimbledon,2025-07-11,Grand Slam,Outdoor,Grass,Semifinals,5,Sinner J.,Djokovic N.,Sinner J.,1,6,10430,4630,1.4,2.8,6-3 6-3 6-4,3.5,False,Djokovic,Sinner J.,24,Sinner vs Djokovic Wimbledon 2025 highlights,eoiKSfYg71o,Sublime from Sinner | Jannik Sinner vs Novak Djokovic | Extended Highlights | Wimbledon 2025,Wimbledon,2025-07-11T18:39:49Z,https://www.youtube.com/watch?v=eoiKSfYg71o,4,"Making it to the semi-finals, beating players nearly half his age to get there is an amazing feat, but father time has caught up to him",417,2025-07-11T19:01:09Z,"{'neg': 0.07, 'neu': 0.845, 'pos': 0.085, 'compound': 0.1027}",0.07,0.845,0.085,0.1027,Positive
Wimbledon,2025-07-11,Grand Slam,Outdoor,Grass,Semifinals,5,Sinner J.,Djokovic N.,Sinner J.,1,6,10430,4630,1.4,2.8,6-3 6-3 6-4,3.5,False,Djokovic,Sinner J.,24,Sinner vs Djokovic Wimbledon 2025 highlights,eoiKSfYg71o,Sublime from Sinner | Jannik Sinner vs Novak Djokovic | Extended Highlights | Wimbledon 2025,Wimbledon,2025-07-11T18:39:49Z,https://www.youtube.com/watch?v=eoiKSfYg71o,5,I dont think ive ever seen Djokovic not have an answer and he knew it.,108,2025-07-11T21:07:23Z,"{'neg': 0.0, 'neu': 1.0, 'pos': 0.0, 'compound': 0.0}",0.0,1.0,0.0,0.0,Neutral
Wimbledon,2025-07-11,Grand Slam,Outdoor,Grass,Semifinals,5,Sinner J.,Djokovic N.,Sinner J.,1,6,10430,4630,1.4,2.8,6-3 6-3 6-4,3.5,False,Djokovic,Sinner J.,24,Sinner vs Djokovic Wimbledon 2025 highlights,eoiKSfYg71o,Sublime from Sinner | Jannik Sinner vs Novak Djokovic | Extended Highlights | Wimbledon 2025,Wimbledon,2025-07-11T18:39:49Z,https://www.youtube.com/watch?v=eoiKSfYg71o,6,"I love both Alcaraz and Sinner, but I'm rooting for Sinner to avenge his French Open loss and keep their rivalry scintillating!",219,2025-07-11T19:59:17Z,"{'neg': 0.125, 'neu': 0.774, 'pos': 0.101, 'compound': -0.1635}",0.125,0.774,0.101,-0.1635,Negative
Wimbledon,2025-07-11,Grand Slam,Outdoor,Grass,Semifinals,5,Sinner J.,Djokovic N.,Sinner J.,1,6,10430,4630,1.4,2.8,6-3 6-3 6-4,3.5,False,Djokovic,Sinner J.,24,Sinner vs Djokovic Wimbledon 2025 highlights,eoiKSfYg71o,Sublime from Sinner | Jannik Sinner vs Novak Djokovic | Extended Highlights | Wimbledon 2025,Wimbledon,2025-07-11T18:39:49Z,https://www.youtube.com/watch?v=eoiKSfYg71o,7,Sinner’s knee mobility and strength are such assets. Tall boy and he get downnn low,259,2025-07-11T19:43:39Z,"{'neg': 0.111, 'neu': 0.632, 'pos': 0.258, 'compound': 0.4215}",0.111,0.632,0.258,0.4215,Positive
Wimbledon,2025-07-11,Grand Slam,Outdoor,Grass,Semifinals,5,Sinner J.,Djokovic N.,Sinner J.,1,6,10430,4630,1.4,2.8,6-3 6-3 6-4,3.5,False,Djokovic,Sinner J.,24,Sinner vs Djokovic Wimbledon 2025 highlights,eoiKSfYg71o,Sublime from Sinner | Jannik Sinner vs Novak Djokovic | Extended Highlights | Wimbledon 2025,Wimbledon,2025-07-11T18:39:49Z,https://www.youtube.com/watch?v=eoiKSfYg71o,8,Sinner makes any fast player seem slow. Incredible,53,2025-07-15T02:28:16Z,"{'neg': 0.0, 'neu': 1.0, 'pos': 0.0, 'compound': 0.0}",0.0,1.0,0.0,0.0,Neutral
Wimbledon,2025-07-11,Grand Slam,Outdoor,Grass,Semifinals,5,Sinner J.,Djokovic N.,Sinner J.,1,6,10430,4630,1.4,2.8,6-3 6-3 6-4,3.5,False,Djokovic,Sinner J.,24,Sinner vs Djokovic Wimbledon 2025 highlights,eoiKSfYg71o,Sublime from Sinner | Jannik Sinner vs Novak Djokovic | Extended Highlights | Wimbledon 2025,Wimbledon,2025-07-11T18:39:49Z,https://www.youtube.com/watch?v=eoiKSfYg71o,9,new legend : Sinner.,23,2025-07-21T22:07:40Z,"{'neg': 0.0, 'neu': 1.0, 'pos': 0.0, 'compound': 0.0}",0.0,1.0,0.0,0.0,Neutral
Wimbledon,2025-07-11,Grand Slam,Outdoor,Grass,Semifinals,5,Sinner J.,Djokovic N.,Sinner J.,1,6,10430,4630,1.4,2.8,6-3 6-3 6-4,3.5,False,Djokovic,Sinner J.,24,Sinner vs Djokovic Wimbledon 2025 highlights,eoiKSfYg71o,Sublime from Sinner | Jannik Sinner vs Novak Djokovic | Extended Highlights | Wimbledon 2025,Wimbledon,2025-07-11T18:39:49Z,https://www.youtube.com/watch?v=eoiKSfYg71o,10,"It's a highly symbolic match. The era of the ""Big Three,"" which lasted for nearly 20 years, has finally come to an end, and a new era has begun. Just by reaching the Wimbledon semifinals, Djokovic demonstrated his class.",83,2025-07-13T20:03:06Z,"{'neg': 0.0, 'neu': 0.955, 'pos': 0.045, 'compound': 0.2023}",0.0,0.955,0.045,0.2023,Positive
Wimbledon,2025-07-11,Grand Slam,Outdoor,Grass,Semifinals,5,Sinner J.,Djokovic N.,Sinner J.,1,6,10430,4630,1.4,2.8,6-3 6-3 6-4,3.5,False,Djokovic,Sinner J.,24,Sinner vs Djokovic Wimbledon 2025 highlights,eoiKSfYg71o,Sublime from Sinner | Jannik Sinner vs Novak Djokovic | Extended Highlights | Wimbledon 2025,Wimbledon,2025-07-11T18:39:49Z,https://www.youtube.com/watch?v=eoiKSfYg71o,11,Passing of the torch from one established legend to another in the making. 🇮🇹 🎾 #1,58,2025-07-11T23:26:24Z,"{'neg': 0.0, 'neu': 1.0, 'pos': 0.0, 'compound': 0.0}",0.0,1.0,0.0,0.0,Neutral
Wimbledon,2025-07-11,Grand Slam,Outdoor,Grass,Semifinals,5,Sinner J.,Djokovic N.,Sinner J.,1,6,10430,4630,1.4,2.8,6-3 6-3 6-4,3.5,False,Djokovic,Sinner J.,24,Sinner vs Djokovic Wimbledon 2025 highlights,eoiKSfYg71o,Sublime from Sinner | Jannik Sinner vs Novak Djokovic | Extended Highlights | Wimbledon 2025,Wimbledon,2025-07-11T18:39:49Z,https://www.youtube.com/watch?v=eoiKSfYg71o,12,"Sinner is like ""be like Djokovic"" but a faster version.",12,2025-07-11T20:07:36Z,"{'neg': 0.0, 'neu': 0.696, 'pos': 0.304, 'compound': 0.3612}",0.0,0.696,0.304,0.3612,Positive
Wimbledon,2025-07-11,Grand Slam,Outdoor,Grass,Semifinals,5,Sinner J.,Djokovic N.,Sinner J.,1,6,10430,4630,1.4,2.8,6-3 6-3 6-4,3.5,False,Djokovic,Sinner J.,24,Sinner vs Djokovic Wimbledon 2025 highlights,eoiKSfYg71o,Sublime from Sinner | Jannik Sinner vs Novak Djokovic | Extended Highlights | Wimbledon 2025,Wimbledon,2025-07-11T18:39:49Z,https://www.youtube.com/watch?v=eoiKSfYg71o,13,"I just realized with this win, Jannik has now beaten Novak at the AO, French, and Wimbledon. If he beats him at the USO he will be the only man other than Roger Federer to have beaten Novak at all 4 slams 😯",91,2025-07-18T06:34:05Z,"{'neg': 0.11, 'neu': 0.802, 'pos': 0.088, 'compound': -0.0258}",0.11,0.802,0.088,-0.0258,Neutral
Wimbledon,2025-07-11,Grand Slam,Outdoor,Grass,Semifinals,5,Sinner J.,Djokovic N.,Sinner J.,1,6,10430,4630,1.4,2.8,6-3 6-3 6-4,3.5,False,Djokovic,Sinner J.,24,Sinner vs Djokovic Wimbledon 2025 highlights,eoiKSfYg71o,Sublime from Sinner | Jannik Sinner vs Novak Djokovic | Extended Highlights | Wimbledon 2025,Wimbledon,2025-07-11T18:39:49Z,https://www.youtube.com/watch?v=eoiKSfYg71o,14,5:25 sound of that slide is so cool!,23,2025-07-12T00:43:54Z,"{'neg': 0.0, 'neu': 0.681, 'pos': 0.319, 'compound': 0.5079}",0.0,0.681,0.319,0.5079,Positive
Wimbledon,2025-07-11,Grand Slam,Outdoor,Grass,Semifinals,5,Sinner J.,Djokovic N.,Sinner J.,1,6,10430,4630,1.4,2.8,6-3 6-3 6-4,3.5,False,Djokovic,Sinner J.,24,Sinner vs Djokovic Wimbledon 2025 highlights,eoiKSfYg71o,Sublime from Sinner | Jannik Sinner vs Novak Djokovic | Extended Highlights | Wimbledon 2025,Wimbledon,2025-07-11T18:39:49Z,https://www.youtube.com/watch?v=eoiKSfYg71o,15,Roger’s Wimbledon record is quite safe. For a while yet.,13,2025-07-12T19:22:46Z,"{'neg': 0.0, 'neu': 0.738, 'pos': 0.262, 'compound': 0.4927}",0.0,0.738,0.262,0.4927,Positive
Wimbledon,2025-07-11,Grand Slam,Outdoor,Grass,Semifinals,5,Sinner J.,Djokovic N.,Sinner J.,1,6,10430,4630,1.4,2.8,6-3 6-3 6-4,3.5,False,Djokovic,Sinner J.,24,Sinner vs Djokovic Wimbledon 2025 highlights,eoiKSfYg71o,Sublime from Sinner | Jannik Sinner vs Novak Djokovic | Extended Highlights | Wimbledon 2025,Wimbledon,2025-07-11T18:39:49Z,https://www.youtube.com/watch?v=eoiKSfYg71o,16,masterclass from sinner…,110,2025-07-11T18:44:24Z,"{'neg': 0.0, 'neu': 1.0, 'pos': 0.0, 'compound': 0.0}",0.0,1.0,0.0,0.0,Neutral
Wimbledon,2025-07-11,Grand Slam,Outdoor,Grass,Semifinals,5,Sinner J.,Djokovic N.,Sinner J.,1,6,10430,4630,1.4,2.8,6-3 6-3 6-4,3.5,False,Djokovic,Sinner J.,24,Sinner vs Djokovic Wimbledon 2025 highlights,eoiKSfYg71o,Sublime from Sinner | Jannik Sinner vs Novak Djokovic | Extended Highlights | Wimbledon 2025,Wimbledon,2025-07-11T18:39:49Z,https://www.youtube.com/watch?v=eoiKSfYg71o,17,"Believe it Sinner , be humble , the time is yours now , great Achievement with success your Goal , Congratulations sir",58,2025-07-11T19:27:46Z,"{'neg': 0.0, 'neu': 0.619, 'pos': 0.381, 'compound': 0.9136}",0.0,0.619,0.381,0.9136,Positive
Wimbledon,2025-07-11,Grand Slam,Outdoor,Grass,Semifinals,5,Sinner J.,Djokovic N.,Sinner J.,1,6,10430,4630,1.4,2.8,6-3 6-3 6-4,3.5,False,Djokovic,Sinner J.,24,Sinner vs Djokovic Wimbledon 2025 highlights,eoiKSfYg71o,Sublime from Sinner | Jannik Sinner vs Novak Djokovic | Extended Highlights | Wimbledon 2025,Wimbledon,2025-07-11T18:39:49Z,https://www.youtube.com/watch?v=eoiKSfYg71o,18,This means changing the guard!,50,2025-07-11T19:24:15Z,"{'neg': 0.0, 'neu': 1.0, 'pos': 0.0, 'compound': 0.0}",0.0,1.0,0.0,0.0,Neutral
Wimbledon,2025-07-11,Grand Slam,Outdoor,Grass,Semifinals,5,Sinner J.,Djokovic N.,Sinner J.,1,6,10430,4630,1.4,2.8,6-3 6-3 6-4,3.5,False,Djokovic,Sinner J.,24,Sinner vs Djokovic Wimbledon 2025 highlights,eoiKSfYg71o,Sublime from Sinner | Jannik Sinner vs Novak Djokovic | Extended Highlights | Wimbledon 2025,Wimbledon,2025-07-11T18:39:49Z,https://www.youtube.com/watch?v=eoiKSfYg71o,19,Everyone will get old,120,2025-07-11T19:04:46Z,"{'neg': 0.0, 'neu': 1.0, 'pos': 0.0, 'compound': 0.0}",0.0,1.0,0.0,0.0,Neutral
Wimbledon,2025-07-11,Grand Slam,Outdoor,Grass,Semifinals,5,Sinner J.,Djokovic N.,Sinner J.,1,6,10430,4630,1.4,2.8,6-3 6-3 6-4,3.5,False,Djokovic,Sinner J.,24,Sinner vs Djokovic Wimbledon 2025 highlights,eoiKSfYg71o,Sublime from Sinner | Jannik Sinner vs Novak Djokovic | Extended Highlights | Wimbledon 2025,Wimbledon,2025-07-11T18:39:49Z,https://www.youtube.com/watch?v=eoiKSfYg71o,20,"Well played, well deserved sinner 🎉🎉🎉.
There was an intangible brilliance in Sinner’s game this time — something that felt magical. Congratulations 🎊",9,2025-07-14T17:36:53Z,"{'neg': 0.0, 'neu': 0.483, 'pos': 0.517, 'compound': 0.9661}",0.0,0.483,0.517,0.9661,Positive
Wimbledon,2025-07-11,Grand Slam,Outdoor,Grass,Semifinals,5,Sinner J.,Djokovic N.,Sinner J.,1,6,10430,4630,1.4,2.8,6-3 6-3 6-4,3.5,False,Djokovic,Sinner J.,24,Sinner vs Djokovic Wimbledon 2025 highlights,eoiKSfYg71o,Sublime from Sinner | Jannik Sinner vs Novak Djokovic | Extended Highlights | Wimbledon 2025,Wimbledon,2025-07-11T18:39:49Z,https://www.youtube.com/watch?v=eoiKSfYg71o,21,I fear Novak mightve realized this match he cant complete against 1 & 2. this one put a pin in it.,97,2025-07-11T18:42:45Z,"{'neg': 0.138, 'neu': 0.862, 'pos': 0.0, 'compound': -0.4939}",0.138,0.862,0.0,-0.4939,Negative
Wimbledon,2025-07-11,Grand Slam,Outdoor,Grass,Semifinals,5,Sinner J.,Djokovic N.,Sinner J.,1,6,10430,4630,1.4,2.8,6-3 6-3 6-4,3.5,False,Djokovic,Sinner J.,24,Sinner vs Djokovic Wimbledon 2025 highlights,eoiKSfYg71o,Sublime from Sinner | Jannik Sinner vs Novak Djokovic | Extended Highlights | Wimbledon 2025,Wimbledon,2025-07-11T18:39:49Z,https://www.youtube.com/watch?v=eoiKSfYg71o,22,Sinner simply smashed Djokovic…amazing. Never seen Nole that dominated. Never,32,2025-07-15T07:53:42Z,"{'neg': 0.0, 'neu': 1.0, 'pos': 0.0, 'compound': 0.0}",0.0,1.0,0.0,0.0,Neutral
Wimbledon,2025-07-11,Grand Slam,Outdoor,Grass,Semifinals,5,Sinner J.,Djokovic N.,Sinner J.,1,6,10430,4630,1.4,2.8,6-3 6-3 6-4,3.5,False,Djokovic,Sinner J.,24,Sinner vs Djokovic Wimbledon 2025 highlights,eoiKSfYg71o,Sublime from Sinner | Jannik Sinner vs Novak Djokovic | Extended Highlights | Wimbledon 2025,Wimbledon,2025-07-11T18:39:49Z,https://www.youtube.com/watch?v=eoiKSfYg71o,23,"Sinner vastly improves with 73% first serves in, going into the final (compared to only 54% in the epic French Open final against Alcaraz).",97,2025-07-11T19:03:09Z,"{'neg': 0.0, 'neu': 0.891, 'pos': 0.109, 'compound': 0.4215}",0.0,0.891,0.109,0.4215,Positive
Wimbledon,2025-07-11,Grand Slam,Outdoor,Grass,Semifinals,5,Sinner J.,Djokovic N.,Sinner J.,1,6,10430,4630,1.4,2.8,6-3 6-3 6-4,3.5,False,Djokovic,Sinner J.,24,Sinner vs Djokovic Wimbledon 2025 highlights,eoiKSfYg71o,Sublime from Sinner | Jannik Sinner vs Novak Djokovic | Extended Highlights | Wimbledon 2025,Wimbledon,2025-07-11T18:39:49Z,https://www.youtube.com/watch?v=eoiKSfYg71o,24,Parabéns sinner que Deus te abençoe na final 🙏🏻🙏🏻,15,2025-07-11T20:11:49Z,"{'neg': 0.0, 'neu': 1.0, 'pos': 0.0, 'compound': 0.0}",0.0,1.0,0.0,0.0,Neutral
Wimbledon,2025-07-11,Grand Slam,Outdoor,Grass,Semifinals,5,Sinner J.,Djokovic N.,Sinner J.,1,6,10430,4630,1.4,2.8,6-3 6-3 6-4,3.5,False,Djokovic,Sinner J.,24,Sinner vs Djokovic Wimbledon 2025 highlights,eoiKSfYg71o,Sublime from Sinner | Jannik Sinner vs Novak Djokovic | Extended Highlights | Wimbledon 2025,Wimbledon,2025-07-11T18:39:49Z,https://www.youtube.com/watch?v=eoiKSfYg71o,25,"Sinner is a nightmare for Djokovic,. a younger, faster, harder hitting version of himself.",12,2025-07-11T22:47:54Z,"{'neg': 0.0, 'neu': 1.0, 'pos': 0.0, 'compound': 0.0}",0.0,1.0,0.0,0.0,Neutral
French Open,2025-06-06,Grand Slam,Outdoor,Clay,Semifinals,5,Djokovic N.,Sinner J.,Sinner J.,6,1,4230,10380,4.33,1.22,4-6 5-7 6-7,3.5,False,Djokovic,Sinner J.,25,Djokovic vs Sinner French Open 2025 highlights,eOuNX0_e29g,Novak Djokovic vs Jannik Sinner - FULL Semifinal Highlights | Roland Garros 2025,House of Highlights,2025-06-06T20:43:14Z,https://www.youtube.com/watch?v=eOuNX0_e29g,1,Alcaraz vs Musetti - FULL Semifinal Highlights: https://youtu.be/npCbcBURQfA,71,2025-06-06T20:53:52Z,"{'neg': 0.0, 'neu': 1.0, 'pos': 0.0, 'compound': 0.0}",0.0,1.0,0.0,0.0,Neutral
French Open,2025-06-06,Grand Slam,Outdoor,Clay,Semifinals,5,Djokovic N.,Sinner J.,Sinner J.,6,1,4230,10380,4.33,1.22,4-6 5-7 6-7,3.5,False,Djokovic,Sinner J.,25,Djokovic vs Sinner French Open 2025 highlights,eOuNX0_e29g,Novak Djokovic vs Jannik Sinner - FULL Semifinal Highlights | Roland Garros 2025,House of Highlights,2025-06-06T20:43:14Z,https://www.youtube.com/watch?v=eOuNX0_e29g,2,petition to have house of highlights cover wimbledon too,1549,2025-06-06T21:25:11Z,"{'neg': 0.0, 'neu': 1.0, 'pos': 0.0, 'compound': 0.0}",0.0,1.0,0.0,0.0,Neutral
French Open,2025-06-06,Grand Slam,Outdoor,Clay,Semifinals,5,Djokovic N.,Sinner J.,Sinner J.,6,1,4230,10380,4.33,1.22,4-6 5-7 6-7,3.5,False,Djokovic,Sinner J.,25,Djokovic vs Sinner French Open 2025 highlights,eOuNX0_e29g,Novak Djokovic vs Jannik Sinner - FULL Semifinal Highlights | Roland Garros 2025,House of Highlights,2025-06-06T20:43:14Z,https://www.youtube.com/watch?v=eOuNX0_e29g,3,On top of these highlights bro. Much appreciated,843,2025-06-06T20:44:22Z,"{'neg': 0.0, 'neu': 0.541, 'pos': 0.459, 'compound': 0.6249}",0.0,0.541,0.459,0.6249,Positive
French Open,2025-06-06,Grand Slam,Outdoor,Clay,Semifinals,5,Djokovic N.,Sinner J.,Sinner J.,6,1,4230,10380,4.33,1.22,4-6 5-7 6-7,3.5,False,Djokovic,Sinner J.,25,Djokovic vs Sinner French Open 2025 highlights,eOuNX0_e29g,Novak Djokovic vs Jannik Sinner - FULL Semifinal Highlights | Roland Garros 2025,House of Highlights,2025-06-06T20:43:14Z,https://www.youtube.com/watch?v=eOuNX0_e29g,4,This is the closest anyone has been against Sinner in this GS. Just insane consistency and pace throughout his matches.,539,2025-06-06T21:19:40Z,"{'neg': 0.124, 'neu': 0.876, 'pos': 0.0, 'compound': -0.4019}",0.124,0.876,0.0,-0.4019,Negative
French Open,2025-06-06,Grand Slam,Outdoor,Clay,Semifinals,5,Djokovic N.,Sinner J.,Sinner J.,6,1,4230,10380,4.33,1.22,4-6 5-7 6-7,3.5,False,Djokovic,Sinner J.,25,Djokovic vs Sinner French Open 2025 highlights,eOuNX0_e29g,Novak Djokovic vs Jannik Sinner - FULL Semifinal Highlights | Roland Garros 2025,House of Highlights,2025-06-06T20:43:14Z,https://www.youtube.com/watch?v=eOuNX0_e29g,5,Lets all appreciate the fact that a 38 year old is still fighting like this . What a champion. It was straight sets loss but close games and sets.,591,2025-06-06T21:01:45Z,"{'neg': 0.1, 'neu': 0.678, 'pos': 0.221, 'compound': 0.4767}",0.1,0.678,0.221,0.4767,Positive
French Open,2025-06-06,Grand Slam,Outdoor,Clay,Semifinals,5,Djokovic N.,Sinner J.,Sinner J.,6,1,4230,10380,4.33,1.22,4-6 5-7 6-7,3.5,False,Djokovic,Sinner J.,25,Djokovic vs Sinner French Open 2025 highlights,eOuNX0_e29g,Novak Djokovic vs Jannik Sinner - FULL Semifinal Highlights | Roland Garros 2025,House of Highlights,2025-06-06T20:43:14Z,https://www.youtube.com/watch?v=eOuNX0_e29g,6,People don't understand what kind of level Djokovic played at 38 years old! 38 YEARS!!!!,1224,2025-06-06T21:00:05Z,"{'neg': 0.0, 'neu': 0.797, 'pos': 0.203, 'compound': 0.5526}",0.0,0.797,0.203,0.5526,Positive
French Open,2025-06-06,Grand Slam,Outdoor,Clay,Semifinals,5,Djokovic N.,Sinner J.,Sinner J.,6,1,4230,10380,4.33,1.22,4-6 5-7 6-7,3.5,False,Djokovic,Sinner J.,25,Djokovic vs Sinner French Open 2025 highlights,eOuNX0_e29g,Novak Djokovic vs Jannik Sinner - FULL Semifinal Highlights | Roland Garros 2025,House of Highlights,2025-06-06T20:43:14Z,https://www.youtube.com/watch?v=eOuNX0_e29g,7,"thkq for the highlights, 11m, no comments, just shots, all we want!!",391,2025-06-06T21:00:38Z,"{'neg': 0.198, 'neu': 0.71, 'pos': 0.092, 'compound': -0.3578}",0.198,0.71,0.092,-0.3578,Negative
French Open,2025-06-06,Grand Slam,Outdoor,Clay,Semifinals,5,Djokovic N.,Sinner J.,Sinner J.,6,1,4230,10380,4.33,1.22,4-6 5-7 6-7,3.5,False,Djokovic,Sinner J.,25,Djokovic vs Sinner French Open 2025 highlights,eOuNX0_e29g,Novak Djokovic vs Jannik Sinner - FULL Semifinal Highlights | Roland Garros 2025,House of Highlights,2025-06-06T20:43:14Z,https://www.youtube.com/watch?v=eOuNX0_e29g,8,"Dear, @Houseofhighlights...
You have now set the bar for not only of the quality cuts your sharing,
but for the ""length"" of highlights that us diehard tennis fans
have been SCREAMING at the Grand Slam YouTube channels
FOR YEARS to provide!

I hope you guys have the rights to do this
for ALL the Grans Slams moving forward!

House Of Highlights...I Salute You!!!
👏👌💪👊",206,2025-06-06T21:27:03Z,"{'neg': 0.103, 'neu': 0.671, 'pos': 0.226, 'compound': 0.9085}",0.103,0.671,0.226,0.9085,Positive
French Open,2025-06-06,Grand Slam,Outdoor,Clay,Semifinals,5,Djokovic N.,Sinner J.,Sinner J.,6,1,4230,10380,4.33,1.22,4-6 5-7 6-7,3.5,False,Djokovic,Sinner J.,25,Djokovic vs Sinner French Open 2025 highlights,eOuNX0_e29g,Novak Djokovic vs Jannik Sinner - FULL Semifinal Highlights | Roland Garros 2025,House of Highlights,2025-06-06T20:43:14Z,https://www.youtube.com/watch?v=eOuNX0_e29g,9,"Couple of observations
1) I was surprised with the power coming off Novak's racket. We're always told SInner hits the ball harder than anyone else but I didn't see that much of a difference
2) SInner didn't fully exploit the advantage he created in the rallies, by going too often in the direction Novak was expecting. He's still a little too predictable with the placement of his shots
3) Their styles were more similar in their match-up than usual. If anything, it's Djokovic who was more aggressive, knowing he couldn't outlast his opponent
4) And age was really the key here. Sinner's muscles are reacting a tad faster and he will endure longer too.
5) Sinner knew Djokovic would try shortening the rallies and was prepared for drop shots, standing close enough to the baseline. Djokovic has adopted the drop shot late in his career and although he's very good at it, he still has difficulty creating them off the power of SInner's incoming shots.
6) Sinner must be the strongest in the world when under pressure by Djokovic. He's totally unphased by a break point, or a break. He does what Djokovic does: hold, or rebreak.",258,2025-06-06T22:05:56Z,"{'neg': 0.062, 'neu': 0.838, 'pos': 0.1, 'compound': 0.8108}",0.062,0.838,0.1,0.8108,Positive
French Open,2025-06-06,Grand Slam,Outdoor,Clay,Semifinals,5,Djokovic N.,Sinner J.,Sinner J.,6,1,4230,10380,4.33,1.22,4-6 5-7 6-7,3.5,False,Djokovic,Sinner J.,25,Djokovic vs Sinner French Open 2025 highlights,eOuNX0_e29g,Novak Djokovic vs Jannik Sinner - FULL Semifinal Highlights | Roland Garros 2025,House of Highlights,2025-06-06T20:43:14Z,https://www.youtube.com/watch?v=eOuNX0_e29g,10,"Sinner just too good. Its not like Djokovic played bad, he was absolutely brilliant",30,2025-06-06T21:46:57Z,"{'neg': 0.323, 'neu': 0.381, 'pos': 0.296, 'compound': 0.0892}",0.323,0.381,0.296,0.0892,Positive
French Open,2025-06-06,Grand Slam,Outdoor,Clay,Semifinals,5,Djokovic N.,Sinner J.,Sinner J.,6,1,4230,10380,4.33,1.22,4-6 5-7 6-7,3.5,False,Djokovic,Sinner J.,25,Djokovic vs Sinner French Open 2025 highlights,eOuNX0_e29g,Novak Djokovic vs Jannik Sinner - FULL Semifinal Highlights | Roland Garros 2025,House of Highlights,2025-06-06T20:43:14Z,https://www.youtube.com/watch?v=eOuNX0_e29g,11,"Everytime these two face it's like Djokoivc is just playing his younger self. (I posted this not expecting WW3 in the replies, thanks for the likes tho)",780,2025-06-06T20:46:18Z,"{'neg': 0.0, 'neu': 0.697, 'pos': 0.303, 'compound': 0.8402}",0.0,0.697,0.303,0.8402,Positive
French Open,2025-06-06,Grand Slam,Outdoor,Clay,Semifinals,5,Djokovic N.,Sinner J.,Sinner J.,6,1,4230,10380,4.33,1.22,4-6 5-7 6-7,3.5,False,Djokovic,Sinner J.,25,Djokovic vs Sinner French Open 2025 highlights,eOuNX0_e29g,Novak Djokovic vs Jannik Sinner - FULL Semifinal Highlights | Roland Garros 2025,House of Highlights,2025-06-06T20:43:14Z,https://www.youtube.com/watch?v=eOuNX0_e29g,12,2011 Djokovic vs 2025 Djokovic 😂,28,2025-06-06T21:35:50Z,"{'neg': 0.139, 'neu': 0.584, 'pos': 0.277, 'compound': 0.4404}",0.139,0.584,0.277,0.4404,Positive
French Open,2025-06-06,Grand Slam,Outdoor,Clay,Semifinals,5,Djokovic N.,Sinner J.,Sinner J.,6,1,4230,10380,4.33,1.22,4-6 5-7 6-7,3.5,False,Djokovic,Sinner J.,25,Djokovic vs Sinner French Open 2025 highlights,eOuNX0_e29g,Novak Djokovic vs Jannik Sinner - FULL Semifinal Highlights | Roland Garros 2025,House of Highlights,2025-06-06T20:43:14Z,https://www.youtube.com/watch?v=eOuNX0_e29g,13,"Gotta love Sinner's game....Its like watching Djokovic from 10 years ago. The variety, the defense, the returning capability 
This was like watching the teacher and the student at the time when the student has started to excel past the teacher",9,2025-06-07T13:11:10Z,"{'neg': 0.0, 'neu': 0.719, 'pos': 0.281, 'compound': 0.9136}",0.0,0.719,0.281,0.9136,Positive
French Open,2025-06-06,Grand Slam,Outdoor,Clay,Semifinals,5,Djokovic N.,Sinner J.,Sinner J.,6,1,4230,10380,4.33,1.22,4-6 5-7 6-7,3.5,False,Djokovic,Sinner J.,25,Djokovic vs Sinner French Open 2025 highlights,eOuNX0_e29g,Novak Djokovic vs Jannik Sinner - FULL Semifinal Highlights | Roland Garros 2025,House of Highlights,2025-06-06T20:43:14Z,https://www.youtube.com/watch?v=eOuNX0_e29g,14,"Djoker is still playing at this level is amazing to see. His level is between (Alca, Sinner) and rest of the players.",25,2025-06-06T21:54:51Z,"{'neg': 0.0, 'neu': 0.781, 'pos': 0.219, 'compound': 0.6808}",0.0,0.781,0.219,0.6808,Positive
French Open,2025-06-06,Grand Slam,Outdoor,Clay,Semifinals,5,Djokovic N.,Sinner J.,Sinner J.,6,1,4230,10380,4.33,1.22,4-6 5-7 6-7,3.5,False,Djokovic,Sinner J.,25,Djokovic vs Sinner French Open 2025 highlights,eOuNX0_e29g,Novak Djokovic vs Jannik Sinner - FULL Semifinal Highlights | Roland Garros 2025,House of Highlights,2025-06-06T20:43:14Z,https://www.youtube.com/watch?v=eOuNX0_e29g,15,The old man kept it closer than I thought he would.,125,2025-06-06T21:08:13Z,"{'neg': 0.0, 'neu': 1.0, 'pos': 0.0, 'compound': 0.0}",0.0,1.0,0.0,0.0,Neutral
French Open,2025-06-06,Grand Slam,Outdoor,Clay,Semifinals,5,Djokovic N.,Sinner J.,Sinner J.,6,1,4230,10380,4.33,1.22,4-6 5-7 6-7,3.5,False,Djokovic,Sinner J.,25,Djokovic vs Sinner French Open 2025 highlights,eOuNX0_e29g,Novak Djokovic vs Jannik Sinner - FULL Semifinal Highlights | Roland Garros 2025,House of Highlights,2025-06-06T20:43:14Z,https://www.youtube.com/watch?v=eOuNX0_e29g,16,Sinner's cross court forehands are truly incredible. His pace is off the charts.,8,2025-06-07T19:53:03Z,"{'neg': 0.0, 'neu': 0.805, 'pos': 0.195, 'compound': 0.4404}",0.0,0.805,0.195,0.4404,Positive
French Open,2025-06-06,Grand Slam,Outdoor,Clay,Semifinals,5,Djokovic N.,Sinner J.,Sinner J.,6,1,4230,10380,4.33,1.22,4-6 5-7 6-7,3.5,False,Djokovic,Sinner J.,25,Djokovic vs Sinner French Open 2025 highlights,eOuNX0_e29g,Novak Djokovic vs Jannik Sinner - FULL Semifinal Highlights | Roland Garros 2025,House of Highlights,2025-06-06T20:43:14Z,https://www.youtube.com/watch?v=eOuNX0_e29g,17,The mastery of the game is so thorough and complete from both.,19,2025-06-06T21:18:09Z,"{'neg': 0.0, 'neu': 1.0, 'pos': 0.0, 'compound': 0.0}",0.0,1.0,0.0,0.0,Neutral
French Open,2025-06-06,Grand Slam,Outdoor,Clay,Semifinals,5,Djokovic N.,Sinner J.,Sinner J.,6,1,4230,10380,4.33,1.22,4-6 5-7 6-7,3.5,False,Djokovic,Sinner J.,25,Djokovic vs Sinner French Open 2025 highlights,eOuNX0_e29g,Novak Djokovic vs Jannik Sinner - FULL Semifinal Highlights | Roland Garros 2025,House of Highlights,2025-06-06T20:43:14Z,https://www.youtube.com/watch?v=eOuNX0_e29g,18,It was so nice to see djoker leveling up his game in the 3 set at this age! Wow! Congrats to Sinner stayin so strong mentally and closing the march in 3. Great match!!!!,189,2025-06-06T20:51:05Z,"{'neg': 0.0, 'neu': 0.588, 'pos': 0.412, 'compound': 0.9695}",0.0,0.588,0.412,0.9695,Positive
French Open,2025-06-06,Grand Slam,Outdoor,Clay,Semifinals,5,Djokovic N.,Sinner J.,Sinner J.,6,1,4230,10380,4.33,1.22,4-6 5-7 6-7,3.5,False,Djokovic,Sinner J.,25,Djokovic vs Sinner French Open 2025 highlights,eOuNX0_e29g,Novak Djokovic vs Jannik Sinner - FULL Semifinal Highlights | Roland Garros 2025,House of Highlights,2025-06-06T20:43:14Z,https://www.youtube.com/watch?v=eOuNX0_e29g,19,Not dropping a single set all the way into Finals is crazy. Let's go!!,58,2025-06-06T21:57:15Z,"{'neg': 0.187, 'neu': 0.813, 'pos': 0.0, 'compound': -0.4559}",0.187,0.813,0.0,-0.4559,Negative
French Open,2025-06-06,Grand Slam,Outdoor,Clay,Semifinals,5,Djokovic N.,Sinner J.,Sinner J.,6,1,4230,10380,4.33,1.22,4-6 5-7 6-7,3.5,False,Djokovic,Sinner J.,25,Djokovic vs Sinner French Open 2025 highlights,eOuNX0_e29g,Novak Djokovic vs Jannik Sinner - FULL Semifinal Highlights | Roland Garros 2025,House of Highlights,2025-06-06T20:43:14Z,https://www.youtube.com/watch?v=eOuNX0_e29g,20,Great match by both. The better player today won in 3 close sets.,20,2025-06-06T20:56:41Z,"{'neg': 0.0, 'neu': 0.483, 'pos': 0.517, 'compound': 0.8934}",0.0,0.483,0.517,0.8934,Positive
French Open,2025-06-06,Grand Slam,Outdoor,Clay,Semifinals,5,Djokovic N.,Sinner J.,Sinner J.,6,1,4230,10380,4.33,1.22,4-6 5-7 6-7,3.5,False,Djokovic,Sinner J.,25,Djokovic vs Sinner French Open 2025 highlights,eOuNX0_e29g,Novak Djokovic vs Jannik Sinner - FULL Semifinal Highlights | Roland Garros 2025,House of Highlights,2025-06-06T20:43:14Z,https://www.youtube.com/watch?v=eOuNX0_e29g,21,"38 años frente a 23, se nota. Llegar a semifinales, ya es un gran logro, derrotando antes a Zverev.",12,2025-06-06T21:55:42Z,"{'neg': 0.0, 'neu': 1.0, 'pos': 0.0, 'compound': 0.0}",0.0,1.0,0.0,0.0,Neutral
French Open,2025-06-06,Grand Slam,Outdoor,Clay,Semifinals,5,Djokovic N.,Sinner J.,Sinner J.,6,1,4230,10380,4.33,1.22,4-6 5-7 6-7,3.5,False,Djokovic,Sinner J.,25,Djokovic vs Sinner French Open 2025 highlights,eOuNX0_e29g,Novak Djokovic vs Jannik Sinner - FULL Semifinal Highlights | Roland Garros 2025,House of Highlights,2025-06-06T20:43:14Z,https://www.youtube.com/watch?v=eOuNX0_e29g,22,"Sinner hits the ball so cleanly, his ball-striking sound is different than Djokovic's.  It has a distinct 'shot' like sound, almost like a gunshot.",219,2025-06-06T21:24:02Z,"{'neg': 0.0, 'neu': 0.824, 'pos': 0.176, 'compound': 0.5729}",0.0,0.824,0.176,0.5729,Positive
French Open,2025-06-06,Grand Slam,Outdoor,Clay,Semifinals,5,Djokovic N.,Sinner J.,Sinner J.,6,1,4230,10380,4.33,1.22,4-6 5-7 6-7,3.5,False,Djokovic,Sinner J.,25,Djokovic vs Sinner French Open 2025 highlights,eOuNX0_e29g,Novak Djokovic vs Jannik Sinner - FULL Semifinal Highlights | Roland Garros 2025,House of Highlights,2025-06-06T20:43:14Z,https://www.youtube.com/watch?v=eOuNX0_e29g,23,"SUPERB WIN FOR SINNER, HE REALLY IS A SPECIAL PLAYER ❤",7,2025-06-07T07:36:30Z,"{'neg': 0.0, 'neu': 0.309, 'pos': 0.691, 'compound': 0.9634}",0.0,0.309,0.691,0.9634,Positive
French Open,2025-06-06,Grand Slam,Outdoor,Clay,Semifinals,5,Djokovic N.,Sinner J.,Sinner J.,6,1,4230,10380,4.33,1.22,4-6 5-7 6-7,3.5,False,Djokovic,Sinner J.,25,Djokovic vs Sinner French Open 2025 highlights,eOuNX0_e29g,Novak Djokovic vs Jannik Sinner - FULL Semifinal Highlights | Roland Garros 2025,House of Highlights,2025-06-06T20:43:14Z,https://www.youtube.com/watch?v=eOuNX0_e29g,24,Honor to a great warrior like Djokovic. He left his legacy in great hands.,215,2025-06-06T20:55:19Z,"{'neg': 0.0, 'neu': 0.418, 'pos': 0.582, 'compound': 0.9313}",0.0,0.418,0.582,0.9313,Positive
French Open,2025-06-06,Grand Slam,Outdoor,Clay,Semifinals,5,Djokovic N.,Sinner J.,Sinner J.,6,1,4230,10380,4.33,1.22,4-6 5-7 6-7,3.5,False,Djokovic,Sinner J.,25,Djokovic vs Sinner French Open 2025 highlights,eOuNX0_e29g,Novak Djokovic vs Jannik Sinner - FULL Semifinal Highlights | Roland Garros 2025,House of Highlights,2025-06-06T20:43:14Z,https://www.youtube.com/watch?v=eOuNX0_e29g,25,It’s been a long time since I’ve watched tennis. Sinner is the real deal.,8,2025-06-07T03:46:17Z,"{'neg': 0.0, 'neu': 1.0, 'pos': 0.0, 'compound': 0.0}",0.0,1.0,0.0,0.0,Neutral
Miami Open,2025-03-28,Masters 1000,Outdoor,Hard,Semifinals,3,Djokovic N.,Dimitrov G.,Djokovic N.,5,15,3860,2745,1.22,4.33,6-2 6-3,10.0,False,Djokovic,Dimitrov G.,26,Djokovic vs Dimitrov Miami Open 2025 highlights,0CUHWhsqJKc,Novak Djokovic vs Grigor Dimitrov Semi-Final Highlights | Miami 2025,Tennis TV,2025-03-28T21:04:28Z,https://www.youtube.com/watch?v=0CUHWhsqJKc,1,"37 years old, amazing work !!!",408,2025-03-28T22:32:10Z,"{'neg': 0.0, 'neu': 0.517, 'pos': 0.483, 'compound': 0.6884}",0.0,0.517,0.483,0.6884,Positive
Miami Open,2025-03-28,Masters 1000,Outdoor,Hard,Semifinals,3,Djokovic N.,Dimitrov G.,Djokovic N.,5,15,3860,2745,1.22,4.33,6-2 6-3,10.0,False,Djokovic,Dimitrov G.,26,Djokovic vs Dimitrov Miami Open 2025 highlights,0CUHWhsqJKc,Novak Djokovic vs Grigor Dimitrov Semi-Final Highlights | Miami 2025,Tennis TV,2025-03-28T21:04:28Z,https://www.youtube.com/watch?v=0CUHWhsqJKc,2,Dimitrov's opening game was incredible.,336,2025-03-28T21:08:32Z,"{'neg': 0.0, 'neu': 1.0, 'pos': 0.0, 'compound': 0.0}",0.0,1.0,0.0,0.0,Neutral
Miami Open,2025-03-28,Masters 1000,Outdoor,Hard,Semifinals,3,Djokovic N.,Dimitrov G.,Djokovic N.,5,15,3860,2745,1.22,4.33,6-2 6-3,10.0,False,Djokovic,Dimitrov G.,26,Djokovic vs Dimitrov Miami Open 2025 highlights,0CUHWhsqJKc,Novak Djokovic vs Grigor Dimitrov Semi-Final Highlights | Miami 2025,Tennis TV,2025-03-28T21:04:28Z,https://www.youtube.com/watch?v=0CUHWhsqJKc,3,Oldest man to reach a Masters final. Soon to be oldest Masters champion. The one and only.,395,2025-03-28T22:32:56Z,"{'neg': 0.0, 'neu': 0.75, 'pos': 0.25, 'compound': 0.6124}",0.0,0.75,0.25,0.6124,Positive
Miami Open,2025-03-28,Masters 1000,Outdoor,Hard,Semifinals,3,Djokovic N.,Dimitrov G.,Djokovic N.,5,15,3860,2745,1.22,4.33,6-2 6-3,10.0,False,Djokovic,Dimitrov G.,26,Djokovic vs Dimitrov Miami Open 2025 highlights,0CUHWhsqJKc,Novak Djokovic vs Grigor Dimitrov Semi-Final Highlights | Miami 2025,Tennis TV,2025-03-28T21:04:28Z,https://www.youtube.com/watch?v=0CUHWhsqJKc,4,"Only Amazing is the word for Novak. He's in perfect health, moves like a cheetah even at this age and beats 4 years younger Dimitrov(who is in a good form himself).",64,2025-03-28T23:17:17Z,"{'neg': 0.0, 'neu': 0.677, 'pos': 0.323, 'compound': 0.9169}",0.0,0.677,0.323,0.9169,Positive
Miami Open,2025-03-28,Masters 1000,Outdoor,Hard,Semifinals,3,Djokovic N.,Dimitrov G.,Djokovic N.,5,15,3860,2745,1.22,4.33,6-2 6-3,10.0,False,Djokovic,Dimitrov G.,26,Djokovic vs Dimitrov Miami Open 2025 highlights,0CUHWhsqJKc,Novak Djokovic vs Grigor Dimitrov Semi-Final Highlights | Miami 2025,Tennis TV,2025-03-28T21:04:28Z,https://www.youtube.com/watch?v=0CUHWhsqJKc,5,"Dimitrov in the first game: 💪

Djokovic for the next 18 games: 💅",104,2025-03-28T21:32:49Z,"{'neg': 0.0, 'neu': 1.0, 'pos': 0.0, 'compound': 0.0}",0.0,1.0,0.0,0.0,Neutral
Miami Open,2025-03-28,Masters 1000,Outdoor,Hard,Semifinals,3,Djokovic N.,Dimitrov G.,Djokovic N.,5,15,3860,2745,1.22,4.33,6-2 6-3,10.0,False,Djokovic,Dimitrov G.,26,Djokovic vs Dimitrov Miami Open 2025 highlights,0CUHWhsqJKc,Novak Djokovic vs Grigor Dimitrov Semi-Final Highlights | Miami 2025,Tennis TV,2025-03-28T21:04:28Z,https://www.youtube.com/watch?v=0CUHWhsqJKc,6,"There are good players, very good players, fantastic players and there is Djokovic....
Hat off master !",129,2025-03-28T23:41:48Z,"{'neg': 0.0, 'neu': 0.577, 'pos': 0.423, 'compound': 0.882}",0.0,0.577,0.423,0.882,Positive
Miami Open,2025-03-28,Masters 1000,Outdoor,Hard,Semifinals,3,Djokovic N.,Dimitrov G.,Djokovic N.,5,15,3860,2745,1.22,4.33,6-2 6-3,10.0,False,Djokovic,Dimitrov G.,26,Djokovic vs Dimitrov Miami Open 2025 highlights,0CUHWhsqJKc,Novak Djokovic vs Grigor Dimitrov Semi-Final Highlights | Miami 2025,Tennis TV,2025-03-28T21:04:28Z,https://www.youtube.com/watch?v=0CUHWhsqJKc,7,"Me at the first game; ""Wow! Dimitrov is very strong!""
After that; ""Djokovic is too strong...""",158,2025-03-28T22:08:44Z,"{'neg': 0.0, 'neu': 0.535, 'pos': 0.465, 'compound': 0.9057}",0.0,0.535,0.465,0.9057,Positive
Miami Open,2025-03-28,Masters 1000,Outdoor,Hard,Semifinals,3,Djokovic N.,Dimitrov G.,Djokovic N.,5,15,3860,2745,1.22,4.33,6-2 6-3,10.0,False,Djokovic,Dimitrov G.,26,Djokovic vs Dimitrov Miami Open 2025 highlights,0CUHWhsqJKc,Novak Djokovic vs Grigor Dimitrov Semi-Final Highlights | Miami 2025,Tennis TV,2025-03-28T21:04:28Z,https://www.youtube.com/watch?v=0CUHWhsqJKc,8,"""Fascinating exchanges"" from both Dudes as mostly they play with brain as in a chess party !!! 
Really enjoyed 🎾❣🎾",60,2025-03-28T22:27:19Z,"{'neg': 0.0, 'neu': 0.524, 'pos': 0.476, 'compound': 0.9536}",0.0,0.524,0.476,0.9536,Positive
Miami Open,2025-03-28,Masters 1000,Outdoor,Hard,Semifinals,3,Djokovic N.,Dimitrov G.,Djokovic N.,5,15,3860,2745,1.22,4.33,6-2 6-3,10.0,False,Djokovic,Dimitrov G.,26,Djokovic vs Dimitrov Miami Open 2025 highlights,0CUHWhsqJKc,Novak Djokovic vs Grigor Dimitrov Semi-Final Highlights | Miami 2025,Tennis TV,2025-03-28T21:04:28Z,https://www.youtube.com/watch?v=0CUHWhsqJKc,9,"I love that violin celebration so much 😂
IDEMOOOO",77,2025-03-28T23:22:13Z,"{'neg': 0.095, 'neu': 0.503, 'pos': 0.402, 'compound': 0.7964}",0.095,0.503,0.402,0.7964,Positive
Miami Open,2025-03-28,Masters 1000,Outdoor,Hard,Semifinals,3,Djokovic N.,Dimitrov G.,Djokovic N.,5,15,3860,2745,1.22,4.33,6-2 6-3,10.0,False,Djokovic,Dimitrov G.,26,Djokovic vs Dimitrov Miami Open 2025 highlights,0CUHWhsqJKc,Novak Djokovic vs Grigor Dimitrov Semi-Final Highlights | Miami 2025,Tennis TV,2025-03-28T21:04:28Z,https://www.youtube.com/watch?v=0CUHWhsqJKc,10,"What a player Novak is. Some people don't even understand that. The fact that he still moves so well, serves much better than he used to, and remains calm throughout the match no matter what. The absolute GOAT of tennis.",11,2025-03-29T10:40:55Z,"{'neg': 0.024, 'neu': 0.8, 'pos': 0.176, 'compound': 0.7825}",0.024,0.8,0.176,0.7825,Positive
Miami Open,2025-03-28,Masters 1000,Outdoor,Hard,Semifinals,3,Djokovic N.,Dimitrov G.,Djokovic N.,5,15,3860,2745,1.22,4.33,6-2 6-3,10.0,False,Djokovic,Dimitrov G.,26,Djokovic vs Dimitrov Miami Open 2025 highlights,0CUHWhsqJKc,Novak Djokovic vs Grigor Dimitrov Semi-Final Highlights | Miami 2025,Tennis TV,2025-03-28T21:04:28Z,https://www.youtube.com/watch?v=0CUHWhsqJKc,11,2:24 Murray's been hitting the gym by the looks of things,231,2025-03-28T21:08:40Z,"{'neg': 0.0, 'neu': 1.0, 'pos': 0.0, 'compound': 0.0}",0.0,1.0,0.0,0.0,Neutral
Miami Open,2025-03-28,Masters 1000,Outdoor,Hard,Semifinals,3,Djokovic N.,Dimitrov G.,Djokovic N.,5,15,3860,2745,1.22,4.33,6-2 6-3,10.0,False,Djokovic,Dimitrov G.,26,Djokovic vs Dimitrov Miami Open 2025 highlights,0CUHWhsqJKc,Novak Djokovic vs Grigor Dimitrov Semi-Final Highlights | Miami 2025,Tennis TV,2025-03-28T21:04:28Z,https://www.youtube.com/watch?v=0CUHWhsqJKc,12,Such a delight seeing that single-handed backhand.,81,2025-03-28T22:57:21Z,"{'neg': 0.0, 'neu': 0.606, 'pos': 0.394, 'compound': 0.5994}",0.0,0.606,0.394,0.5994,Positive
Miami Open,2025-03-28,Masters 1000,Outdoor,Hard,Semifinals,3,Djokovic N.,Dimitrov G.,Djokovic N.,5,15,3860,2745,1.22,4.33,6-2 6-3,10.0,False,Djokovic,Dimitrov G.,26,Djokovic vs Dimitrov Miami Open 2025 highlights,0CUHWhsqJKc,Novak Djokovic vs Grigor Dimitrov Semi-Final Highlights | Miami 2025,Tennis TV,2025-03-28T21:04:28Z,https://www.youtube.com/watch?v=0CUHWhsqJKc,13,"Djoko é um dos maiores atletas de todos os tempos. Ele une a técnica, o físico e o mental, o que faz dele no tênis um multicampeão. Eu ouso dizer que Djoko é o maior atleta de todos os tempos. O cara conquistou tudo dentro do tênis. O que faltava para ele se consagrar o maior de todos, ele conseguiu que foi o ouro olímpico. É um tipo de jogador que só veremos uma vez e que pena eu não ter acompanhado toda a carreira desse cara. Até mesmo o oscar do esporte que é o prêmio Laureus, o cara tem 5!! É UM MONSTRO!!",43,2025-03-28T23:11:24Z,"{'neg': 0.031, 'neu': 0.969, 'pos': 0.0, 'compound': -0.5216}",0.031,0.969,0.0,-0.5216,Negative
Miami Open,2025-03-28,Masters 1000,Outdoor,Hard,Semifinals,3,Djokovic N.,Dimitrov G.,Djokovic N.,5,15,3860,2745,1.22,4.33,6-2 6-3,10.0,False,Djokovic,Dimitrov G.,26,Djokovic vs Dimitrov Miami Open 2025 highlights,0CUHWhsqJKc,Novak Djokovic vs Grigor Dimitrov Semi-Final Highlights | Miami 2025,Tennis TV,2025-03-28T21:04:28Z,https://www.youtube.com/watch?v=0CUHWhsqJKc,14,"Brutally efficient security-tennis by Djokovic!! No screaming, no breathtaking shots, no bullshit, just pure class tennis by the greatest player ever, still at age 37 another ATP 1000 final. A pity for Grigor that he could't give Novak a bigger fight today, but it is what it is. Always when people start to doupt him, he comes back even stronger, that's why Djokovic is the real GOAT! Good luck to him in the final against Mensik!👏👏🐐🇷🇸",11,2025-03-29T11:52:15Z,"{'neg': 0.079, 'neu': 0.711, 'pos': 0.21, 'compound': 0.9144}",0.079,0.711,0.21,0.9144,Positive
Miami Open,2025-03-28,Masters 1000,Outdoor,Hard,Semifinals,3,Djokovic N.,Dimitrov G.,Djokovic N.,5,15,3860,2745,1.22,4.33,6-2 6-3,10.0,False,Djokovic,Dimitrov G.,26,Djokovic vs Dimitrov Miami Open 2025 highlights,0CUHWhsqJKc,Novak Djokovic vs Grigor Dimitrov Semi-Final Highlights | Miami 2025,Tennis TV,2025-03-28T21:04:28Z,https://www.youtube.com/watch?v=0CUHWhsqJKc,15,So good to see you back into a final the ride continues👏,48,2025-03-28T22:07:33Z,"{'neg': 0.0, 'neu': 0.803, 'pos': 0.197, 'compound': 0.4927}",0.0,0.803,0.197,0.4927,Positive
Miami Open,2025-03-28,Masters 1000,Outdoor,Hard,Semifinals,3,Djokovic N.,Dimitrov G.,Djokovic N.,5,15,3860,2745,1.22,4.33,6-2 6-3,10.0,False,Djokovic,Dimitrov G.,26,Djokovic vs Dimitrov Miami Open 2025 highlights,0CUHWhsqJKc,Novak Djokovic vs Grigor Dimitrov Semi-Final Highlights | Miami 2025,Tennis TV,2025-03-28T21:04:28Z,https://www.youtube.com/watch?v=0CUHWhsqJKc,16,"Korak do 💯 trofeja, idemoooo❤❤",8,2025-03-28T23:24:12Z,"{'neg': 0.0, 'neu': 0.488, 'pos': 0.512, 'compound': 0.8555}",0.0,0.488,0.512,0.8555,Positive
Miami Open,2025-03-28,Masters 1000,Outdoor,Hard,Semifinals,3,Djokovic N.,Dimitrov G.,Djokovic N.,5,15,3860,2745,1.22,4.33,6-2 6-3,10.0,False,Djokovic,Dimitrov G.,26,Djokovic vs Dimitrov Miami Open 2025 highlights,0CUHWhsqJKc,Novak Djokovic vs Grigor Dimitrov Semi-Final Highlights | Miami 2025,Tennis TV,2025-03-28T21:04:28Z,https://www.youtube.com/watch?v=0CUHWhsqJKc,17,Djokovic looks very motivated 👌,41,2025-03-29T00:18:11Z,"{'neg': 0.0, 'neu': 0.231, 'pos': 0.769, 'compound': 0.8741}",0.0,0.231,0.769,0.8741,Positive
Miami Open,2025-03-28,Masters 1000,Outdoor,Hard,Semifinals,3,Djokovic N.,Dimitrov G.,Djokovic N.,5,15,3860,2745,1.22,4.33,6-2 6-3,10.0,False,Djokovic,Dimitrov G.,26,Djokovic vs Dimitrov Miami Open 2025 highlights,0CUHWhsqJKc,Novak Djokovic vs Grigor Dimitrov Semi-Final Highlights | Miami 2025,Tennis TV,2025-03-28T21:04:28Z,https://www.youtube.com/watch?v=0CUHWhsqJKc,18,Vintage Nole - taking us back to the 2011 / 2015 playing style (tough to do at his age) - break down his opponents with mastery of counter punching and extreme patience. If he does come thru on Sunday's final - it's like his way of announcing to the world - I am back and ya'll better be ready!,23,2025-03-28T22:54:43Z,"{'neg': 0.023, 'neu': 0.825, 'pos': 0.153, 'compound': 0.8172}",0.023,0.825,0.153,0.8172,Positive
Miami Open,2025-03-28,Masters 1000,Outdoor,Hard,Semifinals,3,Djokovic N.,Dimitrov G.,Djokovic N.,5,15,3860,2745,1.22,4.33,6-2 6-3,10.0,False,Djokovic,Dimitrov G.,26,Djokovic vs Dimitrov Miami Open 2025 highlights,0CUHWhsqJKc,Novak Djokovic vs Grigor Dimitrov Semi-Final Highlights | Miami 2025,Tennis TV,2025-03-28T21:04:28Z,https://www.youtube.com/watch?v=0CUHWhsqJKc,19,Bravo Djoko!!! Its time to win your 100th,26,2025-03-28T21:16:53Z,"{'neg': 0.0, 'neu': 0.6, 'pos': 0.4, 'compound': 0.6884}",0.0,0.6,0.4,0.6884,Positive
Miami Open,2025-03-28,Masters 1000,Outdoor,Hard,Semifinals,3,Djokovic N.,Dimitrov G.,Djokovic N.,5,15,3860,2745,1.22,4.33,6-2 6-3,10.0,False,Djokovic,Dimitrov G.,26,Djokovic vs Dimitrov Miami Open 2025 highlights,0CUHWhsqJKc,Novak Djokovic vs Grigor Dimitrov Semi-Final Highlights | Miami 2025,Tennis TV,2025-03-28T21:04:28Z,https://www.youtube.com/watch?v=0CUHWhsqJKc,20,"Novak is simply the GOAT! Fantastic tournament for Grigor, he deserves only greetings for his performance!",36,2025-03-28T22:01:22Z,"{'neg': 0.0, 'neu': 0.667, 'pos': 0.333, 'compound': 0.7896}",0.0,0.667,0.333,0.7896,Positive
Miami Open,2025-03-28,Masters 1000,Outdoor,Hard,Semifinals,3,Djokovic N.,Dimitrov G.,Djokovic N.,5,15,3860,2745,1.22,4.33,6-2 6-3,10.0,False,Djokovic,Dimitrov G.,26,Djokovic vs Dimitrov Miami Open 2025 highlights,0CUHWhsqJKc,Novak Djokovic vs Grigor Dimitrov Semi-Final Highlights | Miami 2025,Tennis TV,2025-03-28T21:04:28Z,https://www.youtube.com/watch?v=0CUHWhsqJKc,21,Just the GOAT doing GOAT things 🐐🔥👑🙌,3,2025-03-29T00:11:33Z,"{'neg': 0.194, 'neu': 0.806, 'pos': 0.0, 'compound': -0.34}",0.194,0.806,0.0,-0.34,Negative
Miami Open,2025-03-28,Masters 1000,Outdoor,Hard,Semifinals,3,Djokovic N.,Dimitrov G.,Djokovic N.,5,15,3860,2745,1.22,4.33,6-2 6-3,10.0,False,Djokovic,Dimitrov G.,26,Djokovic vs Dimitrov Miami Open 2025 highlights,0CUHWhsqJKc,Novak Djokovic vs Grigor Dimitrov Semi-Final Highlights | Miami 2025,Tennis TV,2025-03-28T21:04:28Z,https://www.youtube.com/watch?v=0CUHWhsqJKc,22,Master class,9,2025-03-28T21:53:28Z,"{'neg': 0.0, 'neu': 1.0, 'pos': 0.0, 'compound': 0.0}",0.0,1.0,0.0,0.0,Neutral
Miami Open,2025-03-28,Masters 1000,Outdoor,Hard,Semifinals,3,Djokovic N.,Dimitrov G.,Djokovic N.,5,15,3860,2745,1.22,4.33,6-2 6-3,10.0,False,Djokovic,Dimitrov G.,26,Djokovic vs Dimitrov Miami Open 2025 highlights,0CUHWhsqJKc,Novak Djokovic vs Grigor Dimitrov Semi-Final Highlights | Miami 2025,Tennis TV,2025-03-28T21:04:28Z,https://www.youtube.com/watch?v=0CUHWhsqJKc,23,It's nice to see Djokovic in good shape in Miami. And it's nice to see Andy Murray on his team,3,2025-03-29T03:38:28Z,"{'neg': 0.0, 'neu': 0.667, 'pos': 0.333, 'compound': 0.8176}",0.0,0.667,0.333,0.8176,Positive
Miami Open,2025-03-28,Masters 1000,Outdoor,Hard,Semifinals,3,Djokovic N.,Dimitrov G.,Djokovic N.,5,15,3860,2745,1.22,4.33,6-2 6-3,10.0,False,Djokovic,Dimitrov G.,26,Djokovic vs Dimitrov Miami Open 2025 highlights,0CUHWhsqJKc,Novak Djokovic vs Grigor Dimitrov Semi-Final Highlights | Miami 2025,Tennis TV,2025-03-28T21:04:28Z,https://www.youtube.com/watch?v=0CUHWhsqJKc,24,Kralj tenisa❤,3,2025-03-28T23:05:51Z,"{'neg': 0.0, 'neu': 0.417, 'pos': 0.583, 'compound': 0.6369}",0.0,0.417,0.583,0.6369,Positive
Miami Open,2025-03-28,Masters 1000,Outdoor,Hard,Semifinals,3,Djokovic N.,Dimitrov G.,Djokovic N.,5,15,3860,2745,1.22,4.33,6-2 6-3,10.0,False,Djokovic,Dimitrov G.,26,Djokovic vs Dimitrov Miami Open 2025 highlights,0CUHWhsqJKc,Novak Djokovic vs Grigor Dimitrov Semi-Final Highlights | Miami 2025,Tennis TV,2025-03-28T21:04:28Z,https://www.youtube.com/watch?v=0CUHWhsqJKc,25,Djokovic is still so good even when he's old because now even if he loses every game left in his career he will still be known as one of the greatest ever so he's really calm and controlled in his game now and doesn't worry about winning,44,2025-03-28T22:02:08Z,"{'neg': 0.086, 'neu': 0.692, 'pos': 0.223, 'compound': 0.8453}",0.086,0.692,0.223,0.8453,Positive
Shanghai Masters,2024-10-12,Masters 1000,Outdoor,Hard,Semifinals,3,Fritz T.,Djokovic N.,Djokovic N.,7,4,4060,5560,3.0,1.4,4-6 6-7,5.5,False,Djokovic,Fritz T.,27,Fritz vs Djokovic Shanghai Masters 2024 highlights,1YhQufOPRzU,Novak Djokovic vs Taylor Fritz Extended Highlights | Shanghai 2024,Tennis TV,2025-09-02T11:00:08Z,https://www.youtube.com/watch?v=1YhQufOPRzU,1,"There’s a whole set of players like Fritz, Tsitsipas etc who I don’t think will ever ever beat Djokovic again, even if he’s 45 and unable to move side to side properly",46,2025-09-02T12:07:09Z,"{'neg': 0.0, 'neu': 0.925, 'pos': 0.075, 'compound': 0.3612}",0.0,0.925,0.075,0.3612,Positive
Shanghai Masters,2024-10-12,Masters 1000,Outdoor,Hard,Semifinals,3,Fritz T.,Djokovic N.,Djokovic N.,7,4,4060,5560,3.0,1.4,4-6 6-7,5.5,False,Djokovic,Fritz T.,27,Fritz vs Djokovic Shanghai Masters 2024 highlights,1YhQufOPRzU,Novak Djokovic vs Taylor Fritz Extended Highlights | Shanghai 2024,Tennis TV,2025-09-02T11:00:08Z,https://www.youtube.com/watch?v=1YhQufOPRzU,2,"aaand... after 2 sets Im noticing, its not US Open 2025........",30,2025-09-02T19:53:52Z,"{'neg': 0.0, 'neu': 1.0, 'pos': 0.0, 'compound': 0.0}",0.0,1.0,0.0,0.0,Neutral
Shanghai Masters,2024-10-12,Masters 1000,Outdoor,Hard,Semifinals,3,Fritz T.,Djokovic N.,Djokovic N.,7,4,4060,5560,3.0,1.4,4-6 6-7,5.5,False,Djokovic,Fritz T.,27,Fritz vs Djokovic Shanghai Masters 2024 highlights,1YhQufOPRzU,Novak Djokovic vs Taylor Fritz Extended Highlights | Shanghai 2024,Tennis TV,2025-09-02T11:00:08Z,https://www.youtube.com/watch?v=1YhQufOPRzU,3,all the greats have good movement like nba point guards,2,2025-09-02T19:45:41Z,"{'neg': 0.0, 'neu': 0.597, 'pos': 0.403, 'compound': 0.6597}",0.0,0.597,0.403,0.6597,Positive
Shanghai Masters,2024-10-12,Masters 1000,Outdoor,Hard,Semifinals,3,Fritz T.,Djokovic N.,Djokovic N.,7,4,4060,5560,3.0,1.4,4-6 6-7,5.5,False,Djokovic,Fritz T.,27,Fritz vs Djokovic Shanghai Masters 2024 highlights,1YhQufOPRzU,Novak Djokovic vs Taylor Fritz Extended Highlights | Shanghai 2024,Tennis TV,2025-09-02T11:00:08Z,https://www.youtube.com/watch?v=1YhQufOPRzU,4,The GREATEST of all time 🐐🇷🇸,17,2025-09-02T11:05:53Z,"{'neg': 0.0, 'neu': 0.503, 'pos': 0.497, 'compound': 0.7125}",0.0,0.503,0.497,0.7125,Positive
Shanghai Masters,2024-10-12,Masters 1000,Outdoor,Hard,Semifinals,3,Fritz T.,Djokovic N.,Djokovic N.,7,4,4060,5560,3.0,1.4,4-6 6-7,5.5,False,Djokovic,Fritz T.,27,Fritz vs Djokovic Shanghai Masters 2024 highlights,1YhQufOPRzU,Novak Djokovic vs Taylor Fritz Extended Highlights | Shanghai 2024,Tennis TV,2025-09-02T11:00:08Z,https://www.youtube.com/watch?v=1YhQufOPRzU,5,The GOAT Novak Djokovic making Semifinals in all 4 Majors at 38 years old is unreal ! 🐐,0,2025-09-04T14:14:22Z,"{'neg': 0.0, 'neu': 1.0, 'pos': 0.0, 'compound': 0.0}",0.0,1.0,0.0,0.0,Neutral
Shanghai Masters,2024-10-12,Masters 1000,Outdoor,Hard,Semifinals,3,Fritz T.,Djokovic N.,Djokovic N.,7,4,4060,5560,3.0,1.4,4-6 6-7,5.5,False,Djokovic,Fritz T.,27,Fritz vs Djokovic Shanghai Masters 2024 highlights,1YhQufOPRzU,Novak Djokovic vs Taylor Fritz Extended Highlights | Shanghai 2024,Tennis TV,2025-09-02T11:00:08Z,https://www.youtube.com/watch?v=1YhQufOPRzU,6,Great Nole!,1,2025-09-03T02:32:25Z,"{'neg': 0.0, 'neu': 0.185, 'pos': 0.815, 'compound': 0.6588}",0.0,0.185,0.815,0.6588,Positive
Shanghai Masters,2024-10-12,Masters 1000,Outdoor,Hard,Semifinals,3,Fritz T.,Djokovic N.,Djokovic N.,7,4,4060,5560,3.0,1.4,4-6 6-7,5.5,False,Djokovic,Fritz T.,27,Fritz vs Djokovic Shanghai Masters 2024 highlights,1YhQufOPRzU,Novak Djokovic vs Taylor Fritz Extended Highlights | Shanghai 2024,Tennis TV,2025-09-02T11:00:08Z,https://www.youtube.com/watch?v=1YhQufOPRzU,7,novak for the win! come on nole ❤,4,2025-09-02T18:42:40Z,"{'neg': 0.0, 'neu': 0.458, 'pos': 0.542, 'compound': 0.8516}",0.0,0.458,0.542,0.8516,Positive
Shanghai Masters,2024-10-12,Masters 1000,Outdoor,Hard,Semifinals,3,Fritz T.,Djokovic N.,Djokovic N.,7,4,4060,5560,3.0,1.4,4-6 6-7,5.5,False,Djokovic,Fritz T.,27,Fritz vs Djokovic Shanghai Masters 2024 highlights,1YhQufOPRzU,Novak Djokovic vs Taylor Fritz Extended Highlights | Shanghai 2024,Tennis TV,2025-09-02T11:00:08Z,https://www.youtube.com/watch?v=1YhQufOPRzU,8,‏‪5:37‬‏,3,2025-09-02T13:10:39Z,"{'neg': 0.0, 'neu': 1.0, 'pos': 0.0, 'compound': 0.0}",0.0,1.0,0.0,0.0,Neutral
Shanghai Masters,2024-10-12,Masters 1000,Outdoor,Hard,Semifinals,3,Fritz T.,Djokovic N.,Djokovic N.,7,4,4060,5560,3.0,1.4,4-6 6-7,5.5,False,Djokovic,Fritz T.,27,Fritz vs Djokovic Shanghai Masters 2024 highlights,1YhQufOPRzU,Novak Djokovic vs Taylor Fritz Extended Highlights | Shanghai 2024,Tennis TV,2025-09-02T11:00:08Z,https://www.youtube.com/watch?v=1YhQufOPRzU,9,"Fritz is everything Djokovic like ! He is a baseliner, good serve, good forehand and backhand but nothing that really disrupt Novak rythm (10-0) Fritz doesn’t move that well and doesn’t rush the net nor play dropshogs ect….HOWEVER this is Fritz best chance ! Novak is not getting any younger and his body might start to feel old ! If he plays well and can make Djokovic run and run again and again, well there might be a chance but I see Novak winning",13,2025-09-02T12:09:28Z,"{'neg': 0.024, 'neu': 0.673, 'pos': 0.303, 'compound': 0.9814}",0.024,0.673,0.303,0.9814,Positive
Shanghai Masters,2024-10-12,Masters 1000,Outdoor,Hard,Semifinals,3,Fritz T.,Djokovic N.,Djokovic N.,7,4,4060,5560,3.0,1.4,4-6 6-7,5.5,False,Djokovic,Fritz T.,27,Fritz vs Djokovic Shanghai Masters 2024 highlights,1YhQufOPRzU,Novak Djokovic vs Taylor Fritz Extended Highlights | Shanghai 2024,Tennis TV,2025-09-02T11:00:08Z,https://www.youtube.com/watch?v=1YhQufOPRzU,10,Come on good match but really set up  for Noel to get into semis sad,0,2025-09-02T19:18:23Z,"{'neg': 0.217, 'neu': 0.681, 'pos': 0.102, 'compound': -0.4939}",0.217,0.681,0.102,-0.4939,Negative
Shanghai Masters,2024-10-12,Masters 1000,Outdoor,Hard,Semifinals,3,Fritz T.,Djokovic N.,Djokovic N.,7,4,4060,5560,3.0,1.4,4-6 6-7,5.5,False,Djokovic,Fritz T.,27,Fritz vs Djokovic Shanghai Masters 2024 highlights,1YhQufOPRzU,Novak Djokovic vs Taylor Fritz Extended Highlights | Shanghai 2024,Tennis TV,2025-09-02T11:00:08Z,https://www.youtube.com/watch?v=1YhQufOPRzU,11,Evviva! Noleeeeee in semifinale! ❤❤❤❤❤❤❤❤❤❤,0,2025-09-03T03:51:15Z,"{'neg': 0.0, 'neu': 0.247, 'pos': 0.753, 'compound': 0.993}",0.0,0.247,0.753,0.993,Positive
Shanghai Masters,2024-10-12,Masters 1000,Outdoor,Hard,Semifinals,3,Fritz T.,Djokovic N.,Djokovic N.,7,4,4060,5560,3.0,1.4,4-6 6-7,5.5,False,Djokovic,Fritz T.,27,Fritz vs Djokovic Shanghai Masters 2024 highlights,1YhQufOPRzU,Novak Djokovic vs Taylor Fritz Extended Highlights | Shanghai 2024,Tennis TV,2025-09-02T11:00:08Z,https://www.youtube.com/watch?v=1YhQufOPRzU,12,LET'S GOOOOOO NOLEEEEEEEEE 🐐🤩🔥🙌,0,2025-09-04T14:13:51Z,"{'neg': 0.255, 'neu': 0.745, 'pos': 0.0, 'compound': -0.34}",0.255,0.745,0.0,-0.34,Negative
Shanghai Masters,2024-10-12,Masters 1000,Outdoor,Hard,Semifinals,3,Fritz T.,Djokovic N.,Djokovic N.,7,4,4060,5560,3.0,1.4,4-6 6-7,5.5,False,Djokovic,Fritz T.,27,Fritz vs Djokovic Shanghai Masters 2024 highlights,1YhQufOPRzU,Novak Djokovic vs Taylor Fritz Extended Highlights | Shanghai 2024,Tennis TV,2025-09-02T11:00:08Z,https://www.youtube.com/watch?v=1YhQufOPRzU,13,😳🔥,0,2025-09-02T11:01:24Z,"{'neg': 0.545, 'neu': 0.455, 'pos': 0.0, 'compound': -0.34}",0.545,0.455,0.0,-0.34,Negative
Shanghai Masters,2024-10-12,Masters 1000,Outdoor,Hard,Semifinals,3,Fritz T.,Djokovic N.,Djokovic N.,7,4,4060,5560,3.0,1.4,4-6 6-7,5.5,False,Djokovic,Fritz T.,27,Fritz vs Djokovic Shanghai Masters 2024 highlights,1YhQufOPRzU,Novak Djokovic vs Taylor Fritz Extended Highlights | Shanghai 2024,Tennis TV,2025-09-02T11:00:08Z,https://www.youtube.com/watch?v=1YhQufOPRzU,14,Djokovic will prevail once again !,3,2025-09-02T12:38:36Z,"{'neg': 0.0, 'neu': 1.0, 'pos': 0.0, 'compound': 0.0}",0.0,1.0,0.0,0.0,Neutral
Shanghai Masters,2024-10-12,Masters 1000,Outdoor,Hard,Semifinals,3,Fritz T.,Djokovic N.,Djokovic N.,7,4,4060,5560,3.0,1.4,4-6 6-7,5.5,False,Djokovic,Fritz T.,27,Fritz vs Djokovic Shanghai Masters 2024 highlights,1YhQufOPRzU,Novak Djokovic vs Taylor Fritz Extended Highlights | Shanghai 2024,Tennis TV,2025-09-02T11:00:08Z,https://www.youtube.com/watch?v=1YhQufOPRzU,15,Why say it is a match of one day ago when it is in Shanghai??? so deceitful!,0,2025-09-03T16:07:35Z,"{'neg': 0.222, 'neu': 0.778, 'pos': 0.0, 'compound': -0.6781}",0.222,0.778,0.0,-0.6781,Negative
Shanghai Masters,2024-10-12,Masters 1000,Outdoor,Hard,Semifinals,3,Fritz T.,Djokovic N.,Djokovic N.,7,4,4060,5560,3.0,1.4,4-6 6-7,5.5,False,Djokovic,Fritz T.,27,Fritz vs Djokovic Shanghai Masters 2024 highlights,1YhQufOPRzU,Novak Djokovic vs Taylor Fritz Extended Highlights | Shanghai 2024,Tennis TV,2025-09-02T11:00:08Z,https://www.youtube.com/watch?v=1YhQufOPRzU,16,"That tournament he was playing at his best,but Sinner was just on fire. This night will be  much easier. I expect a 3 setter",0,2025-09-02T21:10:47Z,"{'neg': 0.086, 'neu': 0.75, 'pos': 0.164, 'compound': 0.296}",0.086,0.75,0.164,0.296,Positive
Shanghai Masters,2024-10-12,Masters 1000,Outdoor,Hard,Semifinals,3,Fritz T.,Djokovic N.,Djokovic N.,7,4,4060,5560,3.0,1.4,4-6 6-7,5.5,False,Djokovic,Fritz T.,27,Fritz vs Djokovic Shanghai Masters 2024 highlights,1YhQufOPRzU,Novak Djokovic vs Taylor Fritz Extended Highlights | Shanghai 2024,Tennis TV,2025-09-02T11:00:08Z,https://www.youtube.com/watch?v=1YhQufOPRzU,17,"Djokovic does everything better than Fritz does despite Fritz trying to play similar to him. And that's why he can't beat Djokovic and the H2H is 0-10. You simply can't defeat Djokovic at his own game, unless you do it much better than he does... which Fritz doesn't. He's too limited in that regard.",0,2025-09-02T19:42:15Z,"{'neg': 0.0, 'neu': 0.799, 'pos': 0.201, 'compound': 0.8846}",0.0,0.799,0.201,0.8846,Positive
Shanghai Masters,2024-10-12,Masters 1000,Outdoor,Hard,Semifinals,3,Fritz T.,Djokovic N.,Djokovic N.,7,4,4060,5560,3.0,1.4,4-6 6-7,5.5,False,Djokovic,Fritz T.,27,Fritz vs Djokovic Shanghai Masters 2024 highlights,1YhQufOPRzU,Novak Djokovic vs Taylor Fritz Extended Highlights | Shanghai 2024,Tennis TV,2025-09-02T11:00:08Z,https://www.youtube.com/watch?v=1YhQufOPRzU,18,Ноле! Удачи в 2025 👍👍👍❤️❤️❤️💋💋💋,2,2025-09-02T11:54:49Z,"{'neg': 0.0, 'neu': 0.686, 'pos': 0.314, 'compound': 0.8268}",0.0,0.686,0.314,0.8268,Positive
Shanghai Masters,2024-10-12,Masters 1000,Outdoor,Hard,Semifinals,3,Fritz T.,Djokovic N.,Djokovic N.,7,4,4060,5560,3.0,1.4,4-6 6-7,5.5,False,Djokovic,Fritz T.,27,Fritz vs Djokovic Shanghai Masters 2024 highlights,1YhQufOPRzU,Novak Djokovic vs Taylor Fritz Extended Highlights | Shanghai 2024,Tennis TV,2025-09-02T11:00:08Z,https://www.youtube.com/watch?v=1YhQufOPRzU,19,🎉🎉🎉🎉🎉🎉🎉🎉,0,2025-09-02T11:02:50Z,"{'neg': 0.0, 'neu': 0.27, 'pos': 0.73, 'compound': 0.9618}",0.0,0.27,0.73,0.9618,Positive
Shanghai Masters,2024-10-12,Masters 1000,Outdoor,Hard,Semifinals,3,Fritz T.,Djokovic N.,Djokovic N.,7,4,4060,5560,3.0,1.4,4-6 6-7,5.5,False,Djokovic,Fritz T.,27,Fritz vs Djokovic Shanghai Masters 2024 highlights,1YhQufOPRzU,Novak Djokovic vs Taylor Fritz Extended Highlights | Shanghai 2024,Tennis TV,2025-09-02T11:00:08Z,https://www.youtube.com/watch?v=1YhQufOPRzU,20,Novak Djokovic The Greatest Of All Time 🐐,0,2025-09-04T14:13:34Z,"{'neg': 0.0, 'neu': 0.625, 'pos': 0.375, 'compound': 0.6369}",0.0,0.625,0.375,0.6369,Positive
Shanghai Masters,2024-10-12,Masters 1000,Outdoor,Hard,Semifinals,3,Fritz T.,Djokovic N.,Djokovic N.,7,4,4060,5560,3.0,1.4,4-6 6-7,5.5,False,Djokovic,Fritz T.,27,Fritz vs Djokovic Shanghai Masters 2024 highlights,1YhQufOPRzU,Novak Djokovic vs Taylor Fritz Extended Highlights | Shanghai 2024,Tennis TV,2025-09-02T11:00:08Z,https://www.youtube.com/watch?v=1YhQufOPRzU,21,🐐🤩🔥🙌😘❤️🫶👑👏😍🥰,0,2025-09-04T14:14:08Z,"{'neg': 0.072, 'neu': 0.537, 'pos': 0.391, 'compound': 0.8934}",0.072,0.537,0.391,0.8934,Positive
Shanghai Masters,2024-10-12,Masters 1000,Outdoor,Hard,Semifinals,3,Fritz T.,Djokovic N.,Djokovic N.,7,4,4060,5560,3.0,1.4,4-6 6-7,5.5,False,Djokovic,Fritz T.,27,Fritz vs Djokovic Shanghai Masters 2024 highlights,1YhQufOPRzU,Novak Djokovic vs Taylor Fritz Extended Highlights | Shanghai 2024,Tennis TV,2025-09-02T11:00:08Z,https://www.youtube.com/watch?v=1YhQufOPRzU,22,I don't know the result but I bet Fritz won.,3,2025-09-02T11:01:30Z,"{'neg': 0.0, 'neu': 0.641, 'pos': 0.359, 'compound': 0.7227}",0.0,0.641,0.359,0.7227,Positive
Shanghai Masters,2024-10-12,Masters 1000,Outdoor,Hard,Semifinals,3,Fritz T.,Djokovic N.,Djokovic N.,7,4,4060,5560,3.0,1.4,4-6 6-7,5.5,False,Djokovic,Fritz T.,27,Fritz vs Djokovic Shanghai Masters 2024 highlights,1YhQufOPRzU,Novak Djokovic vs Taylor Fritz Extended Highlights | Shanghai 2024,Tennis TV,2025-09-02T11:00:08Z,https://www.youtube.com/watch?v=1YhQufOPRzU,23,The only people who think Boreovic is the goat have only started watching tennis since 2011 or later. I still have yet to see anyone better than peak Federer.,5,2025-09-02T11:12:38Z,"{'neg': 0.0, 'neu': 0.906, 'pos': 0.094, 'compound': 0.4404}",0.0,0.906,0.094,0.4404,Positive
Shanghai Masters,2024-10-12,Masters 1000,Outdoor,Hard,Semifinals,3,Fritz T.,Djokovic N.,Djokovic N.,7,4,4060,5560,3.0,1.4,4-6 6-7,5.5,False,Djokovic,Fritz T.,27,Fritz vs Djokovic Shanghai Masters 2024 highlights,1YhQufOPRzU,Novak Djokovic vs Taylor Fritz Extended Highlights | Shanghai 2024,Tennis TV,2025-09-02T11:00:08Z,https://www.youtube.com/watch?v=1YhQufOPRzU,24,I feel bad for Fedals fans Novak Djokovic has overshadowed all of them with his Aura now all they do is watch their old videos when Nole hasn't yet transformed sorry for them 😂😂😂😂 Djokovic is the Goat they can cry hard as they can since August 4th 2024,5,2025-09-02T11:16:19Z,"{'neg': 0.177, 'neu': 0.636, 'pos': 0.187, 'compound': 0.5889}",0.177,0.636,0.187,0.5889,Positive
Shanghai Masters,2024-10-12,Masters 1000,Outdoor,Hard,Semifinals,3,Fritz T.,Djokovic N.,Djokovic N.,7,4,4060,5560,3.0,1.4,4-6 6-7,5.5,False,Djokovic,Fritz T.,27,Fritz vs Djokovic Shanghai Masters 2024 highlights,1YhQufOPRzU,Novak Djokovic vs Taylor Fritz Extended Highlights | Shanghai 2024,Tennis TV,2025-09-02T11:00:08Z,https://www.youtube.com/watch?v=1YhQufOPRzU,25,What boring tennis - backline slog,0,2025-09-03T06:27:38Z,"{'neg': 0.315, 'neu': 0.685, 'pos': 0.0, 'compound': -0.3182}",0.315,0.685,0.0,-0.3182,Negative
Wimbledon,2024-07-14,Grand Slam,Outdoor,Grass,The Final,5,Djokovic N.,Alcaraz C.,Alcaraz C.,2,3,8360,8130,2.1,1.8,2-6 2-6 6-7,2.5,True,Djokovic,Alcaraz C.,28,Djokovic vs Alcaraz Wimbledon 2024 highlights,64WsO9LKE-A,Carlos Alcaraz vs Novak Djokovic | Final Extended Highlights | Wimbledon 2024,Wimbledon,2024-07-14T17:07:31Z,https://www.youtube.com/watch?v=64WsO9LKE-A,1,Djokovic must be thinking he finally got rid of Federer and Nadal...but now has both of them in one player.,1377,2024-07-16T08:33:39Z,"{'neg': 0.0, 'neu': 1.0, 'pos': 0.0, 'compound': 0.0}",0.0,1.0,0.0,0.0,Neutral
Wimbledon,2024-07-14,Grand Slam,Outdoor,Grass,The Final,5,Djokovic N.,Alcaraz C.,Alcaraz C.,2,3,8360,8130,2.1,1.8,2-6 2-6 6-7,2.5,True,Djokovic,Alcaraz C.,28,Djokovic vs Alcaraz Wimbledon 2024 highlights,64WsO9LKE-A,Carlos Alcaraz vs Novak Djokovic | Final Extended Highlights | Wimbledon 2024,Wimbledon,2024-07-14T17:07:31Z,https://www.youtube.com/watch?v=64WsO9LKE-A,2,"In a span of a year, Alcaraz went from the underdog to the favorite to win the Wimbledon final against Djokovic. Amazing.",1200,2024-07-14T17:20:23Z,"{'neg': 0.0, 'neu': 0.642, 'pos': 0.358, 'compound': 0.891}",0.0,0.642,0.358,0.891,Positive
Wimbledon,2024-07-14,Grand Slam,Outdoor,Grass,The Final,5,Djokovic N.,Alcaraz C.,Alcaraz C.,2,3,8360,8130,2.1,1.8,2-6 2-6 6-7,2.5,True,Djokovic,Alcaraz C.,28,Djokovic vs Alcaraz Wimbledon 2024 highlights,64WsO9LKE-A,Carlos Alcaraz vs Novak Djokovic | Final Extended Highlights | Wimbledon 2024,Wimbledon,2024-07-14T17:07:31Z,https://www.youtube.com/watch?v=64WsO9LKE-A,3,Djokovic was often smiling at just how ridiculous Alcaraz was today. Good to see him able to deal with defeat in that way! Great match from both guys.,898,2024-07-14T18:54:35Z,"{'neg': 0.142, 'neu': 0.593, 'pos': 0.265, 'compound': 0.6996}",0.142,0.593,0.265,0.6996,Positive
Wimbledon,2024-07-14,Grand Slam,Outdoor,Grass,The Final,5,Djokovic N.,Alcaraz C.,Alcaraz C.,2,3,8360,8130,2.1,1.8,2-6 2-6 6-7,2.5,True,Djokovic,Alcaraz C.,28,Djokovic vs Alcaraz Wimbledon 2024 highlights,64WsO9LKE-A,Carlos Alcaraz vs Novak Djokovic | Final Extended Highlights | Wimbledon 2024,Wimbledon,2024-07-14T17:07:31Z,https://www.youtube.com/watch?v=64WsO9LKE-A,4,"Djokovic finally feels what it’s like to face an all time great level talent that actually YOUNGER than him. Federer has to deal with 2 of those guys by the time he turned 25. Djokovic has been beating up on lesser players like Medvedev, Zverev, tsitsipas, rublev, berretini for years now until Alcaraz comes along when Djokovic is 36😂😂",1672,2024-07-14T17:09:40Z,"{'neg': 0.079, 'neu': 0.695, 'pos': 0.226, 'compound': 0.9287}",0.079,0.695,0.226,0.9287,Positive
Wimbledon,2024-07-14,Grand Slam,Outdoor,Grass,The Final,5,Djokovic N.,Alcaraz C.,Alcaraz C.,2,3,8360,8130,2.1,1.8,2-6 2-6 6-7,2.5,True,Djokovic,Alcaraz C.,28,Djokovic vs Alcaraz Wimbledon 2024 highlights,64WsO9LKE-A,Carlos Alcaraz vs Novak Djokovic | Final Extended Highlights | Wimbledon 2024,Wimbledon,2024-07-14T17:07:31Z,https://www.youtube.com/watch?v=64WsO9LKE-A,5,shoutout to WImbledon for their highlights,489,2024-07-14T17:25:41Z,"{'neg': 0.0, 'neu': 1.0, 'pos': 0.0, 'compound': 0.0}",0.0,1.0,0.0,0.0,Neutral
Wimbledon,2024-07-14,Grand Slam,Outdoor,Grass,The Final,5,Djokovic N.,Alcaraz C.,Alcaraz C.,2,3,8360,8130,2.1,1.8,2-6 2-6 6-7,2.5,True,Djokovic,Alcaraz C.,28,Djokovic vs Alcaraz Wimbledon 2024 highlights,64WsO9LKE-A,Carlos Alcaraz vs Novak Djokovic | Final Extended Highlights | Wimbledon 2024,Wimbledon,2024-07-14T17:07:31Z,https://www.youtube.com/watch?v=64WsO9LKE-A,6,14 minutes in 1 game alone... insane. Alcaraz broke and I knew he was in a hurry to go watch footy 😂,789,2024-07-14T17:20:06Z,"{'neg': 0.275, 'neu': 0.614, 'pos': 0.111, 'compound': -0.5574}",0.275,0.614,0.111,-0.5574,Negative
Wimbledon,2024-07-14,Grand Slam,Outdoor,Grass,The Final,5,Djokovic N.,Alcaraz C.,Alcaraz C.,2,3,8360,8130,2.1,1.8,2-6 2-6 6-7,2.5,True,Djokovic,Alcaraz C.,28,Djokovic vs Alcaraz Wimbledon 2024 highlights,64WsO9LKE-A,Carlos Alcaraz vs Novak Djokovic | Final Extended Highlights | Wimbledon 2024,Wimbledon,2024-07-14T17:07:31Z,https://www.youtube.com/watch?v=64WsO9LKE-A,7,"What a performance. Alcaraz was nearly unbeatable today.
He is the extremely rare combination of amazing technical ability and incredible physical capacity.",565,2024-07-14T18:08:51Z,"{'neg': 0.0, 'neu': 0.766, 'pos': 0.234, 'compound': 0.7269}",0.0,0.766,0.234,0.7269,Positive
Wimbledon,2024-07-14,Grand Slam,Outdoor,Grass,The Final,5,Djokovic N.,Alcaraz C.,Alcaraz C.,2,3,8360,8130,2.1,1.8,2-6 2-6 6-7,2.5,True,Djokovic,Alcaraz C.,28,Djokovic vs Alcaraz Wimbledon 2024 highlights,64WsO9LKE-A,Carlos Alcaraz vs Novak Djokovic | Final Extended Highlights | Wimbledon 2024,Wimbledon,2024-07-14T17:07:31Z,https://www.youtube.com/watch?v=64WsO9LKE-A,8,A new generation has been confirmed. We are in good hands with Carlos Alcaraz 😀,108,2024-07-14T21:56:34Z,"{'neg': 0.0, 'neu': 0.722, 'pos': 0.278, 'compound': 0.6597}",0.0,0.722,0.278,0.6597,Positive
Wimbledon,2024-07-14,Grand Slam,Outdoor,Grass,The Final,5,Djokovic N.,Alcaraz C.,Alcaraz C.,2,3,8360,8130,2.1,1.8,2-6 2-6 6-7,2.5,True,Djokovic,Alcaraz C.,28,Djokovic vs Alcaraz Wimbledon 2024 highlights,64WsO9LKE-A,Carlos Alcaraz vs Novak Djokovic | Final Extended Highlights | Wimbledon 2024,Wimbledon,2024-07-14T17:07:31Z,https://www.youtube.com/watch?v=64WsO9LKE-A,9,"Most impressive is how mentally tougher Alcaraz has become in just one year. He will be very hard to beat in GS Finals. As for Djokovic, it is clear that his age has really caught up with him. Even he had a very easy path to the Final, he could not hang with the youngster.",236,2024-07-14T19:08:45Z,"{'neg': 0.027, 'neu': 0.796, 'pos': 0.177, 'compound': 0.8553}",0.027,0.796,0.177,0.8553,Positive
Wimbledon,2024-07-14,Grand Slam,Outdoor,Grass,The Final,5,Djokovic N.,Alcaraz C.,Alcaraz C.,2,3,8360,8130,2.1,1.8,2-6 2-6 6-7,2.5,True,Djokovic,Alcaraz C.,28,Djokovic vs Alcaraz Wimbledon 2024 highlights,64WsO9LKE-A,Carlos Alcaraz vs Novak Djokovic | Final Extended Highlights | Wimbledon 2024,Wimbledon,2024-07-14T17:07:31Z,https://www.youtube.com/watch?v=64WsO9LKE-A,10,The fact that Alcaraz did not crumble and showed nerves of steel after wasting 3 championship points 40-0 up shows that he has the DNA of a true champion. Any lesser player would have felt his knees shaking at the thought of the king of comebacks starting to make the Nth comeback. But Alcaraz is different gravy. I mean that half volley while 5-6 down said it all,215,2024-07-15T18:01:02Z,"{'neg': 0.061, 'neu': 0.853, 'pos': 0.087, 'compound': 0.4404}",0.061,0.853,0.087,0.4404,Positive
Wimbledon,2024-07-14,Grand Slam,Outdoor,Grass,The Final,5,Djokovic N.,Alcaraz C.,Alcaraz C.,2,3,8360,8130,2.1,1.8,2-6 2-6 6-7,2.5,True,Djokovic,Alcaraz C.,28,Djokovic vs Alcaraz Wimbledon 2024 highlights,64WsO9LKE-A,Carlos Alcaraz vs Novak Djokovic | Final Extended Highlights | Wimbledon 2024,Wimbledon,2024-07-14T17:07:31Z,https://www.youtube.com/watch?v=64WsO9LKE-A,11,"There is no player in the tennis world who can resist the game Alcaraz played yesterday.
Pure talent, full concentration, intelligence and power..",145,2024-07-15T12:19:13Z,"{'neg': 0.075, 'neu': 0.644, 'pos': 0.281, 'compound': 0.7269}",0.075,0.644,0.281,0.7269,Positive
Wimbledon,2024-07-14,Grand Slam,Outdoor,Grass,The Final,5,Djokovic N.,Alcaraz C.,Alcaraz C.,2,3,8360,8130,2.1,1.8,2-6 2-6 6-7,2.5,True,Djokovic,Alcaraz C.,28,Djokovic vs Alcaraz Wimbledon 2024 highlights,64WsO9LKE-A,Carlos Alcaraz vs Novak Djokovic | Final Extended Highlights | Wimbledon 2024,Wimbledon,2024-07-14T17:07:31Z,https://www.youtube.com/watch?v=64WsO9LKE-A,12,"Alcaraz can read Djokovic movements so well and anticipate perfectly to wrong foot him. Along with the power, movement, athleticism and focus to win in 3 clean sets.",407,2024-07-14T17:46:10Z,"{'neg': 0.078, 'neu': 0.582, 'pos': 0.34, 'compound': 0.8845}",0.078,0.582,0.34,0.8845,Positive
Wimbledon,2024-07-14,Grand Slam,Outdoor,Grass,The Final,5,Djokovic N.,Alcaraz C.,Alcaraz C.,2,3,8360,8130,2.1,1.8,2-6 2-6 6-7,2.5,True,Djokovic,Alcaraz C.,28,Djokovic vs Alcaraz Wimbledon 2024 highlights,64WsO9LKE-A,Carlos Alcaraz vs Novak Djokovic | Final Extended Highlights | Wimbledon 2024,Wimbledon,2024-07-14T17:07:31Z,https://www.youtube.com/watch?v=64WsO9LKE-A,13,Made Djokovic look 55 years old…. I mean he totally outplayed him in every aspect…. That sits right with my soul!,448,2024-07-14T18:19:54Z,"{'neg': 0.0, 'neu': 1.0, 'pos': 0.0, 'compound': 0.0}",0.0,1.0,0.0,0.0,Neutral
Wimbledon,2024-07-14,Grand Slam,Outdoor,Grass,The Final,5,Djokovic N.,Alcaraz C.,Alcaraz C.,2,3,8360,8130,2.1,1.8,2-6 2-6 6-7,2.5,True,Djokovic,Alcaraz C.,28,Djokovic vs Alcaraz Wimbledon 2024 highlights,64WsO9LKE-A,Carlos Alcaraz vs Novak Djokovic | Final Extended Highlights | Wimbledon 2024,Wimbledon,2024-07-14T17:07:31Z,https://www.youtube.com/watch?v=64WsO9LKE-A,14,What a match! The triple match point save was wild to watch. I’m glad Alcaraz was able to close it in 3,240,2024-07-14T17:13:46Z,"{'neg': 0.0, 'neu': 0.755, 'pos': 0.245, 'compound': 0.7574}",0.0,0.755,0.245,0.7574,Positive
Wimbledon,2024-07-14,Grand Slam,Outdoor,Grass,The Final,5,Djokovic N.,Alcaraz C.,Alcaraz C.,2,3,8360,8130,2.1,1.8,2-6 2-6 6-7,2.5,True,Djokovic,Alcaraz C.,28,Djokovic vs Alcaraz Wimbledon 2024 highlights,64WsO9LKE-A,Carlos Alcaraz vs Novak Djokovic | Final Extended Highlights | Wimbledon 2024,Wimbledon,2024-07-14T17:07:31Z,https://www.youtube.com/watch?v=64WsO9LKE-A,15,The scary thing is...Alcaraz has to hit his prime yet! Imagine what he is capable of and going to do when he is more experienced and more confident going forwards. My condoleances for the other players on the tour.😂,29,2024-07-17T04:24:31Z,"{'neg': 0.094, 'neu': 0.718, 'pos': 0.188, 'compound': 0.7257}",0.094,0.718,0.188,0.7257,Positive
Wimbledon,2024-07-14,Grand Slam,Outdoor,Grass,The Final,5,Djokovic N.,Alcaraz C.,Alcaraz C.,2,3,8360,8130,2.1,1.8,2-6 2-6 6-7,2.5,True,Djokovic,Alcaraz C.,28,Djokovic vs Alcaraz Wimbledon 2024 highlights,64WsO9LKE-A,Carlos Alcaraz vs Novak Djokovic | Final Extended Highlights | Wimbledon 2024,Wimbledon,2024-07-14T17:07:31Z,https://www.youtube.com/watch?v=64WsO9LKE-A,16,"Alcaraz is a singular talent. Truly amazing to watch him. Total Spanish stud, mercy.",132,2024-07-14T18:13:53Z,"{'neg': 0.0, 'neu': 0.449, 'pos': 0.551, 'compound': 0.9055}",0.0,0.449,0.551,0.9055,Positive
Wimbledon,2024-07-14,Grand Slam,Outdoor,Grass,The Final,5,Djokovic N.,Alcaraz C.,Alcaraz C.,2,3,8360,8130,2.1,1.8,2-6 2-6 6-7,2.5,True,Djokovic,Alcaraz C.,28,Djokovic vs Alcaraz Wimbledon 2024 highlights,64WsO9LKE-A,Carlos Alcaraz vs Novak Djokovic | Final Extended Highlights | Wimbledon 2024,Wimbledon,2024-07-14T17:07:31Z,https://www.youtube.com/watch?v=64WsO9LKE-A,17,The fact that Alcaraz is only 21 years old and already a dominant player in the field tells me we will be hearing his name in tennis for years to come! Good on him!,10,2024-07-19T19:04:34Z,"{'neg': 0.0, 'neu': 0.905, 'pos': 0.095, 'compound': 0.5399}",0.0,0.905,0.095,0.5399,Positive
Wimbledon,2024-07-14,Grand Slam,Outdoor,Grass,The Final,5,Djokovic N.,Alcaraz C.,Alcaraz C.,2,3,8360,8130,2.1,1.8,2-6 2-6 6-7,2.5,True,Djokovic,Alcaraz C.,28,Djokovic vs Alcaraz Wimbledon 2024 highlights,64WsO9LKE-A,Carlos Alcaraz vs Novak Djokovic | Final Extended Highlights | Wimbledon 2024,Wimbledon,2024-07-14T17:07:31Z,https://www.youtube.com/watch?v=64WsO9LKE-A,18,Welcome to the Alcaraz/Sinner era it’ll be a fun ride!,197,2024-07-14T17:18:55Z,"{'neg': 0.0, 'neu': 0.548, 'pos': 0.452, 'compound': 0.7644}",0.0,0.548,0.452,0.7644,Positive
Wimbledon,2024-07-14,Grand Slam,Outdoor,Grass,The Final,5,Djokovic N.,Alcaraz C.,Alcaraz C.,2,3,8360,8130,2.1,1.8,2-6 2-6 6-7,2.5,True,Djokovic,Alcaraz C.,28,Djokovic vs Alcaraz Wimbledon 2024 highlights,64WsO9LKE-A,Carlos Alcaraz vs Novak Djokovic | Final Extended Highlights | Wimbledon 2024,Wimbledon,2024-07-14T17:07:31Z,https://www.youtube.com/watch?v=64WsO9LKE-A,19,It amazes me how alcaraz gets almost every ball. Even when I think there’s no chance he can get to it,90,2024-07-14T18:11:33Z,"{'neg': 0.073, 'neu': 0.794, 'pos': 0.134, 'compound': 0.3527}",0.073,0.794,0.134,0.3527,Positive
Wimbledon,2024-07-14,Grand Slam,Outdoor,Grass,The Final,5,Djokovic N.,Alcaraz C.,Alcaraz C.,2,3,8360,8130,2.1,1.8,2-6 2-6 6-7,2.5,True,Djokovic,Alcaraz C.,28,Djokovic vs Alcaraz Wimbledon 2024 highlights,64WsO9LKE-A,Carlos Alcaraz vs Novak Djokovic | Final Extended Highlights | Wimbledon 2024,Wimbledon,2024-07-14T17:07:31Z,https://www.youtube.com/watch?v=64WsO9LKE-A,20,"Djokovic's longevity is crazy. He has never been my favorite, but have to respect all he has done, and for how long.",150,2024-07-14T18:12:00Z,"{'neg': 0.129, 'neu': 0.715, 'pos': 0.156, 'compound': 0.4039}",0.129,0.715,0.156,0.4039,Positive
Wimbledon,2024-07-14,Grand Slam,Outdoor,Grass,The Final,5,Djokovic N.,Alcaraz C.,Alcaraz C.,2,3,8360,8130,2.1,1.8,2-6 2-6 6-7,2.5,True,Djokovic,Alcaraz C.,28,Djokovic vs Alcaraz Wimbledon 2024 highlights,64WsO9LKE-A,Carlos Alcaraz vs Novak Djokovic | Final Extended Highlights | Wimbledon 2024,Wimbledon,2024-07-14T17:07:31Z,https://www.youtube.com/watch?v=64WsO9LKE-A,21,Father time is undefeated.,15,2024-07-14T21:28:42Z,"{'neg': 0.0, 'neu': 1.0, 'pos': 0.0, 'compound': 0.0}",0.0,1.0,0.0,0.0,Neutral
Wimbledon,2024-07-14,Grand Slam,Outdoor,Grass,The Final,5,Djokovic N.,Alcaraz C.,Alcaraz C.,2,3,8360,8130,2.1,1.8,2-6 2-6 6-7,2.5,True,Djokovic,Alcaraz C.,28,Djokovic vs Alcaraz Wimbledon 2024 highlights,64WsO9LKE-A,Carlos Alcaraz vs Novak Djokovic | Final Extended Highlights | Wimbledon 2024,Wimbledon,2024-07-14T17:07:31Z,https://www.youtube.com/watch?v=64WsO9LKE-A,22,Alcaraz is SCARY!! Like seriously what the hell is that!!,15,2024-07-14T23:17:05Z,"{'neg': 0.573, 'neu': 0.301, 'pos': 0.126, 'compound': -0.8721}",0.573,0.301,0.126,-0.8721,Negative
Wimbledon,2024-07-14,Grand Slam,Outdoor,Grass,The Final,5,Djokovic N.,Alcaraz C.,Alcaraz C.,2,3,8360,8130,2.1,1.8,2-6 2-6 6-7,2.5,True,Djokovic,Alcaraz C.,28,Djokovic vs Alcaraz Wimbledon 2024 highlights,64WsO9LKE-A,Carlos Alcaraz vs Novak Djokovic | Final Extended Highlights | Wimbledon 2024,Wimbledon,2024-07-14T17:07:31Z,https://www.youtube.com/watch?v=64WsO9LKE-A,23,I love this Alcaraz I wish him more successes and many slams and titles,7,2024-07-21T10:52:01Z,"{'neg': 0.0, 'neu': 0.505, 'pos': 0.495, 'compound': 0.8955}",0.0,0.505,0.495,0.8955,Positive
Wimbledon,2024-07-14,Grand Slam,Outdoor,Grass,The Final,5,Djokovic N.,Alcaraz C.,Alcaraz C.,2,3,8360,8130,2.1,1.8,2-6 2-6 6-7,2.5,True,Djokovic,Alcaraz C.,28,Djokovic vs Alcaraz Wimbledon 2024 highlights,64WsO9LKE-A,Carlos Alcaraz vs Novak Djokovic | Final Extended Highlights | Wimbledon 2024,Wimbledon,2024-07-14T17:07:31Z,https://www.youtube.com/watch?v=64WsO9LKE-A,24,El nacimiento de un grande contra la salida de otro grande.,14,2024-07-14T17:38:54Z,"{'neg': 0.0, 'neu': 1.0, 'pos': 0.0, 'compound': 0.0}",0.0,1.0,0.0,0.0,Neutral
Wimbledon,2024-07-14,Grand Slam,Outdoor,Grass,The Final,5,Djokovic N.,Alcaraz C.,Alcaraz C.,2,3,8360,8130,2.1,1.8,2-6 2-6 6-7,2.5,True,Djokovic,Alcaraz C.,28,Djokovic vs Alcaraz Wimbledon 2024 highlights,64WsO9LKE-A,Carlos Alcaraz vs Novak Djokovic | Final Extended Highlights | Wimbledon 2024,Wimbledon,2024-07-14T17:07:31Z,https://www.youtube.com/watch?v=64WsO9LKE-A,25,Sunday ... 14.07.2024 .. a Day for Spain to remember .. Wimbledon and EURO 2024 💛❤,42,2024-07-14T22:25:28Z,"{'neg': 0.0, 'neu': 0.669, 'pos': 0.331, 'compound': 0.8555}",0.0,0.669,0.331,0.8555,Positive
Monte Carlo Masters,2024-04-13,Masters 1000,Outdoor,Clay,Semifinals,3,Ruud C.,Djokovic N.,Ruud C.,10,1,3465,9725,3.0,1.4,6-4 1-6 6-4,5.5,True,Djokovic,Ruud C.,29,Ruud vs Djokovic Monte Carlo Masters 2024 highlights,oCK1ad_H_Y4,Casper Ruud STUNS Novak Djokovic For Biggest Ever Win | Monte Carlo 2024 Semi-Final Highlights,Tennis TV,2024-04-13T17:36:15Z,https://www.youtube.com/watch?v=oCK1ad_H_Y4,1,this is a huge W for one of the nicest and most humble guys on tour. hope he brings it home tomorrow 🙏,683,2024-04-13T17:48:48Z,"{'neg': 0.0, 'neu': 0.714, 'pos': 0.286, 'compound': 0.8126}",0.0,0.714,0.286,0.8126,Positive
Monte Carlo Masters,2024-04-13,Masters 1000,Outdoor,Clay,Semifinals,3,Ruud C.,Djokovic N.,Ruud C.,10,1,3465,9725,3.0,1.4,6-4 1-6 6-4,5.5,True,Djokovic,Ruud C.,29,Ruud vs Djokovic Monte Carlo Masters 2024 highlights,oCK1ad_H_Y4,Casper Ruud STUNS Novak Djokovic For Biggest Ever Win | Monte Carlo 2024 Semi-Final Highlights,Tennis TV,2024-04-13T17:36:15Z,https://www.youtube.com/watch?v=oCK1ad_H_Y4,2,From 4-4 to match point? where are the highlights that decided the match to get Ruud to match point? Seriously Tennis TV?,1674,2024-04-13T17:45:15Z,"{'neg': 0.096, 'neu': 0.904, 'pos': 0.0, 'compound': -0.3049}",0.096,0.904,0.0,-0.3049,Negative
Monte Carlo Masters,2024-04-13,Masters 1000,Outdoor,Clay,Semifinals,3,Ruud C.,Djokovic N.,Ruud C.,10,1,3465,9725,3.0,1.4,6-4 1-6 6-4,5.5,True,Djokovic,Ruud C.,29,Ruud vs Djokovic Monte Carlo Masters 2024 highlights,oCK1ad_H_Y4,Casper Ruud STUNS Novak Djokovic For Biggest Ever Win | Monte Carlo 2024 Semi-Final Highlights,Tennis TV,2024-04-13T17:36:15Z,https://www.youtube.com/watch?v=oCK1ad_H_Y4,3,Players like Casper showing such a mental resolve against such giants of the game is pretty satisfying,158,2024-04-13T17:47:35Z,"{'neg': 0.0, 'neu': 0.535, 'pos': 0.465, 'compound': 0.8834}",0.0,0.535,0.465,0.8834,Positive
Monte Carlo Masters,2024-04-13,Masters 1000,Outdoor,Clay,Semifinals,3,Ruud C.,Djokovic N.,Ruud C.,10,1,3465,9725,3.0,1.4,6-4 1-6 6-4,5.5,True,Djokovic,Ruud C.,29,Ruud vs Djokovic Monte Carlo Masters 2024 highlights,oCK1ad_H_Y4,Casper Ruud STUNS Novak Djokovic For Biggest Ever Win | Monte Carlo 2024 Semi-Final Highlights,Tennis TV,2024-04-13T17:36:15Z,https://www.youtube.com/watch?v=oCK1ad_H_Y4,4,Casper is one of the most endearing players of all time. He finally gets the sense of achievement he has long deserved.,317,2024-04-13T17:55:21Z,"{'neg': 0.0, 'neu': 1.0, 'pos': 0.0, 'compound': 0.0}",0.0,1.0,0.0,0.0,Neutral
Monte Carlo Masters,2024-04-13,Masters 1000,Outdoor,Clay,Semifinals,3,Ruud C.,Djokovic N.,Ruud C.,10,1,3465,9725,3.0,1.4,6-4 1-6 6-4,5.5,True,Djokovic,Ruud C.,29,Ruud vs Djokovic Monte Carlo Masters 2024 highlights,oCK1ad_H_Y4,Casper Ruud STUNS Novak Djokovic For Biggest Ever Win | Monte Carlo 2024 Semi-Final Highlights,Tennis TV,2024-04-13T17:36:15Z,https://www.youtube.com/watch?v=oCK1ad_H_Y4,5,"My favorite sentence: ""A lot depends on how the match goes."" 😂",230,2024-04-13T17:43:31Z,"{'neg': 0.086, 'neu': 0.545, 'pos': 0.368, 'compound': 0.7351}",0.086,0.545,0.368,0.7351,Positive
Monte Carlo Masters,2024-04-13,Masters 1000,Outdoor,Clay,Semifinals,3,Ruud C.,Djokovic N.,Ruud C.,10,1,3465,9725,3.0,1.4,6-4 1-6 6-4,5.5,True,Djokovic,Ruud C.,29,Ruud vs Djokovic Monte Carlo Masters 2024 highlights,oCK1ad_H_Y4,Casper Ruud STUNS Novak Djokovic For Biggest Ever Win | Monte Carlo 2024 Semi-Final Highlights,Tennis TV,2024-04-13T17:36:15Z,https://www.youtube.com/watch?v=oCK1ad_H_Y4,6,"What I like about Casper is that he is never rude! He is the quite the gentlemen and he's been playing reaslly well this week.  As for Novak, yes he lost, but he seems to be recovering his form. Interesting to see how he does in the rest of clay court season and Roland Garros.",309,2024-04-13T17:46:50Z,"{'neg': 0.027, 'neu': 0.777, 'pos': 0.196, 'compound': 0.8167}",0.027,0.777,0.196,0.8167,Positive
Monte Carlo Masters,2024-04-13,Masters 1000,Outdoor,Clay,Semifinals,3,Ruud C.,Djokovic N.,Ruud C.,10,1,3465,9725,3.0,1.4,6-4 1-6 6-4,5.5,True,Djokovic,Ruud C.,29,Ruud vs Djokovic Monte Carlo Masters 2024 highlights,oCK1ad_H_Y4,Casper Ruud STUNS Novak Djokovic For Biggest Ever Win | Monte Carlo 2024 Semi-Final Highlights,Tennis TV,2024-04-13T17:36:15Z,https://www.youtube.com/watch?v=oCK1ad_H_Y4,7,ruud backhand is something else this time round,72,2024-04-13T17:46:45Z,"{'neg': 0.0, 'neu': 1.0, 'pos': 0.0, 'compound': 0.0}",0.0,1.0,0.0,0.0,Neutral
Monte Carlo Masters,2024-04-13,Masters 1000,Outdoor,Clay,Semifinals,3,Ruud C.,Djokovic N.,Ruud C.,10,1,3465,9725,3.0,1.4,6-4 1-6 6-4,5.5,True,Djokovic,Ruud C.,29,Ruud vs Djokovic Monte Carlo Masters 2024 highlights,oCK1ad_H_Y4,Casper Ruud STUNS Novak Djokovic For Biggest Ever Win | Monte Carlo 2024 Semi-Final Highlights,Tennis TV,2024-04-13T17:36:15Z,https://www.youtube.com/watch?v=oCK1ad_H_Y4,8,Wanted to see that 4-4 40-30 point in the 3rd set 😢 Ruud defense was amazing,54,2024-04-13T18:23:45Z,"{'neg': 0.138, 'neu': 0.625, 'pos': 0.237, 'compound': 0.296}",0.138,0.625,0.237,0.296,Positive
Monte Carlo Masters,2024-04-13,Masters 1000,Outdoor,Clay,Semifinals,3,Ruud C.,Djokovic N.,Ruud C.,10,1,3465,9725,3.0,1.4,6-4 1-6 6-4,5.5,True,Djokovic,Ruud C.,29,Ruud vs Djokovic Monte Carlo Masters 2024 highlights,oCK1ad_H_Y4,Casper Ruud STUNS Novak Djokovic For Biggest Ever Win | Monte Carlo 2024 Semi-Final Highlights,Tennis TV,2024-04-13T17:36:15Z,https://www.youtube.com/watch?v=oCK1ad_H_Y4,9,"And now I want Ruud wins the final. I hope he wins, because he deserves it.
Great match.",15,2024-04-13T19:11:00Z,"{'neg': 0.0, 'neu': 0.453, 'pos': 0.547, 'compound': 0.9403}",0.0,0.453,0.547,0.9403,Positive
Monte Carlo Masters,2024-04-13,Masters 1000,Outdoor,Clay,Semifinals,3,Ruud C.,Djokovic N.,Ruud C.,10,1,3465,9725,3.0,1.4,6-4 1-6 6-4,5.5,True,Djokovic,Ruud C.,29,Ruud vs Djokovic Monte Carlo Masters 2024 highlights,oCK1ad_H_Y4,Casper Ruud STUNS Novak Djokovic For Biggest Ever Win | Monte Carlo 2024 Semi-Final Highlights,Tennis TV,2024-04-13T17:36:15Z,https://www.youtube.com/watch?v=oCK1ad_H_Y4,10,I am super happy for him he really needs that victory and hope winning the final ❤️,22,2024-04-13T17:38:28Z,"{'neg': 0.0, 'neu': 0.502, 'pos': 0.498, 'compound': 0.9313}",0.0,0.502,0.498,0.9313,Positive
Monte Carlo Masters,2024-04-13,Masters 1000,Outdoor,Clay,Semifinals,3,Ruud C.,Djokovic N.,Ruud C.,10,1,3465,9725,3.0,1.4,6-4 1-6 6-4,5.5,True,Djokovic,Ruud C.,29,Ruud vs Djokovic Monte Carlo Masters 2024 highlights,oCK1ad_H_Y4,Casper Ruud STUNS Novak Djokovic For Biggest Ever Win | Monte Carlo 2024 Semi-Final Highlights,Tennis TV,2024-04-13T17:36:15Z,https://www.youtube.com/watch?v=oCK1ad_H_Y4,11,Caspers backhand has improved this year. The depth on that shot won him this match. Had Novak backing up way more than usual. It wasn't Novak getting old or not playing well. Casper just played better today. Him and Stefanos like the extra time on this surface.,15,2024-04-13T22:23:54Z,"{'neg': 0.059, 'neu': 0.671, 'pos': 0.27, 'compound': 0.9061}",0.059,0.671,0.27,0.9061,Positive
Monte Carlo Masters,2024-04-13,Masters 1000,Outdoor,Clay,Semifinals,3,Ruud C.,Djokovic N.,Ruud C.,10,1,3465,9725,3.0,1.4,6-4 1-6 6-4,5.5,True,Djokovic,Ruud C.,29,Ruud vs Djokovic Monte Carlo Masters 2024 highlights,oCK1ad_H_Y4,Casper Ruud STUNS Novak Djokovic For Biggest Ever Win | Monte Carlo 2024 Semi-Final Highlights,Tennis TV,2024-04-13T17:36:15Z,https://www.youtube.com/watch?v=oCK1ad_H_Y4,12,Ruud for the win tmr,58,2024-04-13T17:38:13Z,"{'neg': 0.0, 'neu': 0.513, 'pos': 0.487, 'compound': 0.5859}",0.0,0.513,0.487,0.5859,Positive
Monte Carlo Masters,2024-04-13,Masters 1000,Outdoor,Clay,Semifinals,3,Ruud C.,Djokovic N.,Ruud C.,10,1,3465,9725,3.0,1.4,6-4 1-6 6-4,5.5,True,Djokovic,Ruud C.,29,Ruud vs Djokovic Monte Carlo Masters 2024 highlights,oCK1ad_H_Y4,Casper Ruud STUNS Novak Djokovic For Biggest Ever Win | Monte Carlo 2024 Semi-Final Highlights,Tennis TV,2024-04-13T17:36:15Z,https://www.youtube.com/watch?v=oCK1ad_H_Y4,13,"Well played Ruud,I'm super happy for you❤",8,2024-04-13T18:17:30Z,"{'neg': 0.0, 'neu': 0.197, 'pos': 0.803, 'compound': 0.946}",0.0,0.197,0.803,0.946,Positive
Monte Carlo Masters,2024-04-13,Masters 1000,Outdoor,Clay,Semifinals,3,Ruud C.,Djokovic N.,Ruud C.,10,1,3465,9725,3.0,1.4,6-4 1-6 6-4,5.5,True,Djokovic,Ruud C.,29,Ruud vs Djokovic Monte Carlo Masters 2024 highlights,oCK1ad_H_Y4,Casper Ruud STUNS Novak Djokovic For Biggest Ever Win | Monte Carlo 2024 Semi-Final Highlights,Tennis TV,2024-04-13T17:36:15Z,https://www.youtube.com/watch?v=oCK1ad_H_Y4,14,"Ruud is my favourite player, hope he finally get a W in the final. Go Ruud!",8,2024-04-13T17:53:42Z,"{'neg': 0.0, 'neu': 0.825, 'pos': 0.175, 'compound': 0.4926}",0.0,0.825,0.175,0.4926,Positive
Monte Carlo Masters,2024-04-13,Masters 1000,Outdoor,Clay,Semifinals,3,Ruud C.,Djokovic N.,Ruud C.,10,1,3465,9725,3.0,1.4,6-4 1-6 6-4,5.5,True,Djokovic,Ruud C.,29,Ruud vs Djokovic Monte Carlo Masters 2024 highlights,oCK1ad_H_Y4,Casper Ruud STUNS Novak Djokovic For Biggest Ever Win | Monte Carlo 2024 Semi-Final Highlights,Tennis TV,2024-04-13T17:36:15Z,https://www.youtube.com/watch?v=oCK1ad_H_Y4,15,Hope Ruud wins it tomorrow. He deserves it. Been to multiple French open finals and came up short. This could be his breakthrough year for his best surface.,6,2024-04-13T18:22:37Z,"{'neg': 0.0, 'neu': 0.698, 'pos': 0.302, 'compound': 0.8957}",0.0,0.698,0.302,0.8957,Positive
Monte Carlo Masters,2024-04-13,Masters 1000,Outdoor,Clay,Semifinals,3,Ruud C.,Djokovic N.,Ruud C.,10,1,3465,9725,3.0,1.4,6-4 1-6 6-4,5.5,True,Djokovic,Ruud C.,29,Ruud vs Djokovic Monte Carlo Masters 2024 highlights,oCK1ad_H_Y4,Casper Ruud STUNS Novak Djokovic For Biggest Ever Win | Monte Carlo 2024 Semi-Final Highlights,Tennis TV,2024-04-13T17:36:15Z,https://www.youtube.com/watch?v=oCK1ad_H_Y4,16,"Very happy for Ruud.  Have been watching him be a stalwart on clay courts especially.  His record shows that in the last 4 years now, he has the beat winning record on clay.  He totally deserves to be in th final at Monte Carlo.  Cannot pick a winner however.",5,2024-04-13T17:47:16Z,"{'neg': 0.054, 'neu': 0.815, 'pos': 0.131, 'compound': 0.6509}",0.054,0.815,0.131,0.6509,Positive
Monte Carlo Masters,2024-04-13,Masters 1000,Outdoor,Clay,Semifinals,3,Ruud C.,Djokovic N.,Ruud C.,10,1,3465,9725,3.0,1.4,6-4 1-6 6-4,5.5,True,Djokovic,Ruud C.,29,Ruud vs Djokovic Monte Carlo Masters 2024 highlights,oCK1ad_H_Y4,Casper Ruud STUNS Novak Djokovic For Biggest Ever Win | Monte Carlo 2024 Semi-Final Highlights,Tennis TV,2024-04-13T17:36:15Z,https://www.youtube.com/watch?v=oCK1ad_H_Y4,17,Clay Court Casper strikes again!,37,2024-04-13T17:37:19Z,"{'neg': 0.411, 'neu': 0.589, 'pos': 0.0, 'compound': -0.4199}",0.411,0.589,0.0,-0.4199,Negative
Monte Carlo Masters,2024-04-13,Masters 1000,Outdoor,Clay,Semifinals,3,Ruud C.,Djokovic N.,Ruud C.,10,1,3465,9725,3.0,1.4,6-4 1-6 6-4,5.5,True,Djokovic,Ruud C.,29,Ruud vs Djokovic Monte Carlo Masters 2024 highlights,oCK1ad_H_Y4,Casper Ruud STUNS Novak Djokovic For Biggest Ever Win | Monte Carlo 2024 Semi-Final Highlights,Tennis TV,2024-04-13T17:36:15Z,https://www.youtube.com/watch?v=oCK1ad_H_Y4,18,"Hey TennisTV, please STOP giving away the winner in the title or thumbnails going forward. Us tennis fans want to watch without SPOILERS!!!!!!",50,2024-04-13T17:53:49Z,"{'neg': 0.092, 'neu': 0.564, 'pos': 0.344, 'compound': 0.7926}",0.092,0.564,0.344,0.7926,Positive
Monte Carlo Masters,2024-04-13,Masters 1000,Outdoor,Clay,Semifinals,3,Ruud C.,Djokovic N.,Ruud C.,10,1,3465,9725,3.0,1.4,6-4 1-6 6-4,5.5,True,Djokovic,Ruud C.,29,Ruud vs Djokovic Monte Carlo Masters 2024 highlights,oCK1ad_H_Y4,Casper Ruud STUNS Novak Djokovic For Biggest Ever Win | Monte Carlo 2024 Semi-Final Highlights,Tennis TV,2024-04-13T17:36:15Z,https://www.youtube.com/watch?v=oCK1ad_H_Y4,19,"I can't recall Djokovic double faulting at matchpoint down, so many mistakes today. Djokovic is still struggling to regain his top form, but he is slowly improving. Good to see he went to the semis for the first time in 9 years which is a crazy stat for him I'm sure. My guess is he will be in GS winning shape when RG starts.",33,2024-04-13T18:12:41Z,"{'neg': 0.107, 'neu': 0.687, 'pos': 0.206, 'compound': 0.8723}",0.107,0.687,0.206,0.8723,Positive
Monte Carlo Masters,2024-04-13,Masters 1000,Outdoor,Clay,Semifinals,3,Ruud C.,Djokovic N.,Ruud C.,10,1,3465,9725,3.0,1.4,6-4 1-6 6-4,5.5,True,Djokovic,Ruud C.,29,Ruud vs Djokovic Monte Carlo Masters 2024 highlights,oCK1ad_H_Y4,Casper Ruud STUNS Novak Djokovic For Biggest Ever Win | Monte Carlo 2024 Semi-Final Highlights,Tennis TV,2024-04-13T17:36:15Z,https://www.youtube.com/watch?v=oCK1ad_H_Y4,20,Please don't give away the result in the title. Thanks so much for posting this amazing match!!,6,2024-04-13T22:12:11Z,"{'neg': 0.0, 'neu': 0.577, 'pos': 0.423, 'compound': 0.8829}",0.0,0.577,0.423,0.8829,Positive
Monte Carlo Masters,2024-04-13,Masters 1000,Outdoor,Clay,Semifinals,3,Ruud C.,Djokovic N.,Ruud C.,10,1,3465,9725,3.0,1.4,6-4 1-6 6-4,5.5,True,Djokovic,Ruud C.,29,Ruud vs Djokovic Monte Carlo Masters 2024 highlights,oCK1ad_H_Y4,Casper Ruud STUNS Novak Djokovic For Biggest Ever Win | Monte Carlo 2024 Semi-Final Highlights,Tennis TV,2024-04-13T17:36:15Z,https://www.youtube.com/watch?v=oCK1ad_H_Y4,21,"Even Ruud was in disbelief that he has finally defeated Nole. his backhand has really improved. Very well deserved and kept his nerve after being broken in the 8th game of final set.
I am glad that Nole was striking the ball really well and glimpses of prime Nole were visible. However, his serve in the whole tournament proved to be quite vulnerable which very unlike Nole as its always been pretty consistent and fires at key moments.",33,2024-04-13T18:00:05Z,"{'neg': 0.09, 'neu': 0.752, 'pos': 0.157, 'compound': 0.7391}",0.09,0.752,0.157,0.7391,Positive
Monte Carlo Masters,2024-04-13,Masters 1000,Outdoor,Clay,Semifinals,3,Ruud C.,Djokovic N.,Ruud C.,10,1,3465,9725,3.0,1.4,6-4 1-6 6-4,5.5,True,Djokovic,Ruud C.,29,Ruud vs Djokovic Monte Carlo Masters 2024 highlights,oCK1ad_H_Y4,Casper Ruud STUNS Novak Djokovic For Biggest Ever Win | Monte Carlo 2024 Semi-Final Highlights,Tennis TV,2024-04-13T17:36:15Z,https://www.youtube.com/watch?v=oCK1ad_H_Y4,22,Hooray for the nicest and classiest guy in tennis!,3,2024-04-13T18:39:27Z,"{'neg': 0.0, 'neu': 0.508, 'pos': 0.492, 'compound': 0.7777}",0.0,0.508,0.492,0.7777,Positive
Monte Carlo Masters,2024-04-13,Masters 1000,Outdoor,Clay,Semifinals,3,Ruud C.,Djokovic N.,Ruud C.,10,1,3465,9725,3.0,1.4,6-4 1-6 6-4,5.5,True,Djokovic,Ruud C.,29,Ruud vs Djokovic Monte Carlo Masters 2024 highlights,oCK1ad_H_Y4,Casper Ruud STUNS Novak Djokovic For Biggest Ever Win | Monte Carlo 2024 Semi-Final Highlights,Tennis TV,2024-04-13T17:36:15Z,https://www.youtube.com/watch?v=oCK1ad_H_Y4,23,Humble in the biggest win of his career. ❤❤,2,2024-04-13T19:10:00Z,"{'neg': 0.0, 'neu': 0.425, 'pos': 0.575, 'compound': 0.9217}",0.0,0.425,0.575,0.9217,Positive
Monte Carlo Masters,2024-04-13,Masters 1000,Outdoor,Clay,Semifinals,3,Ruud C.,Djokovic N.,Ruud C.,10,1,3465,9725,3.0,1.4,6-4 1-6 6-4,5.5,True,Djokovic,Ruud C.,29,Ruud vs Djokovic Monte Carlo Masters 2024 highlights,oCK1ad_H_Y4,Casper Ruud STUNS Novak Djokovic For Biggest Ever Win | Monte Carlo 2024 Semi-Final Highlights,Tennis TV,2024-04-13T17:36:15Z,https://www.youtube.com/watch?v=oCK1ad_H_Y4,24,"Ruud's problem is that when he's pressured he doesn't push enough (especially with the backhand, where he tends to slice more), otherwise he's a great player, I hope this win gives him enough confidence to win tournaments other than ATP250s",6,2024-04-13T17:44:53Z,"{'neg': 0.082, 'neu': 0.587, 'pos': 0.331, 'compound': 0.9432}",0.082,0.587,0.331,0.9432,Positive
Monte Carlo Masters,2024-04-13,Masters 1000,Outdoor,Clay,Semifinals,3,Ruud C.,Djokovic N.,Ruud C.,10,1,3465,9725,3.0,1.4,6-4 1-6 6-4,5.5,True,Djokovic,Ruud C.,29,Ruud vs Djokovic Monte Carlo Masters 2024 highlights,oCK1ad_H_Y4,Casper Ruud STUNS Novak Djokovic For Biggest Ever Win | Monte Carlo 2024 Semi-Final Highlights,Tennis TV,2024-04-13T17:36:15Z,https://www.youtube.com/watch?v=oCK1ad_H_Y4,25,Well done Ruud.,15,2024-04-13T17:44:37Z,"{'neg': 0.0, 'neu': 0.488, 'pos': 0.512, 'compound': 0.2732}",0.0,0.488,0.512,0.2732,Positive
Australian Open,2024-01-26,Grand Slam,Outdoor,Hard,Semifinals,5,Djokovic N.,Sinner J.,Sinner J.,1,4,11055,6490,1.5,2.63,1-6 2-6 7-6 3-6,2.5,True,Djokovic,Sinner J.,30,Djokovic vs Sinner Australian Open 2024 highlights,d8ICgsnZHrU,Novak Djokovic v Jannik Sinner Extended Highlights | Australian Open 2024 Semifinal,Australian Open,2024-01-26T08:45:02Z,https://www.youtube.com/watch?v=d8ICgsnZHrU,1,What just happened! Sinner take a bow. That was one of the most mature performances. Absolutely intelligent and flawless tennis.,1926,2024-01-26T08:57:34Z,"{'neg': 0.0, 'neu': 0.624, 'pos': 0.376, 'compound': 0.8818}",0.0,0.624,0.376,0.8818,Positive
Australian Open,2024-01-26,Grand Slam,Outdoor,Hard,Semifinals,5,Djokovic N.,Sinner J.,Sinner J.,1,4,11055,6490,1.5,2.63,1-6 2-6 7-6 3-6,2.5,True,Djokovic,Sinner J.,30,Djokovic vs Sinner Australian Open 2024 highlights,d8ICgsnZHrU,Novak Djokovic v Jannik Sinner Extended Highlights | Australian Open 2024 Semifinal,Australian Open,2024-01-26T08:45:02Z,https://www.youtube.com/watch?v=d8ICgsnZHrU,2,Absolutely flawless tournament from Sinner so far. This is his time to win his first major.,1468,2024-01-26T08:56:24Z,"{'neg': 0.0, 'neu': 0.654, 'pos': 0.346, 'compound': 0.8122}",0.0,0.654,0.346,0.8122,Positive
Australian Open,2024-01-26,Grand Slam,Outdoor,Hard,Semifinals,5,Djokovic N.,Sinner J.,Sinner J.,1,4,11055,6490,1.5,2.63,1-6 2-6 7-6 3-6,2.5,True,Djokovic,Sinner J.,30,Djokovic vs Sinner Australian Open 2024 highlights,d8ICgsnZHrU,Novak Djokovic v Jannik Sinner Extended Highlights | Australian Open 2024 Semifinal,Australian Open,2024-01-26T08:45:02Z,https://www.youtube.com/watch?v=d8ICgsnZHrU,3,It's time for Jannik Sinner to win his first GS.   He played like a real champion against Novak.,730,2024-01-26T10:31:18Z,"{'neg': 0.0, 'neu': 0.526, 'pos': 0.474, 'compound': 0.9118}",0.0,0.526,0.474,0.9118,Positive
Australian Open,2024-01-26,Grand Slam,Outdoor,Hard,Semifinals,5,Djokovic N.,Sinner J.,Sinner J.,1,4,11055,6490,1.5,2.63,1-6 2-6 7-6 3-6,2.5,True,Djokovic,Sinner J.,30,Djokovic vs Sinner Australian Open 2024 highlights,d8ICgsnZHrU,Novak Djokovic v Jannik Sinner Extended Highlights | Australian Open 2024 Semifinal,Australian Open,2024-01-26T08:45:02Z,https://www.youtube.com/watch?v=d8ICgsnZHrU,4,The physical strength and determination of young Jannik was too good. He didn’t get overwhelmed after losing the 3rd set.,456,2024-01-26T12:47:27Z,"{'neg': 0.094, 'neu': 0.543, 'pos': 0.362, 'compound': 0.7506}",0.094,0.543,0.362,0.7506,Positive
Australian Open,2024-01-26,Grand Slam,Outdoor,Hard,Semifinals,5,Djokovic N.,Sinner J.,Sinner J.,1,4,11055,6490,1.5,2.63,1-6 2-6 7-6 3-6,2.5,True,Djokovic,Sinner J.,30,Djokovic vs Sinner Australian Open 2024 highlights,d8ICgsnZHrU,Novak Djokovic v Jannik Sinner Extended Highlights | Australian Open 2024 Semifinal,Australian Open,2024-01-26T08:45:02Z,https://www.youtube.com/watch?v=d8ICgsnZHrU,5,"Jannik's key to success was his ability to return Novak's serves! He made sure that almost every service game of Novak's was a struggle! Over that, Jannik was serving incredibly well..! The fact that Sinner didn't face a single break point is absolutely insane!

I think this is Jannik's title to lose no matter who he faces in final showdown!",569,2024-01-26T10:01:43Z,"{'neg': 0.124, 'neu': 0.713, 'pos': 0.163, 'compound': 0.5851}",0.124,0.713,0.163,0.5851,Positive
Australian Open,2024-01-26,Grand Slam,Outdoor,Hard,Semifinals,5,Djokovic N.,Sinner J.,Sinner J.,1,4,11055,6490,1.5,2.63,1-6 2-6 7-6 3-6,2.5,True,Djokovic,Sinner J.,30,Djokovic vs Sinner Australian Open 2024 highlights,d8ICgsnZHrU,Novak Djokovic v Jannik Sinner Extended Highlights | Australian Open 2024 Semifinal,Australian Open,2024-01-26T08:45:02Z,https://www.youtube.com/watch?v=d8ICgsnZHrU,6,“It’s a 40-0 and maybe it’s not gonna change…” transition to Sinner actually breaking at 6:32 is just beautiful lol,320,2024-01-26T22:52:32Z,"{'neg': 0.0, 'neu': 0.729, 'pos': 0.271, 'compound': 0.7717}",0.0,0.729,0.271,0.7717,Positive
Australian Open,2024-01-26,Grand Slam,Outdoor,Hard,Semifinals,5,Djokovic N.,Sinner J.,Sinner J.,1,4,11055,6490,1.5,2.63,1-6 2-6 7-6 3-6,2.5,True,Djokovic,Sinner J.,30,Djokovic vs Sinner Australian Open 2024 highlights,d8ICgsnZHrU,Novak Djokovic v Jannik Sinner Extended Highlights | Australian Open 2024 Semifinal,Australian Open,2024-01-26T08:45:02Z,https://www.youtube.com/watch?v=d8ICgsnZHrU,7,Who's here after Sinner won his second AO?,134,2025-01-26T12:21:04Z,"{'neg': 0.0, 'neu': 0.654, 'pos': 0.346, 'compound': 0.5719}",0.0,0.654,0.346,0.5719,Positive
Australian Open,2024-01-26,Grand Slam,Outdoor,Hard,Semifinals,5,Djokovic N.,Sinner J.,Sinner J.,1,4,11055,6490,1.5,2.63,1-6 2-6 7-6 3-6,2.5,True,Djokovic,Sinner J.,30,Djokovic vs Sinner Australian Open 2024 highlights,d8ICgsnZHrU,Novak Djokovic v Jannik Sinner Extended Highlights | Australian Open 2024 Semifinal,Australian Open,2024-01-26T08:45:02Z,https://www.youtube.com/watch?v=d8ICgsnZHrU,8,"even when your up 2 sets against novak , i hold my breath , its like killing the terminator. Sinner your awesome...",197,2024-01-26T11:16:48Z,"{'neg': 0.147, 'neu': 0.633, 'pos': 0.22, 'compound': 0.296}",0.147,0.633,0.22,0.296,Positive
Australian Open,2024-01-26,Grand Slam,Outdoor,Hard,Semifinals,5,Djokovic N.,Sinner J.,Sinner J.,1,4,11055,6490,1.5,2.63,1-6 2-6 7-6 3-6,2.5,True,Djokovic,Sinner J.,30,Djokovic vs Sinner Australian Open 2024 highlights,d8ICgsnZHrU,Novak Djokovic v Jannik Sinner Extended Highlights | Australian Open 2024 Semifinal,Australian Open,2024-01-26T08:45:02Z,https://www.youtube.com/watch?v=d8ICgsnZHrU,9,"Increible this man, Sinner... .the best part..... ""the low profile dude."" AWESOME!!!!!!!....... HE DOES NOT MAKE A SOUND.... .AND THAT'S SINNERSATIONAL!!!!!!",295,2024-01-26T09:54:06Z,"{'neg': 0.069, 'neu': 0.594, 'pos': 0.337, 'compound': 0.8779}",0.069,0.594,0.337,0.8779,Positive
Australian Open,2024-01-26,Grand Slam,Outdoor,Hard,Semifinals,5,Djokovic N.,Sinner J.,Sinner J.,1,4,11055,6490,1.5,2.63,1-6 2-6 7-6 3-6,2.5,True,Djokovic,Sinner J.,30,Djokovic vs Sinner Australian Open 2024 highlights,d8ICgsnZHrU,Novak Djokovic v Jannik Sinner Extended Highlights | Australian Open 2024 Semifinal,Australian Open,2024-01-26T08:45:02Z,https://www.youtube.com/watch?v=d8ICgsnZHrU,10,He thought he'd come back in and win in 5 but Sinner said: no your days are numbered,13,2024-06-12T22:50:36Z,"{'neg': 0.132, 'neu': 0.755, 'pos': 0.113, 'compound': -0.1027}",0.132,0.755,0.113,-0.1027,Negative
Australian Open,2024-01-26,Grand Slam,Outdoor,Hard,Semifinals,5,Djokovic N.,Sinner J.,Sinner J.,1,4,11055,6490,1.5,2.63,1-6 2-6 7-6 3-6,2.5,True,Djokovic,Sinner J.,30,Djokovic vs Sinner Australian Open 2024 highlights,d8ICgsnZHrU,Novak Djokovic v Jannik Sinner Extended Highlights | Australian Open 2024 Semifinal,Australian Open,2024-01-26T08:45:02Z,https://www.youtube.com/watch?v=d8ICgsnZHrU,11,Djokovic played really afraid but sinner just played unbelievable. What was amazing was how well sinner was able to maintain his level through the entire match.,24,2024-01-27T06:32:02Z,"{'neg': 0.0, 'neu': 0.586, 'pos': 0.414, 'compound': 0.9306}",0.0,0.586,0.414,0.9306,Positive
Australian Open,2024-01-26,Grand Slam,Outdoor,Hard,Semifinals,5,Djokovic N.,Sinner J.,Sinner J.,1,4,11055,6490,1.5,2.63,1-6 2-6 7-6 3-6,2.5,True,Djokovic,Sinner J.,30,Djokovic vs Sinner Australian Open 2024 highlights,d8ICgsnZHrU,Novak Djokovic v Jannik Sinner Extended Highlights | Australian Open 2024 Semifinal,Australian Open,2024-01-26T08:45:02Z,https://www.youtube.com/watch?v=d8ICgsnZHrU,12,"Wow, Sinner the winner! Djokovic wasn't beaten, he was blown away",10,2024-01-27T12:05:52Z,"{'neg': 0.0, 'neu': 0.439, 'pos': 0.561, 'compound': 0.8813}",0.0,0.439,0.561,0.8813,Positive
Australian Open,2024-01-26,Grand Slam,Outdoor,Hard,Semifinals,5,Djokovic N.,Sinner J.,Sinner J.,1,4,11055,6490,1.5,2.63,1-6 2-6 7-6 3-6,2.5,True,Djokovic,Sinner J.,30,Djokovic vs Sinner Australian Open 2024 highlights,d8ICgsnZHrU,Novak Djokovic v Jannik Sinner Extended Highlights | Australian Open 2024 Semifinal,Australian Open,2024-01-26T08:45:02Z,https://www.youtube.com/watch?v=d8ICgsnZHrU,13,Sinner is no joke... dude's a force of nature.  Relentless!!!,18,2024-01-26T23:16:36Z,"{'neg': 0.231, 'neu': 0.669, 'pos': 0.1, 'compound': -0.3744}",0.231,0.669,0.1,-0.3744,Negative
Australian Open,2024-01-26,Grand Slam,Outdoor,Hard,Semifinals,5,Djokovic N.,Sinner J.,Sinner J.,1,4,11055,6490,1.5,2.63,1-6 2-6 7-6 3-6,2.5,True,Djokovic,Sinner J.,30,Djokovic vs Sinner Australian Open 2024 highlights,d8ICgsnZHrU,Novak Djokovic v Jannik Sinner Extended Highlights | Australian Open 2024 Semifinal,Australian Open,2024-01-26T08:45:02Z,https://www.youtube.com/watch?v=d8ICgsnZHrU,14,"In 2023 Wimbledon open, carlos defeated novak after 2195 days in Wimbledon 
In 2024 AO, sinner defeated novak after 2195 days in australia",233,2024-01-26T08:47:58Z,"{'neg': 0.228, 'neu': 0.772, 'pos': 0.0, 'compound': -0.7351}",0.228,0.772,0.0,-0.7351,Negative
Australian Open,2024-01-26,Grand Slam,Outdoor,Hard,Semifinals,5,Djokovic N.,Sinner J.,Sinner J.,1,4,11055,6490,1.5,2.63,1-6 2-6 7-6 3-6,2.5,True,Djokovic,Sinner J.,30,Djokovic vs Sinner Australian Open 2024 highlights,d8ICgsnZHrU,Novak Djokovic v Jannik Sinner Extended Highlights | Australian Open 2024 Semifinal,Australian Open,2024-01-26T08:45:02Z,https://www.youtube.com/watch?v=d8ICgsnZHrU,15,Thanks to Sinner for making me feel that Tennis is still alive,7,2024-01-27T14:19:07Z,"{'neg': 0.0, 'neu': 0.645, 'pos': 0.355, 'compound': 0.6705}",0.0,0.645,0.355,0.6705,Positive
Australian Open,2024-01-26,Grand Slam,Outdoor,Hard,Semifinals,5,Djokovic N.,Sinner J.,Sinner J.,1,4,11055,6490,1.5,2.63,1-6 2-6 7-6 3-6,2.5,True,Djokovic,Sinner J.,30,Djokovic vs Sinner Australian Open 2024 highlights,d8ICgsnZHrU,Novak Djokovic v Jannik Sinner Extended Highlights | Australian Open 2024 Semifinal,Australian Open,2024-01-26T08:45:02Z,https://www.youtube.com/watch?v=d8ICgsnZHrU,16,"Sinner reminds me so much of Federer. Wins point, intense look with fist pump, wipes off sweat, no grunting, just pure quiet execution. i really hope he takes it all!!!",141,2024-01-26T13:13:08Z,"{'neg': 0.059, 'neu': 0.698, 'pos': 0.243, 'compound': 0.7826}",0.059,0.698,0.243,0.7826,Positive
Australian Open,2024-01-26,Grand Slam,Outdoor,Hard,Semifinals,5,Djokovic N.,Sinner J.,Sinner J.,1,4,11055,6490,1.5,2.63,1-6 2-6 7-6 3-6,2.5,True,Djokovic,Sinner J.,30,Djokovic vs Sinner Australian Open 2024 highlights,d8ICgsnZHrU,Novak Djokovic v Jannik Sinner Extended Highlights | Australian Open 2024 Semifinal,Australian Open,2024-01-26T08:45:02Z,https://www.youtube.com/watch?v=d8ICgsnZHrU,17,one more match sinner!!!,30,2024-01-26T08:49:11Z,"{'neg': 0.0, 'neu': 1.0, 'pos': 0.0, 'compound': 0.0}",0.0,1.0,0.0,0.0,Neutral
Australian Open,2024-01-26,Grand Slam,Outdoor,Hard,Semifinals,5,Djokovic N.,Sinner J.,Sinner J.,1,4,11055,6490,1.5,2.63,1-6 2-6 7-6 3-6,2.5,True,Djokovic,Sinner J.,30,Djokovic vs Sinner Australian Open 2024 highlights,d8ICgsnZHrU,Novak Djokovic v Jannik Sinner Extended Highlights | Australian Open 2024 Semifinal,Australian Open,2024-01-26T08:45:02Z,https://www.youtube.com/watch?v=d8ICgsnZHrU,18,Sinner is just playing amazing today . No other excuses for Nole and his fans that his game is off. 🙄Sinner caused that! Give the man the respect he rightly deserves so after the win today👏,86,2024-01-26T12:51:00Z,"{'neg': 0.043, 'neu': 0.702, 'pos': 0.255, 'compound': 0.8969}",0.043,0.702,0.255,0.8969,Positive
Australian Open,2024-01-26,Grand Slam,Outdoor,Hard,Semifinals,5,Djokovic N.,Sinner J.,Sinner J.,1,4,11055,6490,1.5,2.63,1-6 2-6 7-6 3-6,2.5,True,Djokovic,Sinner J.,30,Djokovic vs Sinner Australian Open 2024 highlights,d8ICgsnZHrU,Novak Djokovic v Jannik Sinner Extended Highlights | Australian Open 2024 Semifinal,Australian Open,2024-01-26T08:45:02Z,https://www.youtube.com/watch?v=d8ICgsnZHrU,19,"— Sinner the Winner! 🥕 
— Sinner did lose his first set of the tournament in this match. Sinner had a match point in the third set tiebreak but Djokovic prevailed. 
— Djokovic had way too many unforced errors and no break points on Sinner’s serves. That’s a testament to Sinner’s serves and groundstrokes. 
— First loss for Djokovic at AO since 2018!",232,2024-01-26T08:49:14Z,"{'neg': 0.157, 'neu': 0.809, 'pos': 0.033, 'compound': -0.8353}",0.157,0.809,0.033,-0.8353,Negative
Australian Open,2024-01-26,Grand Slam,Outdoor,Hard,Semifinals,5,Djokovic N.,Sinner J.,Sinner J.,1,4,11055,6490,1.5,2.63,1-6 2-6 7-6 3-6,2.5,True,Djokovic,Sinner J.,30,Djokovic vs Sinner Australian Open 2024 highlights,d8ICgsnZHrU,Novak Djokovic v Jannik Sinner Extended Highlights | Australian Open 2024 Semifinal,Australian Open,2024-01-26T08:45:02Z,https://www.youtube.com/watch?v=d8ICgsnZHrU,20,Jannik Sinner is an amazing player! Wow,21,2024-01-26T10:40:01Z,"{'neg': 0.0, 'neu': 0.388, 'pos': 0.612, 'compound': 0.8356}",0.0,0.388,0.612,0.8356,Positive
Australian Open,2024-01-26,Grand Slam,Outdoor,Hard,Semifinals,5,Djokovic N.,Sinner J.,Sinner J.,1,4,11055,6490,1.5,2.63,1-6 2-6 7-6 3-6,2.5,True,Djokovic,Sinner J.,30,Djokovic vs Sinner Australian Open 2024 highlights,d8ICgsnZHrU,Novak Djokovic v Jannik Sinner Extended Highlights | Australian Open 2024 Semifinal,Australian Open,2024-01-26T08:45:02Z,https://www.youtube.com/watch?v=d8ICgsnZHrU,21,"It’s the calmness he brings into the court. He never takes that mental pressure at any cost and that leads to a clean gameplay, that is the winning one.. that’s the thing differentiates him",9,2024-01-26T19:36:40Z,"{'neg': 0.054, 'neu': 0.732, 'pos': 0.215, 'compound': 0.765}",0.054,0.732,0.215,0.765,Positive
Australian Open,2024-01-26,Grand Slam,Outdoor,Hard,Semifinals,5,Djokovic N.,Sinner J.,Sinner J.,1,4,11055,6490,1.5,2.63,1-6 2-6 7-6 3-6,2.5,True,Djokovic,Sinner J.,30,Djokovic vs Sinner Australian Open 2024 highlights,d8ICgsnZHrU,Novak Djokovic v Jannik Sinner Extended Highlights | Australian Open 2024 Semifinal,Australian Open,2024-01-26T08:45:02Z,https://www.youtube.com/watch?v=d8ICgsnZHrU,22,Unreal. Sinner is on fire! Toying with djokovic in his own backyard. I got major del Potro vibes. Sinner is like delpo but with wheels. Crazy.,20,2024-01-26T20:46:47Z,"{'neg': 0.171, 'neu': 0.771, 'pos': 0.059, 'compound': -0.5175}",0.171,0.771,0.059,-0.5175,Negative
Australian Open,2024-01-26,Grand Slam,Outdoor,Hard,Semifinals,5,Djokovic N.,Sinner J.,Sinner J.,1,4,11055,6490,1.5,2.63,1-6 2-6 7-6 3-6,2.5,True,Djokovic,Sinner J.,30,Djokovic vs Sinner Australian Open 2024 highlights,d8ICgsnZHrU,Novak Djokovic v Jannik Sinner Extended Highlights | Australian Open 2024 Semifinal,Australian Open,2024-01-26T08:45:02Z,https://www.youtube.com/watch?v=d8ICgsnZHrU,23,"CONGRATULATIONS,..JANNIK SINNER..!!  You have worked for this....BRAVISIMO...",16,2024-01-26T11:12:01Z,"{'neg': 0.0, 'neu': 1.0, 'pos': 0.0, 'compound': 0.0}",0.0,1.0,0.0,0.0,Neutral
Australian Open,2024-01-26,Grand Slam,Outdoor,Hard,Semifinals,5,Djokovic N.,Sinner J.,Sinner J.,1,4,11055,6490,1.5,2.63,1-6 2-6 7-6 3-6,2.5,True,Djokovic,Sinner J.,30,Djokovic vs Sinner Australian Open 2024 highlights,d8ICgsnZHrU,Novak Djokovic v Jannik Sinner Extended Highlights | Australian Open 2024 Semifinal,Australian Open,2024-01-26T08:45:02Z,https://www.youtube.com/watch?v=d8ICgsnZHrU,24,"What a match and incredible performance from both, Sinner hit so clean and Nole didnt have any chance to break. Well done guys!!",18,2024-01-27T13:17:49Z,"{'neg': 0.062, 'neu': 0.716, 'pos': 0.221, 'compound': 0.6636}",0.062,0.716,0.221,0.6636,Positive
Australian Open,2024-01-26,Grand Slam,Outdoor,Hard,Semifinals,5,Djokovic N.,Sinner J.,Sinner J.,1,4,11055,6490,1.5,2.63,1-6 2-6 7-6 3-6,2.5,True,Djokovic,Sinner J.,30,Djokovic vs Sinner Australian Open 2024 highlights,d8ICgsnZHrU,Novak Djokovic v Jannik Sinner Extended Highlights | Australian Open 2024 Semifinal,Australian Open,2024-01-26T08:45:02Z,https://www.youtube.com/watch?v=d8ICgsnZHrU,25,"Sinner has been playing unbelievable tennis since last year, he has elevated himself to another level from top 10 player to possibly in the conversation to challenge Djokovic and Alcarez regularly",119,2024-01-26T12:54:17Z,"{'neg': 0.0, 'neu': 0.801, 'pos': 0.199, 'compound': 0.5719}",0.0,0.801,0.199,0.5719,Positive
Masters Cup,2023-11-18,Masters Cup,Indoor,Hard,Semifinals,3,Djokovic N.,Alcaraz C.,Djokovic N.,1,2,11445,8455,1.62,2.3,6-3 6-2,1.5,False,Djokovic,Alcaraz C.,31,Djokovic vs Alcaraz Masters Cup 2023 highlights,Q-Of49MxWV0,&quot;You Never Give Up&quot; Djokovic To Alcaraz After Their Crazy Final!,Tennis TV,2023-08-21T02:36:20Z,https://www.youtube.com/watch?v=Q-Of49MxWV0,1,I love this from Nole. He’s generous with his opponents and respectful with a great sense of humour.,6083,2023-08-21T04:22:38Z,"{'neg': 0.0, 'neu': 0.423, 'pos': 0.577, 'compound': 0.9565}",0.0,0.423,0.577,0.9565,Positive
Masters Cup,2023-11-18,Masters Cup,Indoor,Hard,Semifinals,3,Djokovic N.,Alcaraz C.,Djokovic N.,1,2,11445,8455,1.62,2.3,6-3 6-2,1.5,False,Djokovic,Alcaraz C.,31,Djokovic vs Alcaraz Masters Cup 2023 highlights,Q-Of49MxWV0,&quot;You Never Give Up&quot; Djokovic To Alcaraz After Their Crazy Final!,Tennis TV,2023-08-21T02:36:20Z,https://www.youtube.com/watch?v=Q-Of49MxWV0,2,The “I’ve heard that before “ touches my heart as a Rafa fan,4068,2023-08-21T21:44:52Z,"{'neg': 0.0, 'neu': 0.629, 'pos': 0.371, 'compound': 0.7579}",0.0,0.629,0.371,0.7579,Positive
Masters Cup,2023-11-18,Masters Cup,Indoor,Hard,Semifinals,3,Djokovic N.,Alcaraz C.,Djokovic N.,1,2,11445,8455,1.62,2.3,6-3 6-2,1.5,False,Djokovic,Alcaraz C.,31,Djokovic vs Alcaraz Masters Cup 2023 highlights,Q-Of49MxWV0,&quot;You Never Give Up&quot; Djokovic To Alcaraz After Their Crazy Final!,Tennis TV,2023-08-21T02:36:20Z,https://www.youtube.com/watch?v=Q-Of49MxWV0,3,Djokovic and spaniards still better love story than twilight 😂,3528,2023-08-21T02:55:43Z,"{'neg': 0.083, 'neu': 0.439, 'pos': 0.478, 'compound': 0.875}",0.083,0.439,0.478,0.875,Positive
Masters Cup,2023-11-18,Masters Cup,Indoor,Hard,Semifinals,3,Djokovic N.,Alcaraz C.,Djokovic N.,1,2,11445,8455,1.62,2.3,6-3 6-2,1.5,False,Djokovic,Alcaraz C.,31,Djokovic vs Alcaraz Masters Cup 2023 highlights,Q-Of49MxWV0,&quot;You Never Give Up&quot; Djokovic To Alcaraz After Their Crazy Final!,Tennis TV,2023-08-21T02:36:20Z,https://www.youtube.com/watch?v=Q-Of49MxWV0,4,Djokovic has the best speeches.,4064,2023-08-21T07:19:20Z,"{'neg': 0.0, 'neu': 0.488, 'pos': 0.512, 'compound': 0.6369}",0.0,0.488,0.512,0.6369,Positive
Masters Cup,2023-11-18,Masters Cup,Indoor,Hard,Semifinals,3,Djokovic N.,Alcaraz C.,Djokovic N.,1,2,11445,8455,1.62,2.3,6-3 6-2,1.5,False,Djokovic,Alcaraz C.,31,Djokovic vs Alcaraz Masters Cup 2023 highlights,Q-Of49MxWV0,&quot;You Never Give Up&quot; Djokovic To Alcaraz After Their Crazy Final!,Tennis TV,2023-08-21T02:36:20Z,https://www.youtube.com/watch?v=Q-Of49MxWV0,5,"Novak trying to cheer Alcaraz up after a tough loss, is nice gesture of him",1947,2023-08-21T08:17:18Z,"{'neg': 0.182, 'neu': 0.526, 'pos': 0.292, 'compound': 0.5106}",0.182,0.526,0.292,0.5106,Positive
Masters Cup,2023-11-18,Masters Cup,Indoor,Hard,Semifinals,3,Djokovic N.,Alcaraz C.,Djokovic N.,1,2,11445,8455,1.62,2.3,6-3 6-2,1.5,False,Djokovic,Alcaraz C.,31,Djokovic vs Alcaraz Masters Cup 2023 highlights,Q-Of49MxWV0,&quot;You Never Give Up&quot; Djokovic To Alcaraz After Their Crazy Final!,Tennis TV,2023-08-21T02:36:20Z,https://www.youtube.com/watch?v=Q-Of49MxWV0,6,Great sportsmenship....the world needs this so badly.... thank you both,2505,2023-08-21T03:05:47Z,"{'neg': 0.223, 'neu': 0.392, 'pos': 0.385, 'compound': 0.438}",0.223,0.392,0.385,0.438,Positive
Masters Cup,2023-11-18,Masters Cup,Indoor,Hard,Semifinals,3,Djokovic N.,Alcaraz C.,Djokovic N.,1,2,11445,8455,1.62,2.3,6-3 6-2,1.5,False,Djokovic,Alcaraz C.,31,Djokovic vs Alcaraz Masters Cup 2023 highlights,Q-Of49MxWV0,&quot;You Never Give Up&quot; Djokovic To Alcaraz After Their Crazy Final!,Tennis TV,2023-08-21T02:36:20Z,https://www.youtube.com/watch?v=Q-Of49MxWV0,7,I love Djokovic jokes all the time.,1448,2023-08-21T02:56:15Z,"{'neg': 0.0, 'neu': 0.446, 'pos': 0.554, 'compound': 0.7351}",0.0,0.446,0.554,0.7351,Positive
Masters Cup,2023-11-18,Masters Cup,Indoor,Hard,Semifinals,3,Djokovic N.,Alcaraz C.,Djokovic N.,1,2,11445,8455,1.62,2.3,6-3 6-2,1.5,False,Djokovic,Alcaraz C.,31,Djokovic vs Alcaraz Masters Cup 2023 highlights,Q-Of49MxWV0,&quot;You Never Give Up&quot; Djokovic To Alcaraz After Their Crazy Final!,Tennis TV,2023-08-21T02:36:20Z,https://www.youtube.com/watch?v=Q-Of49MxWV0,8,"""spanish never die.. I've experience in this before"" 🤣🔥",1061,2023-08-21T06:04:41Z,"{'neg': 0.122, 'neu': 0.557, 'pos': 0.321, 'compound': 0.6054}",0.122,0.557,0.321,0.6054,Positive
Masters Cup,2023-11-18,Masters Cup,Indoor,Hard,Semifinals,3,Djokovic N.,Alcaraz C.,Djokovic N.,1,2,11445,8455,1.62,2.3,6-3 6-2,1.5,False,Djokovic,Alcaraz C.,31,Djokovic vs Alcaraz Masters Cup 2023 highlights,Q-Of49MxWV0,&quot;You Never Give Up&quot; Djokovic To Alcaraz After Their Crazy Final!,Tennis TV,2023-08-21T02:36:20Z,https://www.youtube.com/watch?v=Q-Of49MxWV0,9,"""I've heard that before..."" what a comeback by Nole, we all know what that means...",907,2023-08-21T06:33:54Z,"{'neg': 0.0, 'neu': 1.0, 'pos': 0.0, 'compound': 0.0}",0.0,1.0,0.0,0.0,Neutral
Masters Cup,2023-11-18,Masters Cup,Indoor,Hard,Semifinals,3,Djokovic N.,Alcaraz C.,Djokovic N.,1,2,11445,8455,1.62,2.3,6-3 6-2,1.5,False,Djokovic,Alcaraz C.,31,Djokovic vs Alcaraz Masters Cup 2023 highlights,Q-Of49MxWV0,&quot;You Never Give Up&quot; Djokovic To Alcaraz After Their Crazy Final!,Tennis TV,2023-08-21T02:36:20Z,https://www.youtube.com/watch?v=Q-Of49MxWV0,10,I supported Alcaraz but Nova have all my respect,100,2023-08-21T04:04:17Z,"{'neg': 0.0, 'neu': 0.547, 'pos': 0.453, 'compound': 0.7003}",0.0,0.547,0.453,0.7003,Positive
Masters Cup,2023-11-18,Masters Cup,Indoor,Hard,Semifinals,3,Djokovic N.,Alcaraz C.,Djokovic N.,1,2,11445,8455,1.62,2.3,6-3 6-2,1.5,False,Djokovic,Alcaraz C.,31,Djokovic vs Alcaraz Masters Cup 2023 highlights,Q-Of49MxWV0,&quot;You Never Give Up&quot; Djokovic To Alcaraz After Their Crazy Final!,Tennis TV,2023-08-21T02:36:20Z,https://www.youtube.com/watch?v=Q-Of49MxWV0,11,Obviously one of the most humourous tennis players! So gracious of him!!,93,2023-08-21T12:58:19Z,"{'neg': 0.0, 'neu': 0.532, 'pos': 0.468, 'compound': 0.8685}",0.0,0.532,0.468,0.8685,Positive
Masters Cup,2023-11-18,Masters Cup,Indoor,Hard,Semifinals,3,Djokovic N.,Alcaraz C.,Djokovic N.,1,2,11445,8455,1.62,2.3,6-3 6-2,1.5,False,Djokovic,Alcaraz C.,31,Djokovic vs Alcaraz Masters Cup 2023 highlights,Q-Of49MxWV0,&quot;You Never Give Up&quot; Djokovic To Alcaraz After Their Crazy Final!,Tennis TV,2023-08-21T02:36:20Z,https://www.youtube.com/watch?v=Q-Of49MxWV0,12,Amazing sportsmanship! Congrats Alcaraz and Novak🎉,307,2023-08-21T04:38:56Z,"{'neg': 0.0, 'neu': 0.329, 'pos': 0.671, 'compound': 0.8805}",0.0,0.329,0.671,0.8805,Positive
Masters Cup,2023-11-18,Masters Cup,Indoor,Hard,Semifinals,3,Djokovic N.,Alcaraz C.,Djokovic N.,1,2,11445,8455,1.62,2.3,6-3 6-2,1.5,False,Djokovic,Alcaraz C.,31,Djokovic vs Alcaraz Masters Cup 2023 highlights,Q-Of49MxWV0,&quot;You Never Give Up&quot; Djokovic To Alcaraz After Their Crazy Final!,Tennis TV,2023-08-21T02:36:20Z,https://www.youtube.com/watch?v=Q-Of49MxWV0,13,Novak has always had such a great sense of humor. One of his great off court qualities.,40,2023-08-22T08:32:32Z,"{'neg': 0.0, 'neu': 0.576, 'pos': 0.424, 'compound': 0.8834}",0.0,0.576,0.424,0.8834,Positive
Masters Cup,2023-11-18,Masters Cup,Indoor,Hard,Semifinals,3,Djokovic N.,Alcaraz C.,Djokovic N.,1,2,11445,8455,1.62,2.3,6-3 6-2,1.5,False,Djokovic,Alcaraz C.,31,Djokovic vs Alcaraz Masters Cup 2023 highlights,Q-Of49MxWV0,&quot;You Never Give Up&quot; Djokovic To Alcaraz After Their Crazy Final!,Tennis TV,2023-08-21T02:36:20Z,https://www.youtube.com/watch?v=Q-Of49MxWV0,14,"Djokovic is very generous and kind at every end of the match, whether he beats his opponents or loses. 😅",50,2023-08-21T10:00:16Z,"{'neg': 0.074, 'neu': 0.612, 'pos': 0.314, 'compound': 0.8155}",0.074,0.612,0.314,0.8155,Positive
Masters Cup,2023-11-18,Masters Cup,Indoor,Hard,Semifinals,3,Djokovic N.,Alcaraz C.,Djokovic N.,1,2,11445,8455,1.62,2.3,6-3 6-2,1.5,False,Djokovic,Alcaraz C.,31,Djokovic vs Alcaraz Masters Cup 2023 highlights,Q-Of49MxWV0,&quot;You Never Give Up&quot; Djokovic To Alcaraz After Their Crazy Final!,Tennis TV,2023-08-21T02:36:20Z,https://www.youtube.com/watch?v=Q-Of49MxWV0,15,"Man , what a match was 😮. Pure 3 hrs and 47 mins of excitement, adrenaline fluctuation and high quality tennis.",196,2023-08-21T06:09:57Z,"{'neg': 0.0, 'neu': 0.878, 'pos': 0.122, 'compound': 0.4939}",0.0,0.878,0.122,0.4939,Positive
Masters Cup,2023-11-18,Masters Cup,Indoor,Hard,Semifinals,3,Djokovic N.,Alcaraz C.,Djokovic N.,1,2,11445,8455,1.62,2.3,6-3 6-2,1.5,False,Djokovic,Alcaraz C.,31,Djokovic vs Alcaraz Masters Cup 2023 highlights,Q-Of49MxWV0,&quot;You Never Give Up&quot; Djokovic To Alcaraz After Their Crazy Final!,Tennis TV,2023-08-21T02:36:20Z,https://www.youtube.com/watch?v=Q-Of49MxWV0,16,Unparalleled speech! Viva kralj Nole 🐐 👑,120,2023-08-21T04:12:26Z,"{'neg': 0.0, 'neu': 1.0, 'pos': 0.0, 'compound': 0.0}",0.0,1.0,0.0,0.0,Neutral
Masters Cup,2023-11-18,Masters Cup,Indoor,Hard,Semifinals,3,Djokovic N.,Alcaraz C.,Djokovic N.,1,2,11445,8455,1.62,2.3,6-3 6-2,1.5,False,Djokovic,Alcaraz C.,31,Djokovic vs Alcaraz Masters Cup 2023 highlights,Q-Of49MxWV0,&quot;You Never Give Up&quot; Djokovic To Alcaraz After Their Crazy Final!,Tennis TV,2023-08-21T02:36:20Z,https://www.youtube.com/watch?v=Q-Of49MxWV0,17,I love Djokovic so much ❤ what a warrior! And his speech in the end making Carlitos laugh like that and all his praise... so wholesome ❤,155,2023-08-22T09:10:08Z,"{'neg': 0.0, 'neu': 0.499, 'pos': 0.501, 'compound': 0.9754}",0.0,0.499,0.501,0.9754,Positive
Masters Cup,2023-11-18,Masters Cup,Indoor,Hard,Semifinals,3,Djokovic N.,Alcaraz C.,Djokovic N.,1,2,11445,8455,1.62,2.3,6-3 6-2,1.5,False,Djokovic,Alcaraz C.,31,Djokovic vs Alcaraz Masters Cup 2023 highlights,Q-Of49MxWV0,&quot;You Never Give Up&quot; Djokovic To Alcaraz After Their Crazy Final!,Tennis TV,2023-08-21T02:36:20Z,https://www.youtube.com/watch?v=Q-Of49MxWV0,18,"Thats the spanish school, run after every single ball, fight, never give up",654,2023-08-21T03:41:53Z,"{'neg': 0.178, 'neu': 0.822, 'pos': 0.0, 'compound': -0.3818}",0.178,0.822,0.0,-0.3818,Negative
Masters Cup,2023-11-18,Masters Cup,Indoor,Hard,Semifinals,3,Djokovic N.,Alcaraz C.,Djokovic N.,1,2,11445,8455,1.62,2.3,6-3 6-2,1.5,False,Djokovic,Alcaraz C.,31,Djokovic vs Alcaraz Masters Cup 2023 highlights,Q-Of49MxWV0,&quot;You Never Give Up&quot; Djokovic To Alcaraz After Their Crazy Final!,Tennis TV,2023-08-21T02:36:20Z,https://www.youtube.com/watch?v=Q-Of49MxWV0,19,I love how these guys joke around each other despite Nole receiving so much hate every now and then 😂😅,38,2023-08-21T07:35:22Z,"{'neg': 0.145, 'neu': 0.542, 'pos': 0.313, 'compound': 0.7796}",0.145,0.542,0.313,0.7796,Positive
Masters Cup,2023-11-18,Masters Cup,Indoor,Hard,Semifinals,3,Djokovic N.,Alcaraz C.,Djokovic N.,1,2,11445,8455,1.62,2.3,6-3 6-2,1.5,False,Djokovic,Alcaraz C.,31,Djokovic vs Alcaraz Masters Cup 2023 highlights,Q-Of49MxWV0,&quot;You Never Give Up&quot; Djokovic To Alcaraz After Their Crazy Final!,Tennis TV,2023-08-21T02:36:20Z,https://www.youtube.com/watch?v=Q-Of49MxWV0,20,36 is the new 26.... 🐐❤🐐,181,2023-08-21T06:41:27Z,"{'neg': 0.0, 'neu': 0.656, 'pos': 0.344, 'compound': 0.6369}",0.0,0.656,0.344,0.6369,Positive
Masters Cup,2023-11-18,Masters Cup,Indoor,Hard,Semifinals,3,Djokovic N.,Alcaraz C.,Djokovic N.,1,2,11445,8455,1.62,2.3,6-3 6-2,1.5,False,Djokovic,Alcaraz C.,31,Djokovic vs Alcaraz Masters Cup 2023 highlights,Q-Of49MxWV0,&quot;You Never Give Up&quot; Djokovic To Alcaraz After Their Crazy Final!,Tennis TV,2023-08-21T02:36:20Z,https://www.youtube.com/watch?v=Q-Of49MxWV0,21,"I am a fan of Novak, but I really like this kid. Just a really good guy, I hope money and fame would not spoil him.",146,2023-10-10T12:02:57Z,"{'neg': 0.0, 'neu': 0.548, 'pos': 0.452, 'compound': 0.954}",0.0,0.548,0.452,0.954,Positive
Masters Cup,2023-11-18,Masters Cup,Indoor,Hard,Semifinals,3,Djokovic N.,Alcaraz C.,Djokovic N.,1,2,11445,8455,1.62,2.3,6-3 6-2,1.5,False,Djokovic,Alcaraz C.,31,Djokovic vs Alcaraz Masters Cup 2023 highlights,Q-Of49MxWV0,&quot;You Never Give Up&quot; Djokovic To Alcaraz After Their Crazy Final!,Tennis TV,2023-08-21T02:36:20Z,https://www.youtube.com/watch?v=Q-Of49MxWV0,22,"Novak is an excellent speaker, well mannered and has great ethics.",102,2023-08-21T08:49:36Z,"{'neg': 0.0, 'neu': 0.447, 'pos': 0.553, 'compound': 0.872}",0.0,0.447,0.553,0.872,Positive
Masters Cup,2023-11-18,Masters Cup,Indoor,Hard,Semifinals,3,Djokovic N.,Alcaraz C.,Djokovic N.,1,2,11445,8455,1.62,2.3,6-3 6-2,1.5,False,Djokovic,Alcaraz C.,31,Djokovic vs Alcaraz Masters Cup 2023 highlights,Q-Of49MxWV0,&quot;You Never Give Up&quot; Djokovic To Alcaraz After Their Crazy Final!,Tennis TV,2023-08-21T02:36:20Z,https://www.youtube.com/watch?v=Q-Of49MxWV0,23,Qué bonito Nole  cómo haces reír a Carlos 😂 eres un excelente ser humano ❤,230,2023-08-21T05:26:12Z,"{'neg': 0.071, 'neu': 0.632, 'pos': 0.297, 'compound': 0.7964}",0.071,0.632,0.297,0.7964,Positive
Masters Cup,2023-11-18,Masters Cup,Indoor,Hard,Semifinals,3,Djokovic N.,Alcaraz C.,Djokovic N.,1,2,11445,8455,1.62,2.3,6-3 6-2,1.5,False,Djokovic,Alcaraz C.,31,Djokovic vs Alcaraz Masters Cup 2023 highlights,Q-Of49MxWV0,&quot;You Never Give Up&quot; Djokovic To Alcaraz After Their Crazy Final!,Tennis TV,2023-08-21T02:36:20Z,https://www.youtube.com/watch?v=Q-Of49MxWV0,24,Spanish never die- who knows more than Novak 😂,1092,2023-08-21T04:42:07Z,"{'neg': 0.101, 'neu': 0.531, 'pos': 0.369, 'compound': 0.7224}",0.101,0.531,0.369,0.7224,Positive
Masters Cup,2023-11-18,Masters Cup,Indoor,Hard,Semifinals,3,Djokovic N.,Alcaraz C.,Djokovic N.,1,2,11445,8455,1.62,2.3,6-3 6-2,1.5,False,Djokovic,Alcaraz C.,31,Djokovic vs Alcaraz Masters Cup 2023 highlights,Q-Of49MxWV0,&quot;You Never Give Up&quot; Djokovic To Alcaraz After Their Crazy Final!,Tennis TV,2023-08-21T02:36:20Z,https://www.youtube.com/watch?v=Q-Of49MxWV0,25,Djokovic is witty and funny ❤❤❤,38,2023-08-21T09:48:12Z,"{'neg': 0.0, 'neu': 0.311, 'pos': 0.689, 'compound': 0.9477}",0.0,0.311,0.689,0.9477,Positive
Internazionali BNL d'Italia,2025-05-13,Masters 1000,Outdoor,Clay,4th Round,3,Musetti L.,Medvedev D.,Musetti L.,9,11,3550,3290,1.5,2.63,7-5 6-4,10.0,False,Medvedev,Musetti L.,32,Musetti vs Medvedev Internazionali BNL d'Italia 2025 highlights,ntC1hTzytrA,Lorenzo Musetti vs Daniil Medvedev Highlights ☔️ | Rome 2025,Tennis TV,2025-05-13T18:04:02Z,https://www.youtube.com/watch?v=ntC1hTzytrA,1,One of the shortest restarts after rain in the history of tennis,479,2025-05-13T18:06:15Z,"{'neg': 0.0, 'neu': 1.0, 'pos': 0.0, 'compound': 0.0}",0.0,1.0,0.0,0.0,Neutral
Internazionali BNL d'Italia,2025-05-13,Masters 1000,Outdoor,Clay,4th Round,3,Musetti L.,Medvedev D.,Musetti L.,9,11,3550,3290,1.5,2.63,7-5 6-4,10.0,False,Medvedev,Musetti L.,32,Musetti vs Medvedev Internazionali BNL d'Italia 2025 highlights,ntC1hTzytrA,Lorenzo Musetti vs Daniil Medvedev Highlights ☔️ | Rome 2025,Tennis TV,2025-05-13T18:04:02Z,https://www.youtube.com/watch?v=ntC1hTzytrA,2,"Musetti is a racket wizard, his virtuosity on the circuit, his elegance fascinating, his backhand the most beautiful. Go Musetti.",231,2025-05-13T20:23:28Z,"{'neg': 0.0, 'neu': 0.535, 'pos': 0.465, 'compound': 0.9312}",0.0,0.535,0.465,0.9312,Positive
Internazionali BNL d'Italia,2025-05-13,Masters 1000,Outdoor,Clay,4th Round,3,Musetti L.,Medvedev D.,Musetti L.,9,11,3550,3290,1.5,2.63,7-5 6-4,10.0,False,Medvedev,Musetti L.,32,Musetti vs Medvedev Internazionali BNL d'Italia 2025 highlights,ntC1hTzytrA,Lorenzo Musetti vs Daniil Medvedev Highlights ☔️ | Rome 2025,Tennis TV,2025-05-13T18:04:02Z,https://www.youtube.com/watch?v=ntC1hTzytrA,3,We are fortunate to see tennis like this.  Astounding ground shots and touch from Musetti.,85,2025-05-13T20:16:19Z,"{'neg': 0.0, 'neu': 0.581, 'pos': 0.419, 'compound': 0.8248}",0.0,0.581,0.419,0.8248,Positive
Internazionali BNL d'Italia,2025-05-13,Masters 1000,Outdoor,Clay,4th Round,3,Musetti L.,Medvedev D.,Musetti L.,9,11,3550,3290,1.5,2.63,7-5 6-4,10.0,False,Medvedev,Musetti L.,32,Musetti vs Medvedev Internazionali BNL d'Italia 2025 highlights,ntC1hTzytrA,Lorenzo Musetti vs Daniil Medvedev Highlights ☔️ | Rome 2025,Tennis TV,2025-05-13T18:04:02Z,https://www.youtube.com/watch?v=ntC1hTzytrA,4,Seeing Lorenzo's playng it's like hearing a Vivaldi's concerto... Simply beautiful...,171,2025-05-13T18:12:47Z,"{'neg': 0.0, 'neu': 0.584, 'pos': 0.416, 'compound': 0.7506}",0.0,0.584,0.416,0.7506,Positive
Internazionali BNL d'Italia,2025-05-13,Masters 1000,Outdoor,Clay,4th Round,3,Musetti L.,Medvedev D.,Musetti L.,9,11,3550,3290,1.5,2.63,7-5 6-4,10.0,False,Medvedev,Musetti L.,32,Musetti vs Medvedev Internazionali BNL d'Italia 2025 highlights,ntC1hTzytrA,Lorenzo Musetti vs Daniil Medvedev Highlights ☔️ | Rome 2025,Tennis TV,2025-05-13T18:04:02Z,https://www.youtube.com/watch?v=ntC1hTzytrA,5,Coming back play one point and win it is kinda funny ngl 😂,152,2025-05-13T18:04:34Z,"{'neg': 0.072, 'neu': 0.453, 'pos': 0.476, 'compound': 0.8935}",0.072,0.453,0.476,0.8935,Positive
Internazionali BNL d'Italia,2025-05-13,Masters 1000,Outdoor,Clay,4th Round,3,Musetti L.,Medvedev D.,Musetti L.,9,11,3550,3290,1.5,2.63,7-5 6-4,10.0,False,Medvedev,Musetti L.,32,Musetti vs Medvedev Internazionali BNL d'Italia 2025 highlights,ntC1hTzytrA,Lorenzo Musetti vs Daniil Medvedev Highlights ☔️ | Rome 2025,Tennis TV,2025-05-13T18:04:02Z,https://www.youtube.com/watch?v=ntC1hTzytrA,6,Musetti : what a style!,58,2025-05-13T18:14:05Z,"{'neg': 0.0, 'neu': 1.0, 'pos': 0.0, 'compound': 0.0}",0.0,1.0,0.0,0.0,Neutral
Internazionali BNL d'Italia,2025-05-13,Masters 1000,Outdoor,Clay,4th Round,3,Musetti L.,Medvedev D.,Musetti L.,9,11,3550,3290,1.5,2.63,7-5 6-4,10.0,False,Medvedev,Musetti L.,32,Musetti vs Medvedev Internazionali BNL d'Italia 2025 highlights,ntC1hTzytrA,Lorenzo Musetti vs Daniil Medvedev Highlights ☔️ | Rome 2025,Tennis TV,2025-05-13T18:04:02Z,https://www.youtube.com/watch?v=ntC1hTzytrA,7,"Musetti is the Michelangelo of Tennis, every shot is a poetic brush stroke. 🎾🎨♥",44,2025-05-13T20:32:50Z,"{'neg': 0.0, 'neu': 0.802, 'pos': 0.198, 'compound': 0.6369}",0.0,0.802,0.198,0.6369,Positive
Internazionali BNL d'Italia,2025-05-13,Masters 1000,Outdoor,Clay,4th Round,3,Musetti L.,Medvedev D.,Musetti L.,9,11,3550,3290,1.5,2.63,7-5 6-4,10.0,False,Medvedev,Musetti L.,32,Musetti vs Medvedev Internazionali BNL d'Italia 2025 highlights,ntC1hTzytrA,Lorenzo Musetti vs Daniil Medvedev Highlights ☔️ | Rome 2025,Tennis TV,2025-05-13T18:04:02Z,https://www.youtube.com/watch?v=ntC1hTzytrA,8,"Che artista del tennis unico, questo Lorenzo! What a unique tennis artist!",54,2025-05-13T18:10:52Z,"{'neg': 0.0, 'neu': 1.0, 'pos': 0.0, 'compound': 0.0}",0.0,1.0,0.0,0.0,Neutral
Internazionali BNL d'Italia,2025-05-13,Masters 1000,Outdoor,Clay,4th Round,3,Musetti L.,Medvedev D.,Musetti L.,9,11,3550,3290,1.5,2.63,7-5 6-4,10.0,False,Medvedev,Musetti L.,32,Musetti vs Medvedev Internazionali BNL d'Italia 2025 highlights,ntC1hTzytrA,Lorenzo Musetti vs Daniil Medvedev Highlights ☔️ | Rome 2025,Tennis TV,2025-05-13T18:04:02Z,https://www.youtube.com/watch?v=ntC1hTzytrA,9,Lorenzo has added a huge level of consistency to his beautiful game. He is Slamworthy  now.,84,2025-05-13T21:02:47Z,"{'neg': 0.0, 'neu': 0.693, 'pos': 0.307, 'compound': 0.7351}",0.0,0.693,0.307,0.7351,Positive
Internazionali BNL d'Italia,2025-05-13,Masters 1000,Outdoor,Clay,4th Round,3,Musetti L.,Medvedev D.,Musetti L.,9,11,3550,3290,1.5,2.63,7-5 6-4,10.0,False,Medvedev,Musetti L.,32,Musetti vs Medvedev Internazionali BNL d'Italia 2025 highlights,ntC1hTzytrA,Lorenzo Musetti vs Daniil Medvedev Highlights ☔️ | Rome 2025,Tennis TV,2025-05-13T18:04:02Z,https://www.youtube.com/watch?v=ntC1hTzytrA,10,I see Musetti has strengthen his Mentality for winning important matches like this- even in a rain battle,34,2025-05-13T18:51:19Z,"{'neg': 0.102, 'neu': 0.508, 'pos': 0.391, 'compound': 0.7506}",0.102,0.508,0.391,0.7506,Positive
Internazionali BNL d'Italia,2025-05-13,Masters 1000,Outdoor,Clay,4th Round,3,Musetti L.,Medvedev D.,Musetti L.,9,11,3550,3290,1.5,2.63,7-5 6-4,10.0,False,Medvedev,Musetti L.,32,Musetti vs Medvedev Internazionali BNL d'Italia 2025 highlights,ntC1hTzytrA,Lorenzo Musetti vs Daniil Medvedev Highlights ☔️ | Rome 2025,Tennis TV,2025-05-13T18:04:02Z,https://www.youtube.com/watch?v=ntC1hTzytrA,11,The Italians now have the unstoppable machine Sinner and the magician with the wonderful one-handed backhand Musetti. All we can do is congratulate and admire.,163,2025-05-13T21:24:29Z,"{'neg': 0.055, 'neu': 0.64, 'pos': 0.305, 'compound': 0.8481}",0.055,0.64,0.305,0.8481,Positive
Internazionali BNL d'Italia,2025-05-13,Masters 1000,Outdoor,Clay,4th Round,3,Musetti L.,Medvedev D.,Musetti L.,9,11,3550,3290,1.5,2.63,7-5 6-4,10.0,False,Medvedev,Musetti L.,32,Musetti vs Medvedev Internazionali BNL d'Italia 2025 highlights,ntC1hTzytrA,Lorenzo Musetti vs Daniil Medvedev Highlights ☔️ | Rome 2025,Tennis TV,2025-05-13T18:04:02Z,https://www.youtube.com/watch?v=ntC1hTzytrA,12,The longlines and outside in backhands Musetti‘s are the Most beautiful shots in the circuit probably,20,2025-05-13T19:41:07Z,"{'neg': 0.0, 'neu': 0.782, 'pos': 0.218, 'compound': 0.6361}",0.0,0.782,0.218,0.6361,Positive
Internazionali BNL d'Italia,2025-05-13,Masters 1000,Outdoor,Clay,4th Round,3,Musetti L.,Medvedev D.,Musetti L.,9,11,3550,3290,1.5,2.63,7-5 6-4,10.0,False,Medvedev,Musetti L.,32,Musetti vs Medvedev Internazionali BNL d'Italia 2025 highlights,ntC1hTzytrA,Lorenzo Musetti vs Daniil Medvedev Highlights ☔️ | Rome 2025,Tennis TV,2025-05-13T18:04:02Z,https://www.youtube.com/watch?v=ntC1hTzytrA,13,What a beautiful game Musetti has. Such a pleasant game to watch. Just enough of everything,8,2025-05-14T01:11:16Z,"{'neg': 0.0, 'neu': 0.66, 'pos': 0.34, 'compound': 0.802}",0.0,0.66,0.34,0.802,Positive
Internazionali BNL d'Italia,2025-05-13,Masters 1000,Outdoor,Clay,4th Round,3,Musetti L.,Medvedev D.,Musetti L.,9,11,3550,3290,1.5,2.63,7-5 6-4,10.0,False,Medvedev,Musetti L.,32,Musetti vs Medvedev Internazionali BNL d'Italia 2025 highlights,ntC1hTzytrA,Lorenzo Musetti vs Daniil Medvedev Highlights ☔️ | Rome 2025,Tennis TV,2025-05-13T18:04:02Z,https://www.youtube.com/watch?v=ntC1hTzytrA,14,"Musetti is the best watch on tour right now. Great attitude, right amount of respect and celebration, not overly nice like Ruud or dull like Sinner, actual personality and competitiveness, not to mention the game: the outrageous passing shots, the volleys and dropshots, the touch, the Fed-esque OHBH. Never thought he had top-15 ""tools"", but sheer skill, consistency, and willpower has him in the top 10, looking like a fixture. Will be great to see him keep the level through a tournament to a Big Title. He's been agonizingly close for almost 2 years now.",57,2025-05-13T22:46:32Z,"{'neg': 0.101, 'neu': 0.724, 'pos': 0.175, 'compound': 0.8601}",0.101,0.724,0.175,0.8601,Positive
Internazionali BNL d'Italia,2025-05-13,Masters 1000,Outdoor,Clay,4th Round,3,Musetti L.,Medvedev D.,Musetti L.,9,11,3550,3290,1.5,2.63,7-5 6-4,10.0,False,Medvedev,Musetti L.,32,Musetti vs Medvedev Internazionali BNL d'Italia 2025 highlights,ntC1hTzytrA,Lorenzo Musetti vs Daniil Medvedev Highlights ☔️ | Rome 2025,Tennis TV,2025-05-13T18:04:02Z,https://www.youtube.com/watch?v=ntC1hTzytrA,15,"Musetti, one handed backhand 🔥🔥🔥",7,2025-05-13T21:38:30Z,"{'neg': 0.643, 'neu': 0.357, 'pos': 0.0, 'compound': -0.7351}",0.643,0.357,0.0,-0.7351,Negative
Internazionali BNL d'Italia,2025-05-13,Masters 1000,Outdoor,Clay,4th Round,3,Musetti L.,Medvedev D.,Musetti L.,9,11,3550,3290,1.5,2.63,7-5 6-4,10.0,False,Medvedev,Musetti L.,32,Musetti vs Medvedev Internazionali BNL d'Italia 2025 highlights,ntC1hTzytrA,Lorenzo Musetti vs Daniil Medvedev Highlights ☔️ | Rome 2025,Tennis TV,2025-05-13T18:04:02Z,https://www.youtube.com/watch?v=ntC1hTzytrA,16,"Musetti is full of confidence. And his forehand got a lot stronger, too. He starts dominating opponents. His backhand always been top tier.",9,2025-05-13T23:17:54Z,"{'neg': 0.076, 'neu': 0.657, 'pos': 0.266, 'compound': 0.6705}",0.076,0.657,0.266,0.6705,Positive
Internazionali BNL d'Italia,2025-05-13,Masters 1000,Outdoor,Clay,4th Round,3,Musetti L.,Medvedev D.,Musetti L.,9,11,3550,3290,1.5,2.63,7-5 6-4,10.0,False,Medvedev,Musetti L.,32,Musetti vs Medvedev Internazionali BNL d'Italia 2025 highlights,ntC1hTzytrA,Lorenzo Musetti vs Daniil Medvedev Highlights ☔️ | Rome 2025,Tennis TV,2025-05-13T18:04:02Z,https://www.youtube.com/watch?v=ntC1hTzytrA,17,Lorenzos style is off the charts that backhand is gold 🥇,4,2025-05-14T00:45:01Z,"{'neg': 0.0, 'neu': 0.795, 'pos': 0.205, 'compound': 0.4767}",0.0,0.795,0.205,0.4767,Positive
Internazionali BNL d'Italia,2025-05-13,Masters 1000,Outdoor,Clay,4th Round,3,Musetti L.,Medvedev D.,Musetti L.,9,11,3550,3290,1.5,2.63,7-5 6-4,10.0,False,Medvedev,Musetti L.,32,Musetti vs Medvedev Internazionali BNL d'Italia 2025 highlights,ntC1hTzytrA,Lorenzo Musetti vs Daniil Medvedev Highlights ☔️ | Rome 2025,Tennis TV,2025-05-13T18:04:02Z,https://www.youtube.com/watch?v=ntC1hTzytrA,18,beautiful backhand😍,59,2025-05-13T18:07:18Z,"{'neg': 0.0, 'neu': 0.367, 'pos': 0.633, 'compound': 0.7845}",0.0,0.367,0.633,0.7845,Positive
Internazionali BNL d'Italia,2025-05-13,Masters 1000,Outdoor,Clay,4th Round,3,Musetti L.,Medvedev D.,Musetti L.,9,11,3550,3290,1.5,2.63,7-5 6-4,10.0,False,Medvedev,Musetti L.,32,Musetti vs Medvedev Internazionali BNL d'Italia 2025 highlights,ntC1hTzytrA,Lorenzo Musetti vs Daniil Medvedev Highlights ☔️ | Rome 2025,Tennis TV,2025-05-13T18:04:02Z,https://www.youtube.com/watch?v=ntC1hTzytrA,19,What a maturity Lorenzo. Proud of you too,6,2025-05-13T19:54:50Z,"{'neg': 0.0, 'neu': 0.693, 'pos': 0.307, 'compound': 0.4767}",0.0,0.693,0.307,0.4767,Positive
Internazionali BNL d'Italia,2025-05-13,Masters 1000,Outdoor,Clay,4th Round,3,Musetti L.,Medvedev D.,Musetti L.,9,11,3550,3290,1.5,2.63,7-5 6-4,10.0,False,Medvedev,Musetti L.,32,Musetti vs Medvedev Internazionali BNL d'Italia 2025 highlights,ntC1hTzytrA,Lorenzo Musetti vs Daniil Medvedev Highlights ☔️ | Rome 2025,Tennis TV,2025-05-13T18:04:02Z,https://www.youtube.com/watch?v=ntC1hTzytrA,20,Damn Musetti is on fire - nice to have such a home crowd too. Bravo to him,12,2025-05-13T18:44:40Z,"{'neg': 0.233, 'neu': 0.639, 'pos': 0.128, 'compound': -0.3182}",0.233,0.639,0.128,-0.3182,Negative
Internazionali BNL d'Italia,2025-05-13,Masters 1000,Outdoor,Clay,4th Round,3,Musetti L.,Medvedev D.,Musetti L.,9,11,3550,3290,1.5,2.63,7-5 6-4,10.0,False,Medvedev,Musetti L.,32,Musetti vs Medvedev Internazionali BNL d'Italia 2025 highlights,ntC1hTzytrA,Lorenzo Musetti vs Daniil Medvedev Highlights ☔️ | Rome 2025,Tennis TV,2025-05-13T18:04:02Z,https://www.youtube.com/watch?v=ntC1hTzytrA,21,Love musettis game so good to watch hes like a little feds in a way,5,2025-05-13T20:40:31Z,"{'neg': 0.0, 'neu': 0.535, 'pos': 0.465, 'compound': 0.887}",0.0,0.535,0.465,0.887,Positive
Internazionali BNL d'Italia,2025-05-13,Masters 1000,Outdoor,Clay,4th Round,3,Musetti L.,Medvedev D.,Musetti L.,9,11,3550,3290,1.5,2.63,7-5 6-4,10.0,False,Medvedev,Musetti L.,32,Musetti vs Medvedev Internazionali BNL d'Italia 2025 highlights,ntC1hTzytrA,Lorenzo Musetti vs Daniil Medvedev Highlights ☔️ | Rome 2025,Tennis TV,2025-05-13T18:04:02Z,https://www.youtube.com/watch?v=ntC1hTzytrA,22,3:17 crazy fall🤣,38,2025-05-13T18:17:49Z,"{'neg': 0.207, 'neu': 0.517, 'pos': 0.276, 'compound': 0.2023}",0.207,0.517,0.276,0.2023,Positive
Internazionali BNL d'Italia,2025-05-13,Masters 1000,Outdoor,Clay,4th Round,3,Musetti L.,Medvedev D.,Musetti L.,9,11,3550,3290,1.5,2.63,7-5 6-4,10.0,False,Medvedev,Musetti L.,32,Musetti vs Medvedev Internazionali BNL d'Italia 2025 highlights,ntC1hTzytrA,Lorenzo Musetti vs Daniil Medvedev Highlights ☔️ | Rome 2025,Tennis TV,2025-05-13T18:04:02Z,https://www.youtube.com/watch?v=ntC1hTzytrA,23,So happy for Lorenzo! Not easy putting away Meddy.,5,2025-05-13T20:41:27Z,"{'neg': 0.176, 'neu': 0.511, 'pos': 0.313, 'compound': 0.4365}",0.176,0.511,0.313,0.4365,Positive
Internazionali BNL d'Italia,2025-05-13,Masters 1000,Outdoor,Clay,4th Round,3,Musetti L.,Medvedev D.,Musetti L.,9,11,3550,3290,1.5,2.63,7-5 6-4,10.0,False,Medvedev,Musetti L.,32,Musetti vs Medvedev Internazionali BNL d'Italia 2025 highlights,ntC1hTzytrA,Lorenzo Musetti vs Daniil Medvedev Highlights ☔️ | Rome 2025,Tennis TV,2025-05-13T18:04:02Z,https://www.youtube.com/watch?v=ntC1hTzytrA,24,Musetti plays such beautiful tennis. He deserves more titles.,3,2025-05-14T06:58:42Z,"{'neg': 0.0, 'neu': 0.543, 'pos': 0.457, 'compound': 0.7096}",0.0,0.543,0.457,0.7096,Positive
Internazionali BNL d'Italia,2025-05-13,Masters 1000,Outdoor,Clay,4th Round,3,Musetti L.,Medvedev D.,Musetti L.,9,11,3550,3290,1.5,2.63,7-5 6-4,10.0,False,Medvedev,Musetti L.,32,Musetti vs Medvedev Internazionali BNL d'Italia 2025 highlights,ntC1hTzytrA,Lorenzo Musetti vs Daniil Medvedev Highlights ☔️ | Rome 2025,Tennis TV,2025-05-13T18:04:02Z,https://www.youtube.com/watch?v=ntC1hTzytrA,25,Musetti magic 🪄,7,2025-05-13T19:04:58Z,"{'neg': 0.0, 'neu': 1.0, 'pos': 0.0, 'compound': 0.0}",0.0,1.0,0.0,0.0,Neutral
Monte Carlo Masters,2025-04-10,Masters 1000,Outdoor,Clay,3rd Round,3,Medvedev D.,De Minaur A.,De Minaur A.,11,10,3290,3335,2.2,1.67,2-6 2-6,10.5,False,Medvedev,De Minaur A.,33,Medvedev vs De Minaur Monte Carlo Masters 2025 highlights,QRgkvX9ELcQ,Daniil Medvedev vs Alex de Minaur | Monte-Carlo 2025 Highlights,Tennis TV,2025-04-10T16:03:42Z,https://www.youtube.com/watch?v=QRgkvX9ELcQ,1,Alex is really hitting his stride over the last few years. Lets go!,52,2025-04-10T17:46:13Z,"{'neg': 0.0, 'neu': 1.0, 'pos': 0.0, 'compound': 0.0}",0.0,1.0,0.0,0.0,Neutral
Monte Carlo Masters,2025-04-10,Masters 1000,Outdoor,Clay,3rd Round,3,Medvedev D.,De Minaur A.,De Minaur A.,11,10,3290,3335,2.2,1.67,2-6 2-6,10.5,False,Medvedev,De Minaur A.,33,Medvedev vs De Minaur Monte Carlo Masters 2025 highlights,QRgkvX9ELcQ,Daniil Medvedev vs Alex de Minaur | Monte-Carlo 2025 Highlights,Tennis TV,2025-04-10T16:03:42Z,https://www.youtube.com/watch?v=QRgkvX9ELcQ,2,"As we all know this surface favours the more agile player with variation , not surprised by the result , it’s a very different surface",44,2025-04-10T16:35:34Z,"{'neg': 0.061, 'neu': 0.837, 'pos': 0.102, 'compound': 0.281}",0.061,0.837,0.102,0.281,Positive
Monte Carlo Masters,2025-04-10,Masters 1000,Outdoor,Clay,3rd Round,3,Medvedev D.,De Minaur A.,De Minaur A.,11,10,3290,3335,2.2,1.67,2-6 2-6,10.5,False,Medvedev,De Minaur A.,33,Medvedev vs De Minaur Monte Carlo Masters 2025 highlights,QRgkvX9ELcQ,Daniil Medvedev vs Alex de Minaur | Monte-Carlo 2025 Highlights,Tennis TV,2025-04-10T16:03:42Z,https://www.youtube.com/watch?v=QRgkvX9ELcQ,3,Great game De Minaur 👍,24,2025-04-10T16:09:55Z,"{'neg': 0.0, 'neu': 0.549, 'pos': 0.451, 'compound': 0.6249}",0.0,0.549,0.451,0.6249,Positive
Monte Carlo Masters,2025-04-10,Masters 1000,Outdoor,Clay,3rd Round,3,Medvedev D.,De Minaur A.,De Minaur A.,11,10,3290,3335,2.2,1.67,2-6 2-6,10.5,False,Medvedev,De Minaur A.,33,Medvedev vs De Minaur Monte Carlo Masters 2025 highlights,QRgkvX9ELcQ,Daniil Medvedev vs Alex de Minaur | Monte-Carlo 2025 Highlights,Tennis TV,2025-04-10T16:03:42Z,https://www.youtube.com/watch?v=QRgkvX9ELcQ,4,Medvedev held serve once in the whole match....,36,2025-04-10T16:33:33Z,"{'neg': 0.0, 'neu': 1.0, 'pos': 0.0, 'compound': 0.0}",0.0,1.0,0.0,0.0,Neutral
Monte Carlo Masters,2025-04-10,Masters 1000,Outdoor,Clay,3rd Round,3,Medvedev D.,De Minaur A.,De Minaur A.,11,10,3290,3335,2.2,1.67,2-6 2-6,10.5,False,Medvedev,De Minaur A.,33,Medvedev vs De Minaur Monte Carlo Masters 2025 highlights,QRgkvX9ELcQ,Daniil Medvedev vs Alex de Minaur | Monte-Carlo 2025 Highlights,Tennis TV,2025-04-10T16:03:42Z,https://www.youtube.com/watch?v=QRgkvX9ELcQ,5,I remember those first two sets against Sinner in the final AO. Sinner had no idea how to deal with this amazing attacking-style of game. It's a shame to see Meddy get put away like this. He deserves better.,43,2025-04-10T17:27:38Z,"{'neg': 0.108, 'neu': 0.691, 'pos': 0.201, 'compound': 0.6808}",0.108,0.691,0.201,0.6808,Positive
Monte Carlo Masters,2025-04-10,Masters 1000,Outdoor,Clay,3rd Round,3,Medvedev D.,De Minaur A.,De Minaur A.,11,10,3290,3335,2.2,1.67,2-6 2-6,10.5,False,Medvedev,De Minaur A.,33,Medvedev vs De Minaur Monte Carlo Masters 2025 highlights,QRgkvX9ELcQ,Daniil Medvedev vs Alex de Minaur | Monte-Carlo 2025 Highlights,Tennis TV,2025-04-10T16:03:42Z,https://www.youtube.com/watch?v=QRgkvX9ELcQ,6,I think as Medvedev gets older his defensive playstyle is getting the better of him.,95,2025-04-10T16:07:55Z,"{'neg': 0.0, 'neu': 0.765, 'pos': 0.235, 'compound': 0.4588}",0.0,0.765,0.235,0.4588,Positive
Monte Carlo Masters,2025-04-10,Masters 1000,Outdoor,Clay,3rd Round,3,Medvedev D.,De Minaur A.,De Minaur A.,11,10,3290,3335,2.2,1.67,2-6 2-6,10.5,False,Medvedev,De Minaur A.,33,Medvedev vs De Minaur Monte Carlo Masters 2025 highlights,QRgkvX9ELcQ,Daniil Medvedev vs Alex de Minaur | Monte-Carlo 2025 Highlights,Tennis TV,2025-04-10T16:03:42Z,https://www.youtube.com/watch?v=QRgkvX9ELcQ,7,"Del Potro recently opened up an academy in Miami. Medvedev might consider going there and work on his forehand technique. Daren Cahill once said that he does not work personally on technical things with Sinner they have another coach for the technical stuff. Small changes might do wonders on Medvedev's game, just has to find the right personnel.",5,2025-04-10T18:07:44Z,"{'neg': 0.0, 'neu': 1.0, 'pos': 0.0, 'compound': 0.0}",0.0,1.0,0.0,0.0,Neutral
Monte Carlo Masters,2025-04-10,Masters 1000,Outdoor,Clay,3rd Round,3,Medvedev D.,De Minaur A.,De Minaur A.,11,10,3290,3335,2.2,1.67,2-6 2-6,10.5,False,Medvedev,De Minaur A.,33,Medvedev vs De Minaur Monte Carlo Masters 2025 highlights,QRgkvX9ELcQ,Daniil Medvedev vs Alex de Minaur | Monte-Carlo 2025 Highlights,Tennis TV,2025-04-10T16:03:42Z,https://www.youtube.com/watch?v=QRgkvX9ELcQ,8,"Medvedev's inability to move forward is killing him. Other younger players like Fils and Fonseca, who take the ball early and are looking to come forward, will pass him by. The fact that De Minaur beat him so easily tells you everything. He either adjusts now, or he will continue to fall.",187,2025-04-10T16:09:18Z,"{'neg': 0.117, 'neu': 0.791, 'pos': 0.092, 'compound': -0.3577}",0.117,0.791,0.092,-0.3577,Negative
Monte Carlo Masters,2025-04-10,Masters 1000,Outdoor,Clay,3rd Round,3,Medvedev D.,De Minaur A.,De Minaur A.,11,10,3290,3335,2.2,1.67,2-6 2-6,10.5,False,Medvedev,De Minaur A.,33,Medvedev vs De Minaur Monte Carlo Masters 2025 highlights,QRgkvX9ELcQ,Daniil Medvedev vs Alex de Minaur | Monte-Carlo 2025 Highlights,Tennis TV,2025-04-10T16:03:42Z,https://www.youtube.com/watch?v=QRgkvX9ELcQ,9,"Since He lost last year against Sinner, Medvedev is no longer the same",21,2025-04-10T17:13:46Z,"{'neg': 0.29, 'neu': 0.71, 'pos': 0.0, 'compound': -0.5423}",0.29,0.71,0.0,-0.5423,Negative
Monte Carlo Masters,2025-04-10,Masters 1000,Outdoor,Clay,3rd Round,3,Medvedev D.,De Minaur A.,De Minaur A.,11,10,3290,3335,2.2,1.67,2-6 2-6,10.5,False,Medvedev,De Minaur A.,33,Medvedev vs De Minaur Monte Carlo Masters 2025 highlights,QRgkvX9ELcQ,Daniil Medvedev vs Alex de Minaur | Monte-Carlo 2025 Highlights,Tennis TV,2025-04-10T16:03:42Z,https://www.youtube.com/watch?v=QRgkvX9ELcQ,10,"You win some and lose some as well....
That is the reality of  competitive sports...which cannot be circumvented...
Cheers man....",0,2025-04-12T02:12:16Z,"{'neg': 0.189, 'neu': 0.539, 'pos': 0.273, 'compound': 0.3283}",0.189,0.539,0.273,0.3283,Positive
Monte Carlo Masters,2025-04-10,Masters 1000,Outdoor,Clay,3rd Round,3,Medvedev D.,De Minaur A.,De Minaur A.,11,10,3290,3335,2.2,1.67,2-6 2-6,10.5,False,Medvedev,De Minaur A.,33,Medvedev vs De Minaur Monte Carlo Masters 2025 highlights,QRgkvX9ELcQ,Daniil Medvedev vs Alex de Minaur | Monte-Carlo 2025 Highlights,Tennis TV,2025-04-10T16:03:42Z,https://www.youtube.com/watch?v=QRgkvX9ELcQ,11,"Thank you tennis tv, for not putting spoiler results on thumbnail 

Thanks also for a crisp 2 minutes highlights",0,2025-04-11T01:16:54Z,"{'neg': 0.0, 'neu': 0.759, 'pos': 0.241, 'compound': 0.6597}",0.0,0.759,0.241,0.6597,Positive
Monte Carlo Masters,2025-04-10,Masters 1000,Outdoor,Clay,3rd Round,3,Medvedev D.,De Minaur A.,De Minaur A.,11,10,3290,3335,2.2,1.67,2-6 2-6,10.5,False,Medvedev,De Minaur A.,33,Medvedev vs De Minaur Monte Carlo Masters 2025 highlights,QRgkvX9ELcQ,Daniil Medvedev vs Alex de Minaur | Monte-Carlo 2025 Highlights,Tennis TV,2025-04-10T16:03:42Z,https://www.youtube.com/watch?v=QRgkvX9ELcQ,12,Well done De Minaur !,4,2025-04-10T16:19:19Z,"{'neg': 0.0, 'neu': 0.626, 'pos': 0.374, 'compound': 0.3382}",0.0,0.626,0.374,0.3382,Positive
Monte Carlo Masters,2025-04-10,Masters 1000,Outdoor,Clay,3rd Round,3,Medvedev D.,De Minaur A.,De Minaur A.,11,10,3290,3335,2.2,1.67,2-6 2-6,10.5,False,Medvedev,De Minaur A.,33,Medvedev vs De Minaur Monte Carlo Masters 2025 highlights,QRgkvX9ELcQ,Daniil Medvedev vs Alex de Minaur | Monte-Carlo 2025 Highlights,Tennis TV,2025-04-10T16:03:42Z,https://www.youtube.com/watch?v=QRgkvX9ELcQ,13,Alex being aggressive on clay is very nice to see. This is the perfect surface for his  game and he has all the time in the world because the courts are so slow.,1,2025-04-11T13:20:35Z,"{'neg': 0.042, 'neu': 0.781, 'pos': 0.177, 'compound': 0.7346}",0.042,0.781,0.177,0.7346,Positive
Monte Carlo Masters,2025-04-10,Masters 1000,Outdoor,Clay,3rd Round,3,Medvedev D.,De Minaur A.,De Minaur A.,11,10,3290,3335,2.2,1.67,2-6 2-6,10.5,False,Medvedev,De Minaur A.,33,Medvedev vs De Minaur Monte Carlo Masters 2025 highlights,QRgkvX9ELcQ,Daniil Medvedev vs Alex de Minaur | Monte-Carlo 2025 Highlights,Tennis TV,2025-04-10T16:03:42Z,https://www.youtube.com/watch?v=QRgkvX9ELcQ,14,"The Demon strikes again.  He has such a tidy, no nonsense game",13,2025-04-10T17:22:37Z,"{'neg': 0.169, 'neu': 0.678, 'pos': 0.153, 'compound': -0.0624}",0.169,0.678,0.153,-0.0624,Negative
Monte Carlo Masters,2025-04-10,Masters 1000,Outdoor,Clay,3rd Round,3,Medvedev D.,De Minaur A.,De Minaur A.,11,10,3290,3335,2.2,1.67,2-6 2-6,10.5,False,Medvedev,De Minaur A.,33,Medvedev vs De Minaur Monte Carlo Masters 2025 highlights,QRgkvX9ELcQ,Daniil Medvedev vs Alex de Minaur | Monte-Carlo 2025 Highlights,Tennis TV,2025-04-10T16:03:42Z,https://www.youtube.com/watch?v=QRgkvX9ELcQ,15,comon demon im your biggest fannn,2,2025-04-10T17:25:42Z,"{'neg': 0.0, 'neu': 1.0, 'pos': 0.0, 'compound': 0.0}",0.0,1.0,0.0,0.0,Neutral
Monte Carlo Masters,2025-04-10,Masters 1000,Outdoor,Clay,3rd Round,3,Medvedev D.,De Minaur A.,De Minaur A.,11,10,3290,3335,2.2,1.67,2-6 2-6,10.5,False,Medvedev,De Minaur A.,33,Medvedev vs De Minaur Monte Carlo Masters 2025 highlights,QRgkvX9ELcQ,Daniil Medvedev vs Alex de Minaur | Monte-Carlo 2025 Highlights,Tennis TV,2025-04-10T16:03:42Z,https://www.youtube.com/watch?v=QRgkvX9ELcQ,16,Suddenly I don't feel too bad about the bagel I got years ago at USTA 4.0,0,2025-04-10T23:03:39Z,"{'neg': 0.0, 'neu': 0.84, 'pos': 0.16, 'compound': 0.431}",0.0,0.84,0.16,0.431,Positive
Monte Carlo Masters,2025-04-10,Masters 1000,Outdoor,Clay,3rd Round,3,Medvedev D.,De Minaur A.,De Minaur A.,11,10,3290,3335,2.2,1.67,2-6 2-6,10.5,False,Medvedev,De Minaur A.,33,Medvedev vs De Minaur Monte Carlo Masters 2025 highlights,QRgkvX9ELcQ,Daniil Medvedev vs Alex de Minaur | Monte-Carlo 2025 Highlights,Tennis TV,2025-04-10T16:03:42Z,https://www.youtube.com/watch?v=QRgkvX9ELcQ,17,Medvedev's backhand is very good but De Minaur backhand is impressive,1,2025-04-10T17:11:58Z,"{'neg': 0.0, 'neu': 0.579, 'pos': 0.421, 'compound': 0.7612}",0.0,0.579,0.421,0.7612,Positive
Monte Carlo Masters,2025-04-10,Masters 1000,Outdoor,Clay,3rd Round,3,Medvedev D.,De Minaur A.,De Minaur A.,11,10,3290,3335,2.2,1.67,2-6 2-6,10.5,False,Medvedev,De Minaur A.,33,Medvedev vs De Minaur Monte Carlo Masters 2025 highlights,QRgkvX9ELcQ,Daniil Medvedev vs Alex de Minaur | Monte-Carlo 2025 Highlights,Tennis TV,2025-04-10T16:03:42Z,https://www.youtube.com/watch?v=QRgkvX9ELcQ,18,"Med is so so painful to watch esp. because I like the guy. 
He is 200% hard work 50% talent. man just painful",5,2025-04-10T16:56:39Z,"{'neg': 0.265, 'neu': 0.568, 'pos': 0.167, 'compound': -0.4748}",0.265,0.568,0.167,-0.4748,Negative
Monte Carlo Masters,2025-04-10,Masters 1000,Outdoor,Clay,3rd Round,3,Medvedev D.,De Minaur A.,De Minaur A.,11,10,3290,3335,2.2,1.67,2-6 2-6,10.5,False,Medvedev,De Minaur A.,33,Medvedev vs De Minaur Monte Carlo Masters 2025 highlights,QRgkvX9ELcQ,Daniil Medvedev vs Alex de Minaur | Monte-Carlo 2025 Highlights,Tennis TV,2025-04-10T16:03:42Z,https://www.youtube.com/watch?v=QRgkvX9ELcQ,19,Bravo Alex 💪👏👏,2,2025-04-10T17:02:35Z,"{'neg': 0.0, 'neu': 1.0, 'pos': 0.0, 'compound': 0.0}",0.0,1.0,0.0,0.0,Neutral
Monte Carlo Masters,2025-04-10,Masters 1000,Outdoor,Clay,3rd Round,3,Medvedev D.,De Minaur A.,De Minaur A.,11,10,3290,3335,2.2,1.67,2-6 2-6,10.5,False,Medvedev,De Minaur A.,33,Medvedev vs De Minaur Monte Carlo Masters 2025 highlights,QRgkvX9ELcQ,Daniil Medvedev vs Alex de Minaur | Monte-Carlo 2025 Highlights,Tennis TV,2025-04-10T16:03:42Z,https://www.youtube.com/watch?v=QRgkvX9ELcQ,20,This wasn't a tennis match. It was a slaughter!,3,2025-04-10T16:15:32Z,"{'neg': 0.0, 'neu': 1.0, 'pos': 0.0, 'compound': 0.0}",0.0,1.0,0.0,0.0,Neutral
Monte Carlo Masters,2025-04-10,Masters 1000,Outdoor,Clay,3rd Round,3,Medvedev D.,De Minaur A.,De Minaur A.,11,10,3290,3335,2.2,1.67,2-6 2-6,10.5,False,Medvedev,De Minaur A.,33,Medvedev vs De Minaur Monte Carlo Masters 2025 highlights,QRgkvX9ELcQ,Daniil Medvedev vs Alex de Minaur | Monte-Carlo 2025 Highlights,Tennis TV,2025-04-10T16:03:42Z,https://www.youtube.com/watch?v=QRgkvX9ELcQ,21,Sad that clayMedvedev is out !,18,2025-04-10T16:18:53Z,"{'neg': 0.404, 'neu': 0.596, 'pos': 0.0, 'compound': -0.5255}",0.404,0.596,0.0,-0.5255,Negative
Monte Carlo Masters,2025-04-10,Masters 1000,Outdoor,Clay,3rd Round,3,Medvedev D.,De Minaur A.,De Minaur A.,11,10,3290,3335,2.2,1.67,2-6 2-6,10.5,False,Medvedev,De Minaur A.,33,Medvedev vs De Minaur Monte Carlo Masters 2025 highlights,QRgkvX9ELcQ,Daniil Medvedev vs Alex de Minaur | Monte-Carlo 2025 Highlights,Tennis TV,2025-04-10T16:03:42Z,https://www.youtube.com/watch?v=QRgkvX9ELcQ,22,I’m beginning to think this Alex kid has some talent. I just couldn’t identify what makes him special. He does hustle.,0,2025-04-11T01:21:17Z,"{'neg': 0.0, 'neu': 0.776, 'pos': 0.224, 'compound': 0.6705}",0.0,0.776,0.224,0.6705,Positive
Monte Carlo Masters,2025-04-10,Masters 1000,Outdoor,Clay,3rd Round,3,Medvedev D.,De Minaur A.,De Minaur A.,11,10,3290,3335,2.2,1.67,2-6 2-6,10.5,False,Medvedev,De Minaur A.,33,Medvedev vs De Minaur Monte Carlo Masters 2025 highlights,QRgkvX9ELcQ,Daniil Medvedev vs Alex de Minaur | Monte-Carlo 2025 Highlights,Tennis TV,2025-04-10T16:03:42Z,https://www.youtube.com/watch?v=QRgkvX9ELcQ,23,Where's the Fokina video match?,12,2025-04-10T16:16:48Z,"{'neg': 0.0, 'neu': 1.0, 'pos': 0.0, 'compound': 0.0}",0.0,1.0,0.0,0.0,Neutral
Monte Carlo Masters,2025-04-10,Masters 1000,Outdoor,Clay,3rd Round,3,Medvedev D.,De Minaur A.,De Minaur A.,11,10,3290,3335,2.2,1.67,2-6 2-6,10.5,False,Medvedev,De Minaur A.,33,Medvedev vs De Minaur Monte Carlo Masters 2025 highlights,QRgkvX9ELcQ,Daniil Medvedev vs Alex de Minaur | Monte-Carlo 2025 Highlights,Tennis TV,2025-04-10T16:03:42Z,https://www.youtube.com/watch?v=QRgkvX9ELcQ,24,"Meddy with a big strategy change at the beginning of set 2 - grunt extra loud and long. Didn't work so well. And his reaction to the Demon's great shots was like he was channeling Ostapenko. In the moment on court, he's not dealing well with it when he's pushed.",1,2025-04-10T18:19:04Z,"{'neg': 0.032, 'neu': 0.805, 'pos': 0.163, 'compound': 0.819}",0.032,0.805,0.163,0.819,Positive
Monte Carlo Masters,2025-04-10,Masters 1000,Outdoor,Clay,3rd Round,3,Medvedev D.,De Minaur A.,De Minaur A.,11,10,3290,3335,2.2,1.67,2-6 2-6,10.5,False,Medvedev,De Minaur A.,33,Medvedev vs De Minaur Monte Carlo Masters 2025 highlights,QRgkvX9ELcQ,Daniil Medvedev vs Alex de Minaur | Monte-Carlo 2025 Highlights,Tennis TV,2025-04-10T16:03:42Z,https://www.youtube.com/watch?v=QRgkvX9ELcQ,25,"Come on Alex! In the past, his lack of firepower was the only think holding him back. I think he's steadily adding that into his game now - to the point where he can hold his own with the top guys...",2,2025-04-10T18:13:08Z,"{'neg': 0.06, 'neu': 0.899, 'pos': 0.041, 'compound': -0.2003}",0.06,0.899,0.041,-0.2003,Negative
BNP Paribas Open,2025-03-15,Masters 1000,Outdoor,Hard,Semifinals,3,Rune H.,Medvedev D.,Rune H.,13,6,2820,3930,2.5,1.53,7-5 6-4,9.5,True,Medvedev,Rune H.,34,Rune vs Medvedev BNP Paribas Open 2025 highlights,_YctVStRZsA,Holger Rune vs. Daniil Medvedev Highlights | BNP Paribas Open 2025,BNP Paribas Open,2025-03-15T23:18:09Z,https://www.youtube.com/watch?v=_YctVStRZsA,1,Rune and Jack wear the same kits,0,2025-03-16T03:57:15Z,"{'neg': 0.0, 'neu': 1.0, 'pos': 0.0, 'compound': 0.0}",0.0,1.0,0.0,0.0,Neutral
Masters Cup,2024-11-14,Masters Cup,Indoor,Hard,Round Robin,3,Sinner J.,Medvedev D.,Sinner J.,1,4,10330,4830,1.17,5.0,6-3 6-4,2.5,False,Medvedev,Sinner J.,35,Sinner vs Medvedev Masters Cup 2024 highlights,pWYku2zpgKQ,Jannik Sinner vs Daniil Medvedev For The Trophy 🏆 | Indian Wells 2026 Final Highlights,Tennis TV,2026-03-15T23:58:24Z,https://www.youtube.com/watch?v=pWYku2zpgKQ,1,If you LOVE tennis drama… check out this playlist! 🔥👇 https://www.youtube.com/playlist?list=PLQHHr8gPOsH4gcxVfeuk1C8E9PmzAkQbT,2,2026-04-13T14:58:41Z,"{'neg': 0.116, 'neu': 0.63, 'pos': 0.253, 'compound': 0.5893}",0.116,0.63,0.253,0.5893,Positive
Masters Cup,2024-11-14,Masters Cup,Indoor,Hard,Round Robin,3,Sinner J.,Medvedev D.,Sinner J.,1,4,10330,4830,1.17,5.0,6-3 6-4,2.5,False,Medvedev,Sinner J.,35,Sinner vs Medvedev Masters Cup 2024 highlights,pWYku2zpgKQ,Jannik Sinner vs Daniil Medvedev For The Trophy 🏆 | Indian Wells 2026 Final Highlights,Tennis TV,2026-03-15T23:58:24Z,https://www.youtube.com/watch?v=pWYku2zpgKQ,2,"The fact that Medvedev beat Alcaraz, and the fact that this final against Sinner was so close says so much about the level of Danil's play right now.",4421,2026-03-16T00:12:58Z,"{'neg': 0.0, 'neu': 0.918, 'pos': 0.082, 'compound': 0.34}",0.0,0.918,0.082,0.34,Positive
Masters Cup,2024-11-14,Masters Cup,Indoor,Hard,Round Robin,3,Sinner J.,Medvedev D.,Sinner J.,1,4,10330,4830,1.17,5.0,6-3 6-4,2.5,False,Medvedev,Sinner J.,35,Sinner vs Medvedev Masters Cup 2024 highlights,pWYku2zpgKQ,Jannik Sinner vs Daniil Medvedev For The Trophy 🏆 | Indian Wells 2026 Final Highlights,Tennis TV,2026-03-15T23:58:24Z,https://www.youtube.com/watch?v=pWYku2zpgKQ,3,"Jannik, what a champion!!!
To win seven points in a row after being 4-0 down in the tiebreak! ❤❤",1236,2026-03-16T00:00:20Z,"{'neg': 0.0, 'neu': 0.51, 'pos': 0.49, 'compound': 0.9599}",0.0,0.51,0.49,0.9599,Positive
Masters Cup,2024-11-14,Masters Cup,Indoor,Hard,Round Robin,3,Sinner J.,Medvedev D.,Sinner J.,1,4,10330,4830,1.17,5.0,6-3 6-4,2.5,False,Medvedev,Sinner J.,35,Sinner vs Medvedev Masters Cup 2024 highlights,pWYku2zpgKQ,Jannik Sinner vs Daniil Medvedev For The Trophy 🏆 | Indian Wells 2026 Final Highlights,Tennis TV,2026-03-15T23:58:24Z,https://www.youtube.com/watch?v=pWYku2zpgKQ,4,Amazing game by Sinner!!!  It's insane that he didn't lose a single set through the whole tournament,2007,2026-03-15T23:58:59Z,"{'neg': 0.114, 'neu': 0.592, 'pos': 0.293, 'compound': 0.6409}",0.114,0.592,0.293,0.6409,Positive
Masters Cup,2024-11-14,Masters Cup,Indoor,Hard,Round Robin,3,Sinner J.,Medvedev D.,Sinner J.,1,4,10330,4830,1.17,5.0,6-3 6-4,2.5,False,Medvedev,Sinner J.,35,Sinner vs Medvedev Masters Cup 2024 highlights,pWYku2zpgKQ,Jannik Sinner vs Daniil Medvedev For The Trophy 🏆 | Indian Wells 2026 Final Highlights,Tennis TV,2026-03-15T23:58:24Z,https://www.youtube.com/watch?v=pWYku2zpgKQ,5,The youngest man to win EVERY major hard-court title. Alien. 👽 🔥 🇮🇹,1331,2026-03-16T00:31:31Z,"{'neg': 0.14, 'neu': 0.64, 'pos': 0.221, 'compound': 0.34}",0.14,0.64,0.221,0.34,Positive
Masters Cup,2024-11-14,Masters Cup,Indoor,Hard,Round Robin,3,Sinner J.,Medvedev D.,Sinner J.,1,4,10330,4830,1.17,5.0,6-3 6-4,2.5,False,Medvedev,Sinner J.,35,Sinner vs Medvedev Masters Cup 2024 highlights,pWYku2zpgKQ,Jannik Sinner vs Daniil Medvedev For The Trophy 🏆 | Indian Wells 2026 Final Highlights,Tennis TV,2026-03-15T23:58:24Z,https://www.youtube.com/watch?v=pWYku2zpgKQ,6,Medvedev quietly mustered up an insane run and Sinner was the only one that could end it.,732,2026-03-15T23:59:40Z,"{'neg': 0.144, 'neu': 0.856, 'pos': 0.0, 'compound': -0.4019}",0.144,0.856,0.0,-0.4019,Negative
Masters Cup,2024-11-14,Masters Cup,Indoor,Hard,Round Robin,3,Sinner J.,Medvedev D.,Sinner J.,1,4,10330,4830,1.17,5.0,6-3 6-4,2.5,False,Medvedev,Sinner J.,35,Sinner vs Medvedev Masters Cup 2024 highlights,pWYku2zpgKQ,Jannik Sinner vs Daniil Medvedev For The Trophy 🏆 | Indian Wells 2026 Final Highlights,Tennis TV,2026-03-15T23:58:24Z,https://www.youtube.com/watch?v=pWYku2zpgKQ,7,"If anyone wants to win a major tournament in the next 5 years, it is likely they will have to beat both Sinner and Alcaraz one after the other. That's tough.",699,2026-03-16T00:05:15Z,"{'neg': 0.044, 'neu': 0.845, 'pos': 0.111, 'compound': 0.5106}",0.044,0.845,0.111,0.5106,Positive
Masters Cup,2024-11-14,Masters Cup,Indoor,Hard,Round Robin,3,Sinner J.,Medvedev D.,Sinner J.,1,4,10330,4830,1.17,5.0,6-3 6-4,2.5,False,Medvedev,Sinner J.,35,Sinner vs Medvedev Masters Cup 2024 highlights,pWYku2zpgKQ,Jannik Sinner vs Daniil Medvedev For The Trophy 🏆 | Indian Wells 2026 Final Highlights,Tennis TV,2026-03-15T23:58:24Z,https://www.youtube.com/watch?v=pWYku2zpgKQ,8,daniil is back,1306,2026-03-15T23:59:44Z,"{'neg': 0.0, 'neu': 1.0, 'pos': 0.0, 'compound': 0.0}",0.0,1.0,0.0,0.0,Neutral
Masters Cup,2024-11-14,Masters Cup,Indoor,Hard,Round Robin,3,Sinner J.,Medvedev D.,Sinner J.,1,4,10330,4830,1.17,5.0,6-3 6-4,2.5,False,Medvedev,Sinner J.,35,Sinner vs Medvedev Masters Cup 2024 highlights,pWYku2zpgKQ,Jannik Sinner vs Daniil Medvedev For The Trophy 🏆 | Indian Wells 2026 Final Highlights,Tennis TV,2026-03-15T23:58:24Z,https://www.youtube.com/watch?v=pWYku2zpgKQ,9,You know you’re cooked when Sinner starts grunting.,359,2026-03-16T00:27:15Z,"{'neg': 0.0, 'neu': 1.0, 'pos': 0.0, 'compound': 0.0}",0.0,1.0,0.0,0.0,Neutral
Masters Cup,2024-11-14,Masters Cup,Indoor,Hard,Round Robin,3,Sinner J.,Medvedev D.,Sinner J.,1,4,10330,4830,1.17,5.0,6-3 6-4,2.5,False,Medvedev,Sinner J.,35,Sinner vs Medvedev Masters Cup 2024 highlights,pWYku2zpgKQ,Jannik Sinner vs Daniil Medvedev For The Trophy 🏆 | Indian Wells 2026 Final Highlights,Tennis TV,2026-03-15T23:58:24Z,https://www.youtube.com/watch?v=pWYku2zpgKQ,10,"As a sinner fan its been years since i've been so nervous seeing him play someone not named alcaraz. Welcome back Daniil, this game was VERY close",598,2026-03-16T00:00:41Z,"{'neg': 0.159, 'neu': 0.699, 'pos': 0.143, 'compound': -0.1334}",0.159,0.699,0.143,-0.1334,Negative
Masters Cup,2024-11-14,Masters Cup,Indoor,Hard,Round Robin,3,Sinner J.,Medvedev D.,Sinner J.,1,4,10330,4830,1.17,5.0,6-3 6-4,2.5,False,Medvedev,Sinner J.,35,Sinner vs Medvedev Masters Cup 2024 highlights,pWYku2zpgKQ,Jannik Sinner vs Daniil Medvedev For The Trophy 🏆 | Indian Wells 2026 Final Highlights,Tennis TV,2026-03-15T23:58:24Z,https://www.youtube.com/watch?v=pWYku2zpgKQ,11,"Remontada by Sinner, from 4-0 to 4-7 is insane!",77,2026-03-16T01:45:39Z,"{'neg': 0.272, 'neu': 0.728, 'pos': 0.0, 'compound': -0.4574}",0.272,0.728,0.0,-0.4574,Negative
Masters Cup,2024-11-14,Masters Cup,Indoor,Hard,Round Robin,3,Sinner J.,Medvedev D.,Sinner J.,1,4,10330,4830,1.17,5.0,6-3 6-4,2.5,False,Medvedev,Sinner J.,35,Sinner vs Medvedev Masters Cup 2024 highlights,pWYku2zpgKQ,Jannik Sinner vs Daniil Medvedev For The Trophy 🏆 | Indian Wells 2026 Final Highlights,Tennis TV,2026-03-15T23:58:24Z,https://www.youtube.com/watch?v=pWYku2zpgKQ,12,"My goodness the ball striking of these two, they’ve maximized every inch and every corner of the court.",117,2026-03-16T02:19:32Z,"{'neg': 0.0, 'neu': 0.85, 'pos': 0.15, 'compound': 0.4588}",0.0,0.85,0.15,0.4588,Positive
Masters Cup,2024-11-14,Masters Cup,Indoor,Hard,Round Robin,3,Sinner J.,Medvedev D.,Sinner J.,1,4,10330,4830,1.17,5.0,6-3 6-4,2.5,False,Medvedev,Sinner J.,35,Sinner vs Medvedev Masters Cup 2024 highlights,pWYku2zpgKQ,Jannik Sinner vs Daniil Medvedev For The Trophy 🏆 | Indian Wells 2026 Final Highlights,Tennis TV,2026-03-15T23:58:24Z,https://www.youtube.com/watch?v=pWYku2zpgKQ,13,"This is the best that i have seen medvedev play, no tantrums and very high consistency. It was anybody's game.",13,2026-03-16T02:36:15Z,"{'neg': 0.0, 'neu': 0.661, 'pos': 0.339, 'compound': 0.8276}",0.0,0.661,0.339,0.8276,Positive
Masters Cup,2024-11-14,Masters Cup,Indoor,Hard,Round Robin,3,Sinner J.,Medvedev D.,Sinner J.,1,4,10330,4830,1.17,5.0,6-3 6-4,2.5,False,Medvedev,Sinner J.,35,Sinner vs Medvedev Masters Cup 2024 highlights,pWYku2zpgKQ,Jannik Sinner vs Daniil Medvedev For The Trophy 🏆 | Indian Wells 2026 Final Highlights,Tennis TV,2026-03-15T23:58:24Z,https://www.youtube.com/watch?v=pWYku2zpgKQ,14,Sinner was just waiting for Nike to give him a outfit worth winning in.,259,2026-03-16T00:44:09Z,"{'neg': 0.0, 'neu': 0.694, 'pos': 0.306, 'compound': 0.6486}",0.0,0.694,0.306,0.6486,Positive
Masters Cup,2024-11-14,Masters Cup,Indoor,Hard,Round Robin,3,Sinner J.,Medvedev D.,Sinner J.,1,4,10330,4830,1.17,5.0,6-3 6-4,2.5,False,Medvedev,Sinner J.,35,Sinner vs Medvedev Masters Cup 2024 highlights,pWYku2zpgKQ,Jannik Sinner vs Daniil Medvedev For The Trophy 🏆 | Indian Wells 2026 Final Highlights,Tennis TV,2026-03-15T23:58:24Z,https://www.youtube.com/watch?v=pWYku2zpgKQ,15,4-0 / 4-7 😱,271,2026-03-16T00:23:02Z,"{'neg': 0.537, 'neu': 0.463, 'pos': 0.0, 'compound': -0.7003}",0.537,0.463,0.0,-0.7003,Negative
Masters Cup,2024-11-14,Masters Cup,Indoor,Hard,Round Robin,3,Sinner J.,Medvedev D.,Sinner J.,1,4,10330,4830,1.17,5.0,6-3 6-4,2.5,False,Medvedev,Sinner J.,35,Sinner vs Medvedev Masters Cup 2024 highlights,pWYku2zpgKQ,Jannik Sinner vs Daniil Medvedev For The Trophy 🏆 | Indian Wells 2026 Final Highlights,Tennis TV,2026-03-15T23:58:24Z,https://www.youtube.com/watch?v=pWYku2zpgKQ,16,"Congratulations to Daniil, excellent weeks. He is showing he can beat the bests.",47,2026-03-16T00:04:57Z,"{'neg': 0.0, 'neu': 0.591, 'pos': 0.409, 'compound': 0.8225}",0.0,0.591,0.409,0.8225,Positive
Masters Cup,2024-11-14,Masters Cup,Indoor,Hard,Round Robin,3,Sinner J.,Medvedev D.,Sinner J.,1,4,10330,4830,1.17,5.0,6-3 6-4,2.5,False,Medvedev,Sinner J.,35,Sinner vs Medvedev Masters Cup 2024 highlights,pWYku2zpgKQ,Jannik Sinner vs Daniil Medvedev For The Trophy 🏆 | Indian Wells 2026 Final Highlights,Tennis TV,2026-03-15T23:58:24Z,https://www.youtube.com/watch?v=pWYku2zpgKQ,17,So good to see Daniil back after his struggles finding top form the past 2 years; especially impressive given the circumstances of being stuck in the Middle East before the start of the tournament and his attendance up in the air just last week. To bounce back and reach a final playing at this level brings a smile to my face; its been a long time coming. Congrats to Jannik today; simply too clutch and good!,355,2026-03-16T00:01:45Z,"{'neg': 0.049, 'neu': 0.725, 'pos': 0.226, 'compound': 0.9334}",0.049,0.725,0.226,0.9334,Positive
Masters Cup,2024-11-14,Masters Cup,Indoor,Hard,Round Robin,3,Sinner J.,Medvedev D.,Sinner J.,1,4,10330,4830,1.17,5.0,6-3 6-4,2.5,False,Medvedev,Sinner J.,35,Sinner vs Medvedev Masters Cup 2024 highlights,pWYku2zpgKQ,Jannik Sinner vs Daniil Medvedev For The Trophy 🏆 | Indian Wells 2026 Final Highlights,Tennis TV,2026-03-15T23:58:24Z,https://www.youtube.com/watch?v=pWYku2zpgKQ,18,Legendary second tie break,119,2026-03-16T00:01:11Z,"{'neg': 0.0, 'neu': 1.0, 'pos': 0.0, 'compound': 0.0}",0.0,1.0,0.0,0.0,Neutral
Masters Cup,2024-11-14,Masters Cup,Indoor,Hard,Round Robin,3,Sinner J.,Medvedev D.,Sinner J.,1,4,10330,4830,1.17,5.0,6-3 6-4,2.5,False,Medvedev,Sinner J.,35,Sinner vs Medvedev Masters Cup 2024 highlights,pWYku2zpgKQ,Jannik Sinner vs Daniil Medvedev For The Trophy 🏆 | Indian Wells 2026 Final Highlights,Tennis TV,2026-03-15T23:58:24Z,https://www.youtube.com/watch?v=pWYku2zpgKQ,19,"The Big 3 can relax, these players are carrying the sport forward at the highest level 🔥 Tennis is in great hands",34,2026-03-16T00:02:04Z,"{'neg': 0.085, 'neu': 0.669, 'pos': 0.246, 'compound': 0.6808}",0.085,0.669,0.246,0.6808,Positive
Masters Cup,2024-11-14,Masters Cup,Indoor,Hard,Round Robin,3,Sinner J.,Medvedev D.,Sinner J.,1,4,10330,4830,1.17,5.0,6-3 6-4,2.5,False,Medvedev,Sinner J.,35,Sinner vs Medvedev Masters Cup 2024 highlights,pWYku2zpgKQ,Jannik Sinner vs Daniil Medvedev For The Trophy 🏆 | Indian Wells 2026 Final Highlights,Tennis TV,2026-03-15T23:58:24Z,https://www.youtube.com/watch?v=pWYku2zpgKQ,20,This is the absolute best version I ever seen from both players. One of the highest level 👏 👌,25,2026-03-16T02:46:25Z,"{'neg': 0.0, 'neu': 0.635, 'pos': 0.365, 'compound': 0.8842}",0.0,0.635,0.365,0.8842,Positive
Masters Cup,2024-11-14,Masters Cup,Indoor,Hard,Round Robin,3,Sinner J.,Medvedev D.,Sinner J.,1,4,10330,4830,1.17,5.0,6-3 6-4,2.5,False,Medvedev,Sinner J.,35,Sinner vs Medvedev Masters Cup 2024 highlights,pWYku2zpgKQ,Jannik Sinner vs Daniil Medvedev For The Trophy 🏆 | Indian Wells 2026 Final Highlights,Tennis TV,2026-03-15T23:58:24Z,https://www.youtube.com/watch?v=pWYku2zpgKQ,21,"What an incredible match! Salute to both players☺️🔥 

And of course congratulations Jannik Sinner for getting your 1st ever Indian Wells trophy, winning all of your matches in straight sets👏🎉. I also appreciate Medvedev he played so good. It's really a tough game. 

Sinner now joins Djokovic & Federer as only men to win all 6 Masters 1000 hard-court trophies. He also becomes the youngest ever to win all the major hardcourt tournaments (Australian open, US open, the ATP finals, & all the Masters 1000) what a wonderful achievements❤️

Have a good rest foxy and good luck at the Miami Open. Fighting!💪🔥",22,2026-03-16T07:09:25Z,"{'neg': 0.06, 'neu': 0.631, 'pos': 0.308, 'compound': 0.9894}",0.06,0.631,0.308,0.9894,Positive
Masters Cup,2024-11-14,Masters Cup,Indoor,Hard,Round Robin,3,Sinner J.,Medvedev D.,Sinner J.,1,4,10330,4830,1.17,5.0,6-3 6-4,2.5,False,Medvedev,Sinner J.,35,Sinner vs Medvedev Masters Cup 2024 highlights,pWYku2zpgKQ,Jannik Sinner vs Daniil Medvedev For The Trophy 🏆 | Indian Wells 2026 Final Highlights,Tennis TV,2026-03-15T23:58:24Z,https://www.youtube.com/watch?v=pWYku2zpgKQ,22,I was there. That heat is NO JOKE. They really need to make covers,14,2026-03-16T06:13:55Z,"{'neg': 0.266, 'neu': 0.734, 'pos': 0.0, 'compound': -0.5194}",0.266,0.734,0.0,-0.5194,Negative
Masters Cup,2024-11-14,Masters Cup,Indoor,Hard,Round Robin,3,Sinner J.,Medvedev D.,Sinner J.,1,4,10330,4830,1.17,5.0,6-3 6-4,2.5,False,Medvedev,Sinner J.,35,Sinner vs Medvedev Masters Cup 2024 highlights,pWYku2zpgKQ,Jannik Sinner vs Daniil Medvedev For The Trophy 🏆 | Indian Wells 2026 Final Highlights,Tennis TV,2026-03-15T23:58:24Z,https://www.youtube.com/watch?v=pWYku2zpgKQ,23,Sinner and Antonelli both win on the same weekend! Belissimo!,14,2026-03-16T01:07:36Z,"{'neg': 0.0, 'neu': 0.672, 'pos': 0.328, 'compound': 0.658}",0.0,0.672,0.328,0.658,Positive
Masters Cup,2024-11-14,Masters Cup,Indoor,Hard,Round Robin,3,Sinner J.,Medvedev D.,Sinner J.,1,4,10330,4830,1.17,5.0,6-3 6-4,2.5,False,Medvedev,Sinner J.,35,Sinner vs Medvedev Masters Cup 2024 highlights,pWYku2zpgKQ,Jannik Sinner vs Daniil Medvedev For The Trophy 🏆 | Indian Wells 2026 Final Highlights,Tennis TV,2026-03-15T23:58:24Z,https://www.youtube.com/watch?v=pWYku2zpgKQ,24,"Happy day for the italians. Sinner champion, Kimi Antonelli 1th on F1 race and a Ferrari on podium. 🇮🇹",177,2026-03-16T00:21:20Z,"{'neg': 0.0, 'neu': 0.691, 'pos': 0.309, 'compound': 0.8225}",0.0,0.691,0.309,0.8225,Positive
Masters Cup,2024-11-14,Masters Cup,Indoor,Hard,Round Robin,3,Sinner J.,Medvedev D.,Sinner J.,1,4,10330,4830,1.17,5.0,6-3 6-4,2.5,False,Medvedev,Sinner J.,35,Sinner vs Medvedev Masters Cup 2024 highlights,pWYku2zpgKQ,Jannik Sinner vs Daniil Medvedev For The Trophy 🏆 | Indian Wells 2026 Final Highlights,Tennis TV,2026-03-15T23:58:24Z,https://www.youtube.com/watch?v=pWYku2zpgKQ,25,"Me encanto este partidazo,   Medvedev demostro tener talento para ganarlo, pero el triunfo estaba para Sinner, un tenista con mucha sencillez y humildad, espero muy pronto vuelva a ser el No 1 !!",53,2026-03-16T00:26:04Z,"{'neg': 0.08, 'neu': 0.92, 'pos': 0.0, 'compound': -0.4184}",0.08,0.92,0.0,-0.4184,Negative
Shanghai Masters,2024-10-10,Masters 1000,Outdoor,Hard,Quarterfinals,3,Sinner J.,Medvedev D.,Sinner J.,1,5,11010,5375,1.29,3.75,6-1 6-4,3.0,False,Medvedev,Sinner J.,36,Sinner vs Medvedev Shanghai Masters 2024 highlights,pDuV42f4Kl8,Jannik Sinner With Relentless Performance vs Medvedev 💥 | Shanghai 2024 Highlights,Tennis TV,2024-10-10T08:53:08Z,https://www.youtube.com/watch?v=pDuV42f4Kl8,1,“game sinner “ heard about 100 times,731,2024-10-10T09:12:42Z,"{'neg': 0.0, 'neu': 1.0, 'pos': 0.0, 'compound': 0.0}",0.0,1.0,0.0,0.0,Neutral
Shanghai Masters,2024-10-10,Masters 1000,Outdoor,Hard,Quarterfinals,3,Sinner J.,Medvedev D.,Sinner J.,1,5,11010,5375,1.29,3.75,6-1 6-4,3.0,False,Medvedev,Sinner J.,36,Sinner vs Medvedev Shanghai Masters 2024 highlights,pDuV42f4Kl8,Jannik Sinner With Relentless Performance vs Medvedev 💥 | Shanghai 2024 Highlights,Tennis TV,2024-10-10T08:53:08Z,https://www.youtube.com/watch?v=pDuV42f4Kl8,2,From 0-6 to 7-7 in H2H in one year.,857,2024-10-10T09:00:43Z,"{'neg': 0.0, 'neu': 1.0, 'pos': 0.0, 'compound': 0.0}",0.0,1.0,0.0,0.0,Neutral
Shanghai Masters,2024-10-10,Masters 1000,Outdoor,Hard,Quarterfinals,3,Sinner J.,Medvedev D.,Sinner J.,1,5,11010,5375,1.29,3.75,6-1 6-4,3.0,False,Medvedev,Sinner J.,36,Sinner vs Medvedev Shanghai Masters 2024 highlights,pDuV42f4Kl8,Jannik Sinner With Relentless Performance vs Medvedev 💥 | Shanghai 2024 Highlights,Tennis TV,2024-10-10T08:53:08Z,https://www.youtube.com/watch?v=pDuV42f4Kl8,3,That’s the best I’ve seen Sinner volley.  Very clean and crisp at net.  He just keeps getting better and better.,375,2024-10-10T09:53:48Z,"{'neg': 0.0, 'neu': 0.552, 'pos': 0.448, 'compound': 0.9184}",0.0,0.552,0.448,0.9184,Positive
Shanghai Masters,2024-10-10,Masters 1000,Outdoor,Hard,Quarterfinals,3,Sinner J.,Medvedev D.,Sinner J.,1,5,11010,5375,1.29,3.75,6-1 6-4,3.0,False,Medvedev,Sinner J.,36,Sinner vs Medvedev Shanghai Masters 2024 highlights,pDuV42f4Kl8,Jannik Sinner With Relentless Performance vs Medvedev 💥 | Shanghai 2024 Highlights,Tennis TV,2024-10-10T08:53:08Z,https://www.youtube.com/watch?v=pDuV42f4Kl8,4,He’s a champ. He keeps winning despite the shitstorm of sore losers.,70,2024-10-10T10:02:44Z,"{'neg': 0.289, 'neu': 0.392, 'pos': 0.319, 'compound': 0.1531}",0.289,0.392,0.319,0.1531,Positive
Shanghai Masters,2024-10-10,Masters 1000,Outdoor,Hard,Quarterfinals,3,Sinner J.,Medvedev D.,Sinner J.,1,5,11010,5375,1.29,3.75,6-1 6-4,3.0,False,Medvedev,Sinner J.,36,Sinner vs Medvedev Shanghai Masters 2024 highlights,pDuV42f4Kl8,Jannik Sinner With Relentless Performance vs Medvedev 💥 | Shanghai 2024 Highlights,Tennis TV,2024-10-10T08:53:08Z,https://www.youtube.com/watch?v=pDuV42f4Kl8,5,"First set highlights: 
“ *Game, Sinner.* ”",18,2024-10-10T10:39:46Z,"{'neg': 0.0, 'neu': 1.0, 'pos': 0.0, 'compound': 0.0}",0.0,1.0,0.0,0.0,Neutral
Shanghai Masters,2024-10-10,Masters 1000,Outdoor,Hard,Quarterfinals,3,Sinner J.,Medvedev D.,Sinner J.,1,5,11010,5375,1.29,3.75,6-1 6-4,3.0,False,Medvedev,Sinner J.,36,Sinner vs Medvedev Shanghai Masters 2024 highlights,pDuV42f4Kl8,Jannik Sinner With Relentless Performance vs Medvedev 💥 | Shanghai 2024 Highlights,Tennis TV,2024-10-10T08:53:08Z,https://www.youtube.com/watch?v=pDuV42f4Kl8,6,"""Sorry, sorry for the shoulder. I'm very sorry"" ""Yeah, no problem. Thanks man""
Great style of Jannik in conceding Meddy wasn't 100%, and great composure in Meddy not looking for excuses. Two amazing players.",159,2024-10-10T13:30:03Z,"{'neg': 0.207, 'neu': 0.502, 'pos': 0.291, 'compound': 0.719}",0.207,0.502,0.291,0.719,Positive
Shanghai Masters,2024-10-10,Masters 1000,Outdoor,Hard,Quarterfinals,3,Sinner J.,Medvedev D.,Sinner J.,1,5,11010,5375,1.29,3.75,6-1 6-4,3.0,False,Medvedev,Sinner J.,36,Sinner vs Medvedev Shanghai Masters 2024 highlights,pDuV42f4Kl8,Jannik Sinner With Relentless Performance vs Medvedev 💥 | Shanghai 2024 Highlights,Tennis TV,2024-10-10T08:53:08Z,https://www.youtube.com/watch?v=pDuV42f4Kl8,7,Sinner un genio como jugador y siempre de buen humor llegará muy lejos saludos desde Argentina lo mejor para ustedes.,68,2024-10-10T13:08:55Z,"{'neg': 0.0, 'neu': 0.9, 'pos': 0.1, 'compound': 0.2732}",0.0,0.9,0.1,0.2732,Positive
Shanghai Masters,2024-10-10,Masters 1000,Outdoor,Hard,Quarterfinals,3,Sinner J.,Medvedev D.,Sinner J.,1,5,11010,5375,1.29,3.75,6-1 6-4,3.0,False,Medvedev,Sinner J.,36,Sinner vs Medvedev Shanghai Masters 2024 highlights,pDuV42f4Kl8,Jannik Sinner With Relentless Performance vs Medvedev 💥 | Shanghai 2024 Highlights,Tennis TV,2024-10-10T08:53:08Z,https://www.youtube.com/watch?v=pDuV42f4Kl8,8,"Sinner is an impressive champion, winning almost every match he plays. Unlike Alcaraz, who has highs and lows, he reaches at least the semifinals in each tournament. Such domination and consistency have been hardly seen in tennis. If he does not get injured, he will write exciting pages in the sports books...",78,2024-10-10T15:16:42Z,"{'neg': 0.046, 'neu': 0.659, 'pos': 0.295, 'compound': 0.9456}",0.046,0.659,0.295,0.9456,Positive
Shanghai Masters,2024-10-10,Masters 1000,Outdoor,Hard,Quarterfinals,3,Sinner J.,Medvedev D.,Sinner J.,1,5,11010,5375,1.29,3.75,6-1 6-4,3.0,False,Medvedev,Sinner J.,36,Sinner vs Medvedev Shanghai Masters 2024 highlights,pDuV42f4Kl8,Jannik Sinner With Relentless Performance vs Medvedev 💥 | Shanghai 2024 Highlights,Tennis TV,2024-10-10T08:53:08Z,https://www.youtube.com/watch?v=pDuV42f4Kl8,9,"Sinner's game is evolving. He is founding better feel to volley and closing the point in the net. He also mixing more with slice, drop shot and lobs!",117,2024-10-10T11:31:00Z,"{'neg': 0.075, 'neu': 0.824, 'pos': 0.101, 'compound': 0.2091}",0.075,0.824,0.101,0.2091,Positive
Shanghai Masters,2024-10-10,Masters 1000,Outdoor,Hard,Quarterfinals,3,Sinner J.,Medvedev D.,Sinner J.,1,5,11010,5375,1.29,3.75,6-1 6-4,3.0,False,Medvedev,Sinner J.,36,Sinner vs Medvedev Shanghai Masters 2024 highlights,pDuV42f4Kl8,Jannik Sinner With Relentless Performance vs Medvedev 💥 | Shanghai 2024 Highlights,Tennis TV,2024-10-10T08:53:08Z,https://www.youtube.com/watch?v=pDuV42f4Kl8,10,Meddy did pretty good in the second set taking into account he had to change his forehand due to his shoulder pain.,119,2024-10-10T08:57:03Z,"{'neg': 0.116, 'neu': 0.669, 'pos': 0.215, 'compound': 0.4215}",0.116,0.669,0.215,0.4215,Positive
Shanghai Masters,2024-10-10,Masters 1000,Outdoor,Hard,Quarterfinals,3,Sinner J.,Medvedev D.,Sinner J.,1,5,11010,5375,1.29,3.75,6-1 6-4,3.0,False,Medvedev,Sinner J.,36,Sinner vs Medvedev Shanghai Masters 2024 highlights,pDuV42f4Kl8,Jannik Sinner With Relentless Performance vs Medvedev 💥 | Shanghai 2024 Highlights,Tennis TV,2024-10-10T08:53:08Z,https://www.youtube.com/watch?v=pDuV42f4Kl8,11,"Wow 😊
Sinner so dominant 😊",10,2024-10-10T11:46:35Z,"{'neg': 0.0, 'neu': 0.359, 'pos': 0.641, 'compound': 0.944}",0.0,0.359,0.641,0.944,Positive
Shanghai Masters,2024-10-10,Masters 1000,Outdoor,Hard,Quarterfinals,3,Sinner J.,Medvedev D.,Sinner J.,1,5,11010,5375,1.29,3.75,6-1 6-4,3.0,False,Medvedev,Sinner J.,36,Sinner vs Medvedev Shanghai Masters 2024 highlights,pDuV42f4Kl8,Jannik Sinner With Relentless Performance vs Medvedev 💥 | Shanghai 2024 Highlights,Tennis TV,2024-10-10T08:53:08Z,https://www.youtube.com/watch?v=pDuV42f4Kl8,12,Great to see Sinner play with such composure and patience,78,2024-10-10T09:20:28Z,"{'neg': 0.0, 'neu': 0.552, 'pos': 0.448, 'compound': 0.7579}",0.0,0.552,0.448,0.7579,Positive
Shanghai Masters,2024-10-10,Masters 1000,Outdoor,Hard,Quarterfinals,3,Sinner J.,Medvedev D.,Sinner J.,1,5,11010,5375,1.29,3.75,6-1 6-4,3.0,False,Medvedev,Sinner J.,36,Sinner vs Medvedev Shanghai Masters 2024 highlights,pDuV42f4Kl8,Jannik Sinner With Relentless Performance vs Medvedev 💥 | Shanghai 2024 Highlights,Tennis TV,2024-10-10T08:53:08Z,https://www.youtube.com/watch?v=pDuV42f4Kl8,13,Amazing match by Sinner!! Medvedev simply can't figure him out at the moment. Looking forward to hopefully another Sinner vs Alcaraz match 💪,20,2024-10-10T11:09:09Z,"{'neg': 0.0, 'neu': 0.756, 'pos': 0.244, 'compound': 0.7955}",0.0,0.756,0.244,0.7955,Positive
Shanghai Masters,2024-10-10,Masters 1000,Outdoor,Hard,Quarterfinals,3,Sinner J.,Medvedev D.,Sinner J.,1,5,11010,5375,1.29,3.75,6-1 6-4,3.0,False,Medvedev,Sinner J.,36,Sinner vs Medvedev Shanghai Masters 2024 highlights,pDuV42f4Kl8,Jannik Sinner With Relentless Performance vs Medvedev 💥 | Shanghai 2024 Highlights,Tennis TV,2024-10-10T08:53:08Z,https://www.youtube.com/watch?v=pDuV42f4Kl8,14,Jannik was too good today !,23,2024-10-10T08:54:45Z,"{'neg': 0.0, 'neu': 0.61, 'pos': 0.39, 'compound': 0.4926}",0.0,0.61,0.39,0.4926,Positive
Shanghai Masters,2024-10-10,Masters 1000,Outdoor,Hard,Quarterfinals,3,Sinner J.,Medvedev D.,Sinner J.,1,5,11010,5375,1.29,3.75,6-1 6-4,3.0,False,Medvedev,Sinner J.,36,Sinner vs Medvedev Shanghai Masters 2024 highlights,pDuV42f4Kl8,Jannik Sinner With Relentless Performance vs Medvedev 💥 | Shanghai 2024 Highlights,Tennis TV,2024-10-10T08:53:08Z,https://www.youtube.com/watch?v=pDuV42f4Kl8,15,Clinical from the world number 1,14,2024-10-10T09:03:55Z,"{'neg': 0.0, 'neu': 0.794, 'pos': 0.206, 'compound': 0.0772}",0.0,0.794,0.206,0.0772,Positive
Shanghai Masters,2024-10-10,Masters 1000,Outdoor,Hard,Quarterfinals,3,Sinner J.,Medvedev D.,Sinner J.,1,5,11010,5375,1.29,3.75,6-1 6-4,3.0,False,Medvedev,Sinner J.,36,Sinner vs Medvedev Shanghai Masters 2024 highlights,pDuV42f4Kl8,Jannik Sinner With Relentless Performance vs Medvedev 💥 | Shanghai 2024 Highlights,Tennis TV,2024-10-10T08:53:08Z,https://www.youtube.com/watch?v=pDuV42f4Kl8,16,Sinner and Alcaraz are on a different level than any other player right now.,279,2024-10-10T09:21:44Z,"{'neg': 0.0, 'neu': 1.0, 'pos': 0.0, 'compound': 0.0}",0.0,1.0,0.0,0.0,Neutral
Shanghai Masters,2024-10-10,Masters 1000,Outdoor,Hard,Quarterfinals,3,Sinner J.,Medvedev D.,Sinner J.,1,5,11010,5375,1.29,3.75,6-1 6-4,3.0,False,Medvedev,Sinner J.,36,Sinner vs Medvedev Shanghai Masters 2024 highlights,pDuV42f4Kl8,Jannik Sinner With Relentless Performance vs Medvedev 💥 | Shanghai 2024 Highlights,Tennis TV,2024-10-10T08:53:08Z,https://www.youtube.com/watch?v=pDuV42f4Kl8,17,you can really see how Sinner compared to Daniiel are able to accumulate so much more power on his forehand the way he hits the ball,10,2024-10-10T09:33:16Z,"{'neg': 0.0, 'neu': 1.0, 'pos': 0.0, 'compound': 0.0}",0.0,1.0,0.0,0.0,Neutral
Shanghai Masters,2024-10-10,Masters 1000,Outdoor,Hard,Quarterfinals,3,Sinner J.,Medvedev D.,Sinner J.,1,5,11010,5375,1.29,3.75,6-1 6-4,3.0,False,Medvedev,Sinner J.,36,Sinner vs Medvedev Shanghai Masters 2024 highlights,pDuV42f4Kl8,Jannik Sinner With Relentless Performance vs Medvedev 💥 | Shanghai 2024 Highlights,Tennis TV,2024-10-10T08:53:08Z,https://www.youtube.com/watch?v=pDuV42f4Kl8,18,Meddy has reached his ceiling in 2021. With the rising of Alcaraz & Sinner it would be extremely tough for him to have a shot at another GS title.,97,2024-10-10T09:49:04Z,"{'neg': 0.059, 'neu': 0.894, 'pos': 0.046, 'compound': -0.101}",0.059,0.894,0.046,-0.101,Negative
Shanghai Masters,2024-10-10,Masters 1000,Outdoor,Hard,Quarterfinals,3,Sinner J.,Medvedev D.,Sinner J.,1,5,11010,5375,1.29,3.75,6-1 6-4,3.0,False,Medvedev,Sinner J.,36,Sinner vs Medvedev Shanghai Masters 2024 highlights,pDuV42f4Kl8,Jannik Sinner With Relentless Performance vs Medvedev 💥 | Shanghai 2024 Highlights,Tennis TV,2024-10-10T08:53:08Z,https://www.youtube.com/watch?v=pDuV42f4Kl8,19,Those are craaaaazy points jesus,7,2024-10-10T09:20:10Z,"{'neg': 0.0, 'neu': 1.0, 'pos': 0.0, 'compound': 0.0}",0.0,1.0,0.0,0.0,Neutral
Shanghai Masters,2024-10-10,Masters 1000,Outdoor,Hard,Quarterfinals,3,Sinner J.,Medvedev D.,Sinner J.,1,5,11010,5375,1.29,3.75,6-1 6-4,3.0,False,Medvedev,Sinner J.,36,Sinner vs Medvedev Shanghai Masters 2024 highlights,pDuV42f4Kl8,Jannik Sinner With Relentless Performance vs Medvedev 💥 | Shanghai 2024 Highlights,Tennis TV,2024-10-10T08:53:08Z,https://www.youtube.com/watch?v=pDuV42f4Kl8,20,Sinner is the master of set ups. Such a smooth operator on the court,2,2024-10-10T15:36:03Z,"{'neg': 0.0, 'neu': 1.0, 'pos': 0.0, 'compound': 0.0}",0.0,1.0,0.0,0.0,Neutral
Shanghai Masters,2024-10-10,Masters 1000,Outdoor,Hard,Quarterfinals,3,Sinner J.,Medvedev D.,Sinner J.,1,5,11010,5375,1.29,3.75,6-1 6-4,3.0,False,Medvedev,Sinner J.,36,Sinner vs Medvedev Shanghai Masters 2024 highlights,pDuV42f4Kl8,Jannik Sinner With Relentless Performance vs Medvedev 💥 | Shanghai 2024 Highlights,Tennis TV,2024-10-10T08:53:08Z,https://www.youtube.com/watch?v=pDuV42f4Kl8,21,"Too bad Meddy injured his shoulder but man, what a performance from Sinner. He's not world number 1 for nothing.",232,2024-10-10T08:54:21Z,"{'neg': 0.242, 'neu': 0.758, 'pos': 0.0, 'compound': -0.5319}",0.242,0.758,0.0,-0.5319,Negative
Shanghai Masters,2024-10-10,Masters 1000,Outdoor,Hard,Quarterfinals,3,Sinner J.,Medvedev D.,Sinner J.,1,5,11010,5375,1.29,3.75,6-1 6-4,3.0,False,Medvedev,Sinner J.,36,Sinner vs Medvedev Shanghai Masters 2024 highlights,pDuV42f4Kl8,Jannik Sinner With Relentless Performance vs Medvedev 💥 | Shanghai 2024 Highlights,Tennis TV,2024-10-10T08:53:08Z,https://www.youtube.com/watch?v=pDuV42f4Kl8,22,Amazing game Jannik! So many beautiful shots. Keep winning 🎉,10,2024-10-10T13:13:44Z,"{'neg': 0.0, 'neu': 0.328, 'pos': 0.672, 'compound': 0.9368}",0.0,0.328,0.672,0.9368,Positive
Shanghai Masters,2024-10-10,Masters 1000,Outdoor,Hard,Quarterfinals,3,Sinner J.,Medvedev D.,Sinner J.,1,5,11010,5375,1.29,3.75,6-1 6-4,3.0,False,Medvedev,Sinner J.,36,Sinner vs Medvedev Shanghai Masters 2024 highlights,pDuV42f4Kl8,Jannik Sinner With Relentless Performance vs Medvedev 💥 | Shanghai 2024 Highlights,Tennis TV,2024-10-10T08:53:08Z,https://www.youtube.com/watch?v=pDuV42f4Kl8,23,Jannik ❤❤❤🦊🥇🏆🧡🧡🧡... In love love love 🥰 Sinner!,18,2024-10-10T09:16:21Z,"{'neg': 0.0, 'neu': 0.26, 'pos': 0.74, 'compound': 0.9944}",0.0,0.26,0.74,0.9944,Positive
Shanghai Masters,2024-10-10,Masters 1000,Outdoor,Hard,Quarterfinals,3,Sinner J.,Medvedev D.,Sinner J.,1,5,11010,5375,1.29,3.75,6-1 6-4,3.0,False,Medvedev,Sinner J.,36,Sinner vs Medvedev Shanghai Masters 2024 highlights,pDuV42f4Kl8,Jannik Sinner With Relentless Performance vs Medvedev 💥 | Shanghai 2024 Highlights,Tennis TV,2024-10-10T08:53:08Z,https://www.youtube.com/watch?v=pDuV42f4Kl8,24,grande Jannik! 🧡🦊🎾💚🤍❤,6,2024-10-10T09:05:07Z,"{'neg': 0.0, 'neu': 0.509, 'pos': 0.491, 'compound': 0.8655}",0.0,0.509,0.491,0.8655,Positive
Shanghai Masters,2024-10-10,Masters 1000,Outdoor,Hard,Quarterfinals,3,Sinner J.,Medvedev D.,Sinner J.,1,5,11010,5375,1.29,3.75,6-1 6-4,3.0,False,Medvedev,Sinner J.,36,Sinner vs Medvedev Shanghai Masters 2024 highlights,pDuV42f4Kl8,Jannik Sinner With Relentless Performance vs Medvedev 💥 | Shanghai 2024 Highlights,Tennis TV,2024-10-10T08:53:08Z,https://www.youtube.com/watch?v=pDuV42f4Kl8,25,This stepping in whippy forehand down the line at 4:02 is something new from Sinner. He really is improving day by day. As he develops his offensive abilities he can maintain his n1 spot for a long time and find ways to beat Alcaraz,45,2024-10-10T09:17:04Z,"{'neg': 0.059, 'neu': 0.785, 'pos': 0.157, 'compound': 0.6096}",0.059,0.785,0.157,0.6096,Positive
US Open,2024-09-05,Grand Slam,Outdoor,Hard,Quarterfinals,5,Sinner J.,Medvedev D.,Sinner J.,1,5,9360,6275,1.36,3.2,6-2 1-6 6-1 6-4,3.0,False,Medvedev,Sinner J.,37,Sinner vs Medvedev US Open 2024 highlights,gEkZESVODMY,Jannik Sinner vs. Daniil Medvedev Highlights | 2024 US Open Quarterfinal,US Open Tennis Championships,2024-09-05T04:50:00Z,https://www.youtube.com/watch?v=gEkZESVODMY,1,"When you win sets 6-2, 6-1 against Medvedev...Sinner is umbelieavable",710,2024-09-05T05:24:19Z,"{'neg': 0.0, 'neu': 0.703, 'pos': 0.297, 'compound': 0.5859}",0.0,0.703,0.297,0.5859,Positive
US Open,2024-09-05,Grand Slam,Outdoor,Hard,Quarterfinals,5,Sinner J.,Medvedev D.,Sinner J.,1,5,9360,6275,1.36,3.2,6-2 1-6 6-1 6-4,3.0,False,Medvedev,Sinner J.,37,Sinner vs Medvedev US Open 2024 highlights,gEkZESVODMY,Jannik Sinner vs. Daniil Medvedev Highlights | 2024 US Open Quarterfinal,US Open Tennis Championships,2024-09-05T04:50:00Z,https://www.youtube.com/watch?v=gEkZESVODMY,2,Jannik Sinner is incredibly game oriented and at the top of his career emotionally and mentally resistant and doesn't let anyone to bother his neutral state of mind all through the game. Definitely the favorite.,653,2024-09-05T05:00:59Z,"{'neg': 0.059, 'neu': 0.758, 'pos': 0.183, 'compound': 0.6249}",0.059,0.758,0.183,0.6249,Positive
US Open,2024-09-05,Grand Slam,Outdoor,Hard,Quarterfinals,5,Sinner J.,Medvedev D.,Sinner J.,1,5,9360,6275,1.36,3.2,6-2 1-6 6-1 6-4,3.0,False,Medvedev,Sinner J.,37,Sinner vs Medvedev US Open 2024 highlights,gEkZESVODMY,Jannik Sinner vs. Daniil Medvedev Highlights | 2024 US Open Quarterfinal,US Open Tennis Championships,2024-09-05T04:50:00Z,https://www.youtube.com/watch?v=gEkZESVODMY,3,"they have been trying to knock him down but but you can tell how honest Sinner is when he plays tennis. No trash-talking, no complains, no fighting with other collegues or referees. Just focused on what he likes the most: tennis",170,2024-09-05T09:55:13Z,"{'neg': 0.047, 'neu': 0.543, 'pos': 0.41, 'compound': 0.9655}",0.047,0.543,0.41,0.9655,Positive
US Open,2024-09-05,Grand Slam,Outdoor,Hard,Quarterfinals,5,Sinner J.,Medvedev D.,Sinner J.,1,5,9360,6275,1.36,3.2,6-2 1-6 6-1 6-4,3.0,False,Medvedev,Sinner J.,37,Sinner vs Medvedev US Open 2024 highlights,gEkZESVODMY,Jannik Sinner vs. Daniil Medvedev Highlights | 2024 US Open Quarterfinal,US Open Tennis Championships,2024-09-05T04:50:00Z,https://www.youtube.com/watch?v=gEkZESVODMY,4,"Jannik Sinner is playing some fantastic tennis right now and is definitely the favorite to win the title. Not a foregone conclusion though, but no doubt the main favorite. He’s also possibly the most mature young top player we have in the game today. Very calm and with great composure, he handles himself really well both on and off the court.",613,2024-09-05T04:52:12Z,"{'neg': 0.0, 'neu': 0.58, 'pos': 0.42, 'compound': 0.9867}",0.0,0.58,0.42,0.9867,Positive
US Open,2024-09-05,Grand Slam,Outdoor,Hard,Quarterfinals,5,Sinner J.,Medvedev D.,Sinner J.,1,5,9360,6275,1.36,3.2,6-2 1-6 6-1 6-4,3.0,False,Medvedev,Sinner J.,37,Sinner vs Medvedev US Open 2024 highlights,gEkZESVODMY,Jannik Sinner vs. Daniil Medvedev Highlights | 2024 US Open Quarterfinal,US Open Tennis Championships,2024-09-05T04:50:00Z,https://www.youtube.com/watch?v=gEkZESVODMY,5,The level of Sinner is insane,301,2024-09-05T05:38:15Z,"{'neg': 0.351, 'neu': 0.649, 'pos': 0.0, 'compound': -0.4019}",0.351,0.649,0.0,-0.4019,Negative
US Open,2024-09-05,Grand Slam,Outdoor,Hard,Quarterfinals,5,Sinner J.,Medvedev D.,Sinner J.,1,5,9360,6275,1.36,3.2,6-2 1-6 6-1 6-4,3.0,False,Medvedev,Sinner J.,37,Sinner vs Medvedev US Open 2024 highlights,gEkZESVODMY,Jannik Sinner vs. Daniil Medvedev Highlights | 2024 US Open Quarterfinal,US Open Tennis Championships,2024-09-05T04:50:00Z,https://www.youtube.com/watch?v=gEkZESVODMY,6,"Partita epica, come ci si aspettava. Molti gli errori, da una parte e dall'altra. Ha vinto Jannik,più forte, più fresco. Onore a Medvedev.",12,2024-09-05T07:05:42Z,"{'neg': 0.0, 'neu': 0.902, 'pos': 0.098, 'compound': 0.34}",0.0,0.902,0.098,0.34,Positive
US Open,2024-09-05,Grand Slam,Outdoor,Hard,Quarterfinals,5,Sinner J.,Medvedev D.,Sinner J.,1,5,9360,6275,1.36,3.2,6-2 1-6 6-1 6-4,3.0,False,Medvedev,Sinner J.,37,Sinner vs Medvedev US Open 2024 highlights,gEkZESVODMY,Jannik Sinner vs. Daniil Medvedev Highlights | 2024 US Open Quarterfinal,US Open Tennis Championships,2024-09-05T04:50:00Z,https://www.youtube.com/watch?v=gEkZESVODMY,7,"I was afraid the incident was going to take a mental toll on SInner, but it seems the opposite is true. He has evolved from ""everybody's favorite cutie"" with some fragility, into more of an introverted ""us against the rest of the world"" type of player, who now only cares about winning. I like his dead serious attitude a little less than the cheerfulness he has lost but it's definitely the attitude of a champion.",72,2024-09-05T09:08:36Z,"{'neg': 0.095, 'neu': 0.579, 'pos': 0.326, 'compound': 0.9801}",0.095,0.579,0.326,0.9801,Positive
US Open,2024-09-05,Grand Slam,Outdoor,Hard,Quarterfinals,5,Sinner J.,Medvedev D.,Sinner J.,1,5,9360,6275,1.36,3.2,6-2 1-6 6-1 6-4,3.0,False,Medvedev,Sinner J.,37,Sinner vs Medvedev US Open 2024 highlights,gEkZESVODMY,Jannik Sinner vs. Daniil Medvedev Highlights | 2024 US Open Quarterfinal,US Open Tennis Championships,2024-09-05T04:50:00Z,https://www.youtube.com/watch?v=gEkZESVODMY,8,Who else waiting for the condensed highlights to drop just like me?,140,2024-09-05T04:58:23Z,"{'neg': 0.144, 'neu': 0.685, 'pos': 0.171, 'compound': 0.1027}",0.144,0.685,0.171,0.1027,Positive
US Open,2024-09-05,Grand Slam,Outdoor,Hard,Quarterfinals,5,Sinner J.,Medvedev D.,Sinner J.,1,5,9360,6275,1.36,3.2,6-2 1-6 6-1 6-4,3.0,False,Medvedev,Sinner J.,37,Sinner vs Medvedev US Open 2024 highlights,gEkZESVODMY,Jannik Sinner vs. Daniil Medvedev Highlights | 2024 US Open Quarterfinal,US Open Tennis Championships,2024-09-05T04:50:00Z,https://www.youtube.com/watch?v=gEkZESVODMY,9,Sinner is unstoppable in hard court 🔥,201,2024-09-05T05:36:55Z,"{'neg': 0.583, 'neu': 0.417, 'pos': 0.0, 'compound': -0.5574}",0.583,0.417,0.0,-0.5574,Negative
US Open,2024-09-05,Grand Slam,Outdoor,Hard,Quarterfinals,5,Sinner J.,Medvedev D.,Sinner J.,1,5,9360,6275,1.36,3.2,6-2 1-6 6-1 6-4,3.0,False,Medvedev,Sinner J.,37,Sinner vs Medvedev US Open 2024 highlights,gEkZESVODMY,Jannik Sinner vs. Daniil Medvedev Highlights | 2024 US Open Quarterfinal,US Open Tennis Championships,2024-09-05T04:50:00Z,https://www.youtube.com/watch?v=gEkZESVODMY,10,That Celebration was 🥶🥶,1,2024-09-09T11:50:04Z,"{'neg': 0.0, 'neu': 1.0, 'pos': 0.0, 'compound': 0.0}",0.0,1.0,0.0,0.0,Neutral
US Open,2024-09-05,Grand Slam,Outdoor,Hard,Quarterfinals,5,Sinner J.,Medvedev D.,Sinner J.,1,5,9360,6275,1.36,3.2,6-2 1-6 6-1 6-4,3.0,False,Medvedev,Sinner J.,37,Sinner vs Medvedev US Open 2024 highlights,gEkZESVODMY,Jannik Sinner vs. Daniil Medvedev Highlights | 2024 US Open Quarterfinal,US Open Tennis Championships,2024-09-05T04:50:00Z,https://www.youtube.com/watch?v=gEkZESVODMY,11,Medvedev will never stop breaking my heart. 😢,78,2024-09-05T06:14:28Z,"{'neg': 0.204, 'neu': 0.395, 'pos': 0.401, 'compound': 0.4567}",0.204,0.395,0.401,0.4567,Positive
US Open,2024-09-05,Grand Slam,Outdoor,Hard,Quarterfinals,5,Sinner J.,Medvedev D.,Sinner J.,1,5,9360,6275,1.36,3.2,6-2 1-6 6-1 6-4,3.0,False,Medvedev,Sinner J.,37,Sinner vs Medvedev US Open 2024 highlights,gEkZESVODMY,Jannik Sinner vs. Daniil Medvedev Highlights | 2024 US Open Quarterfinal,US Open Tennis Championships,2024-09-05T04:50:00Z,https://www.youtube.com/watch?v=gEkZESVODMY,12,"I used to think that Alcaraz with his power and explosive moves is the best ball striker on Tour. This week Tommy Paul said he thinks Sinner is that guy. After giving some thought and analysing it, i believe he is right. Sinner has the ability on both wings to strike winners from every position on court and he is better than anyone at this.",65,2024-09-05T08:20:17Z,"{'neg': 0.02, 'neu': 0.782, 'pos': 0.198, 'compound': 0.9246}",0.02,0.782,0.198,0.9246,Positive
US Open,2024-09-05,Grand Slam,Outdoor,Hard,Quarterfinals,5,Sinner J.,Medvedev D.,Sinner J.,1,5,9360,6275,1.36,3.2,6-2 1-6 6-1 6-4,3.0,False,Medvedev,Sinner J.,37,Sinner vs Medvedev US Open 2024 highlights,gEkZESVODMY,Jannik Sinner vs. Daniil Medvedev Highlights | 2024 US Open Quarterfinal,US Open Tennis Championships,2024-09-05T04:50:00Z,https://www.youtube.com/watch?v=gEkZESVODMY,13,Sinner lifting the US Open trophy on Sunday is pretty much a foregone conclusion now,3,2024-09-05T11:52:09Z,"{'neg': 0.0, 'neu': 0.814, 'pos': 0.186, 'compound': 0.4939}",0.0,0.814,0.186,0.4939,Positive
US Open,2024-09-05,Grand Slam,Outdoor,Hard,Quarterfinals,5,Sinner J.,Medvedev D.,Sinner J.,1,5,9360,6275,1.36,3.2,6-2 1-6 6-1 6-4,3.0,False,Medvedev,Sinner J.,37,Sinner vs Medvedev US Open 2024 highlights,gEkZESVODMY,Jannik Sinner vs. Daniil Medvedev Highlights | 2024 US Open Quarterfinal,US Open Tennis Championships,2024-09-05T04:50:00Z,https://www.youtube.com/watch?v=gEkZESVODMY,14,You know it's serious when Sinner looks down at his feet and exhales,3,2024-09-05T13:33:01Z,"{'neg': 0.098, 'neu': 0.902, 'pos': 0.0, 'compound': -0.0772}",0.098,0.902,0.0,-0.0772,Negative
US Open,2024-09-05,Grand Slam,Outdoor,Hard,Quarterfinals,5,Sinner J.,Medvedev D.,Sinner J.,1,5,9360,6275,1.36,3.2,6-2 1-6 6-1 6-4,3.0,False,Medvedev,Sinner J.,37,Sinner vs Medvedev US Open 2024 highlights,gEkZESVODMY,Jannik Sinner vs. Daniil Medvedev Highlights | 2024 US Open Quarterfinal,US Open Tennis Championships,2024-09-05T04:50:00Z,https://www.youtube.com/watch?v=gEkZESVODMY,15,"Forza Campione, vinceai  il torneo, lo sento. Vai e conquista New york. Siamo tutti con te. Forza Leone💪🇮🇪👍",6,2024-09-05T07:39:34Z,"{'neg': 0.0, 'neu': 1.0, 'pos': 0.0, 'compound': 0.0}",0.0,1.0,0.0,0.0,Neutral
US Open,2024-09-05,Grand Slam,Outdoor,Hard,Quarterfinals,5,Sinner J.,Medvedev D.,Sinner J.,1,5,9360,6275,1.36,3.2,6-2 1-6 6-1 6-4,3.0,False,Medvedev,Sinner J.,37,Sinner vs Medvedev US Open 2024 highlights,gEkZESVODMY,Jannik Sinner vs. Daniil Medvedev Highlights | 2024 US Open Quarterfinal,US Open Tennis Championships,2024-09-05T04:50:00Z,https://www.youtube.com/watch?v=gEkZESVODMY,16,Great match from Jannik.👍😍,5,2024-09-05T08:43:37Z,"{'neg': 0.0, 'neu': 0.53, 'pos': 0.47, 'compound': 0.7964}",0.0,0.53,0.47,0.7964,Positive
US Open,2024-09-05,Grand Slam,Outdoor,Hard,Quarterfinals,5,Sinner J.,Medvedev D.,Sinner J.,1,5,9360,6275,1.36,3.2,6-2 1-6 6-1 6-4,3.0,False,Medvedev,Sinner J.,37,Sinner vs Medvedev US Open 2024 highlights,gEkZESVODMY,Jannik Sinner vs. Daniil Medvedev Highlights | 2024 US Open Quarterfinal,US Open Tennis Championships,2024-09-05T04:50:00Z,https://www.youtube.com/watch?v=gEkZESVODMY,17,Yes yes yes go go go Champion 💪🏼🔝 Sinner is the best,9,2024-09-05T06:05:48Z,"{'neg': 0.0, 'neu': 0.39, 'pos': 0.61, 'compound': 0.9567}",0.0,0.39,0.61,0.9567,Positive
US Open,2024-09-05,Grand Slam,Outdoor,Hard,Quarterfinals,5,Sinner J.,Medvedev D.,Sinner J.,1,5,9360,6275,1.36,3.2,6-2 1-6 6-1 6-4,3.0,False,Medvedev,Sinner J.,37,Sinner vs Medvedev US Open 2024 highlights,gEkZESVODMY,Jannik Sinner vs. Daniil Medvedev Highlights | 2024 US Open Quarterfinal,US Open Tennis Championships,2024-09-05T04:50:00Z,https://www.youtube.com/watch?v=gEkZESVODMY,18,"Amazing, if this was in 4K, it would've been even more amazing!",4,2024-09-05T05:48:51Z,"{'neg': 0.0, 'neu': 0.55, 'pos': 0.45, 'compound': 0.8475}",0.0,0.55,0.45,0.8475,Positive
US Open,2024-09-05,Grand Slam,Outdoor,Hard,Quarterfinals,5,Sinner J.,Medvedev D.,Sinner J.,1,5,9360,6275,1.36,3.2,6-2 1-6 6-1 6-4,3.0,False,Medvedev,Sinner J.,37,Sinner vs Medvedev US Open 2024 highlights,gEkZESVODMY,Jannik Sinner vs. Daniil Medvedev Highlights | 2024 US Open Quarterfinal,US Open Tennis Championships,2024-09-05T04:50:00Z,https://www.youtube.com/watch?v=gEkZESVODMY,19,Love to see the player’s team react when they win ❤,9,2024-09-05T09:03:39Z,"{'neg': 0.0, 'neu': 0.425, 'pos': 0.575, 'compound': 0.9217}",0.0,0.425,0.575,0.9217,Positive
US Open,2024-09-05,Grand Slam,Outdoor,Hard,Quarterfinals,5,Sinner J.,Medvedev D.,Sinner J.,1,5,9360,6275,1.36,3.2,6-2 1-6 6-1 6-4,3.0,False,Medvedev,Sinner J.,37,Sinner vs Medvedev US Open 2024 highlights,gEkZESVODMY,Jannik Sinner vs. Daniil Medvedev Highlights | 2024 US Open Quarterfinal,US Open Tennis Championships,2024-09-05T04:50:00Z,https://www.youtube.com/watch?v=gEkZESVODMY,20,"Молодчага я просто тебя обожаю...после финала австралиан я возлюбил тебя как самого себя, а теперь и вовсе...ну всё чемпион известен ведь это был по сути финал!",4,2024-09-05T09:37:33Z,"{'neg': 0.0, 'neu': 1.0, 'pos': 0.0, 'compound': 0.0}",0.0,1.0,0.0,0.0,Neutral
US Open,2024-09-05,Grand Slam,Outdoor,Hard,Quarterfinals,5,Sinner J.,Medvedev D.,Sinner J.,1,5,9360,6275,1.36,3.2,6-2 1-6 6-1 6-4,3.0,False,Medvedev,Sinner J.,37,Sinner vs Medvedev US Open 2024 highlights,gEkZESVODMY,Jannik Sinner vs. Daniil Medvedev Highlights | 2024 US Open Quarterfinal,US Open Tennis Championships,2024-09-05T04:50:00Z,https://www.youtube.com/watch?v=gEkZESVODMY,21,Sublime sei troppo bravo Jannik ❤,3,2024-09-05T07:24:49Z,"{'neg': 0.0, 'neu': 0.588, 'pos': 0.412, 'compound': 0.6369}",0.0,0.588,0.412,0.6369,Positive
US Open,2024-09-05,Grand Slam,Outdoor,Hard,Quarterfinals,5,Sinner J.,Medvedev D.,Sinner J.,1,5,9360,6275,1.36,3.2,6-2 1-6 6-1 6-4,3.0,False,Medvedev,Sinner J.,37,Sinner vs Medvedev US Open 2024 highlights,gEkZESVODMY,Jannik Sinner vs. Daniil Medvedev Highlights | 2024 US Open Quarterfinal,US Open Tennis Championships,2024-09-05T04:50:00Z,https://www.youtube.com/watch?v=gEkZESVODMY,22,"Very impressive play, he makes it look so easy. Just perfect ball timing and centering. He will be very hard to beat. As much as I would love to see an American player win this time, I don't think either stand a real chance against Sinner. We will see.",60,2024-09-05T05:00:16Z,"{'neg': 0.025, 'neu': 0.615, 'pos': 0.36, 'compound': 0.9729}",0.025,0.615,0.36,0.9729,Positive
US Open,2024-09-05,Grand Slam,Outdoor,Hard,Quarterfinals,5,Sinner J.,Medvedev D.,Sinner J.,1,5,9360,6275,1.36,3.2,6-2 1-6 6-1 6-4,3.0,False,Medvedev,Sinner J.,37,Sinner vs Medvedev US Open 2024 highlights,gEkZESVODMY,Jannik Sinner vs. Daniil Medvedev Highlights | 2024 US Open Quarterfinal,US Open Tennis Championships,2024-09-05T04:50:00Z,https://www.youtube.com/watch?v=gEkZESVODMY,23,Simply the best.🏆🏆🏆🏆🏆🏆,31,2024-09-05T05:08:55Z,"{'neg': 0.0, 'neu': 0.656, 'pos': 0.344, 'compound': 0.6369}",0.0,0.656,0.344,0.6369,Positive
US Open,2024-09-05,Grand Slam,Outdoor,Hard,Quarterfinals,5,Sinner J.,Medvedev D.,Sinner J.,1,5,9360,6275,1.36,3.2,6-2 1-6 6-1 6-4,3.0,False,Medvedev,Sinner J.,37,Sinner vs Medvedev US Open 2024 highlights,gEkZESVODMY,Jannik Sinner vs. Daniil Medvedev Highlights | 2024 US Open Quarterfinal,US Open Tennis Championships,2024-09-05T04:50:00Z,https://www.youtube.com/watch?v=gEkZESVODMY,24,I think sinner's maturity and the control he has over his emotions will separate him from alcaraz and other competition and will definitely help him in his coming matches. I predict two straight set wins for sinner to win the title!,3,2024-09-05T17:13:59Z,"{'neg': 0.0, 'neu': 0.705, 'pos': 0.295, 'compound': 0.9336}",0.0,0.705,0.295,0.9336,Positive
US Open,2024-09-05,Grand Slam,Outdoor,Hard,Quarterfinals,5,Sinner J.,Medvedev D.,Sinner J.,1,5,9360,6275,1.36,3.2,6-2 1-6 6-1 6-4,3.0,False,Medvedev,Sinner J.,37,Sinner vs Medvedev US Open 2024 highlights,gEkZESVODMY,Jannik Sinner vs. Daniil Medvedev Highlights | 2024 US Open Quarterfinal,US Open Tennis Championships,2024-09-05T04:50:00Z,https://www.youtube.com/watch?v=gEkZESVODMY,25,"distruction, What a power Sinner",3,2024-09-05T08:44:49Z,"{'neg': 0.0, 'neu': 1.0, 'pos': 0.0, 'compound': 0.0}",0.0,1.0,0.0,0.0,Neutral
Wimbledon,2024-07-12,Grand Slam,Outdoor,Grass,Semifinals,5,Medvedev D.,Alcaraz C.,Alcaraz C.,5,3,6445,8130,3.75,1.29,7-6 3-6 4-6 4-6,4.0,False,Medvedev,Alcaraz C.,38,Medvedev vs Alcaraz Wimbledon 2024 highlights,rNkv9QPsacQ,Carlos Alcaraz vs Daniil Medvedev | HIGHLIGHTS | RESUMEN | Semifinal | Wimbledon 2024,ESPN Deportes,2024-07-12T16:06:57Z,https://www.youtube.com/watch?v=rNkv9QPsacQ,1,Una máquina 🫰🏻,21,2024-07-12T17:57:18Z,"{'neg': 0.0, 'neu': 1.0, 'pos': 0.0, 'compound': 0.0}",0.0,1.0,0.0,0.0,Neutral
Wimbledon,2024-07-12,Grand Slam,Outdoor,Grass,Semifinals,5,Medvedev D.,Alcaraz C.,Alcaraz C.,5,3,6445,8130,3.75,1.29,7-6 3-6 4-6 4-6,4.0,False,Medvedev,Alcaraz C.,38,Medvedev vs Alcaraz Wimbledon 2024 highlights,rNkv9QPsacQ,Carlos Alcaraz vs Daniil Medvedev | HIGHLIGHTS | RESUMEN | Semifinal | Wimbledon 2024,ESPN Deportes,2024-07-12T16:06:57Z,https://www.youtube.com/watch?v=rNkv9QPsacQ,2,Buen triunfo de Carlos Alcaraz. Qué gran jugador.,12,2024-07-12T20:14:21Z,"{'neg': 0.0, 'neu': 1.0, 'pos': 0.0, 'compound': 0.0}",0.0,1.0,0.0,0.0,Neutral
Wimbledon,2024-07-12,Grand Slam,Outdoor,Grass,Semifinals,5,Medvedev D.,Alcaraz C.,Alcaraz C.,5,3,6445,8130,3.75,1.29,7-6 3-6 4-6 4-6,4.0,False,Medvedev,Alcaraz C.,38,Medvedev vs Alcaraz Wimbledon 2024 highlights,rNkv9QPsacQ,Carlos Alcaraz vs Daniil Medvedev | HIGHLIGHTS | RESUMEN | Semifinal | Wimbledon 2024,ESPN Deportes,2024-07-12T16:06:57Z,https://www.youtube.com/watch?v=rNkv9QPsacQ,3,Repito que se nos esté por ir Rafa y haya salido este chico es una bendición,10,2024-07-12T21:15:25Z,"{'neg': 0.0, 'neu': 1.0, 'pos': 0.0, 'compound': 0.0}",0.0,1.0,0.0,0.0,Neutral
Wimbledon,2024-07-12,Grand Slam,Outdoor,Grass,Semifinals,5,Medvedev D.,Alcaraz C.,Alcaraz C.,5,3,6445,8130,3.75,1.29,7-6 3-6 4-6 4-6,4.0,False,Medvedev,Alcaraz C.,38,Medvedev vs Alcaraz Wimbledon 2024 highlights,rNkv9QPsacQ,Carlos Alcaraz vs Daniil Medvedev | HIGHLIGHTS | RESUMEN | Semifinal | Wimbledon 2024,ESPN Deportes,2024-07-12T16:06:57Z,https://www.youtube.com/watch?v=rNkv9QPsacQ,4,Mis respetos a Medmedev en ese primer set!,7,2024-07-12T19:25:55Z,"{'neg': 0.0, 'neu': 1.0, 'pos': 0.0, 'compound': 0.0}",0.0,1.0,0.0,0.0,Neutral
Wimbledon,2024-07-12,Grand Slam,Outdoor,Grass,Semifinals,5,Medvedev D.,Alcaraz C.,Alcaraz C.,5,3,6445,8130,3.75,1.29,7-6 3-6 4-6 4-6,4.0,False,Medvedev,Alcaraz C.,38,Medvedev vs Alcaraz Wimbledon 2024 highlights,rNkv9QPsacQ,Carlos Alcaraz vs Daniil Medvedev | HIGHLIGHTS | RESUMEN | Semifinal | Wimbledon 2024,ESPN Deportes,2024-07-12T16:06:57Z,https://www.youtube.com/watch?v=rNkv9QPsacQ,5,No se debe hacer comparaciones pero el excelente sucesor. 🎾🏆,5,2024-07-12T19:10:53Z,"{'neg': 0.18, 'neu': 0.82, 'pos': 0.0, 'compound': -0.296}",0.18,0.82,0.0,-0.296,Negative
Wimbledon,2024-07-12,Grand Slam,Outdoor,Grass,Semifinals,5,Medvedev D.,Alcaraz C.,Alcaraz C.,5,3,6445,8130,3.75,1.29,7-6 3-6 4-6 4-6,4.0,False,Medvedev,Alcaraz C.,38,Medvedev vs Alcaraz Wimbledon 2024 highlights,rNkv9QPsacQ,Carlos Alcaraz vs Daniil Medvedev | HIGHLIGHTS | RESUMEN | Semifinal | Wimbledon 2024,ESPN Deportes,2024-07-12T16:06:57Z,https://www.youtube.com/watch?v=rNkv9QPsacQ,6,Un gran partido de infartó muy reñido pero que bueno que Carlos triunfo,6,2024-07-12T18:39:47Z,"{'neg': 0.0, 'neu': 1.0, 'pos': 0.0, 'compound': 0.0}",0.0,1.0,0.0,0.0,Neutral
Wimbledon,2024-07-12,Grand Slam,Outdoor,Grass,Semifinals,5,Medvedev D.,Alcaraz C.,Alcaraz C.,5,3,6445,8130,3.75,1.29,7-6 3-6 4-6 4-6,4.0,False,Medvedev,Alcaraz C.,38,Medvedev vs Alcaraz Wimbledon 2024 highlights,rNkv9QPsacQ,Carlos Alcaraz vs Daniil Medvedev | HIGHLIGHTS | RESUMEN | Semifinal | Wimbledon 2024,ESPN Deportes,2024-07-12T16:06:57Z,https://www.youtube.com/watch?v=rNkv9QPsacQ,7,"La escuela de tenis de España no deja de generar talento, en poco tiempo encontraron al sucesor de Nadal",76,2024-07-12T16:18:25Z,"{'neg': 0.109, 'neu': 0.891, 'pos': 0.0, 'compound': -0.296}",0.109,0.891,0.0,-0.296,Negative
Wimbledon,2024-07-12,Grand Slam,Outdoor,Grass,Semifinals,5,Medvedev D.,Alcaraz C.,Alcaraz C.,5,3,6445,8130,3.75,1.29,7-6 3-6 4-6 4-6,4.0,False,Medvedev,Alcaraz C.,38,Medvedev vs Alcaraz Wimbledon 2024 highlights,rNkv9QPsacQ,Carlos Alcaraz vs Daniil Medvedev | HIGHLIGHTS | RESUMEN | Semifinal | Wimbledon 2024,ESPN Deportes,2024-07-12T16:06:57Z,https://www.youtube.com/watch?v=rNkv9QPsacQ,8,Grande Alcaraz!,32,2024-07-12T16:10:23Z,"{'neg': 0.0, 'neu': 1.0, 'pos': 0.0, 'compound': 0.0}",0.0,1.0,0.0,0.0,Neutral
Wimbledon,2024-07-12,Grand Slam,Outdoor,Grass,Semifinals,5,Medvedev D.,Alcaraz C.,Alcaraz C.,5,3,6445,8130,3.75,1.29,7-6 3-6 4-6 4-6,4.0,False,Medvedev,Alcaraz C.,38,Medvedev vs Alcaraz Wimbledon 2024 highlights,rNkv9QPsacQ,Carlos Alcaraz vs Daniil Medvedev | HIGHLIGHTS | RESUMEN | Semifinal | Wimbledon 2024,ESPN Deportes,2024-07-12T16:06:57Z,https://www.youtube.com/watch?v=rNkv9QPsacQ,9,"Nadal es Nadal y sera siempre mi deportista favorito en el mundo mundial😅 pero este chico es genial me encanta, no me pierdo sus partidos y deseo que gane y rompa todos los recors posibles❤😂",23,2024-07-12T18:26:20Z,"{'neg': 0.071, 'neu': 0.697, 'pos': 0.232, 'compound': 0.8807}",0.071,0.697,0.232,0.8807,Positive
Wimbledon,2024-07-12,Grand Slam,Outdoor,Grass,Semifinals,5,Medvedev D.,Alcaraz C.,Alcaraz C.,5,3,6445,8130,3.75,1.29,7-6 3-6 4-6 4-6,4.0,False,Medvedev,Alcaraz C.,38,Medvedev vs Alcaraz Wimbledon 2024 highlights,rNkv9QPsacQ,Carlos Alcaraz vs Daniil Medvedev | HIGHLIGHTS | RESUMEN | Semifinal | Wimbledon 2024,ESPN Deportes,2024-07-12T16:06:57Z,https://www.youtube.com/watch?v=rNkv9QPsacQ,10,Genial Alcaraz.  Batata y Clerk lo máximo en narración,1,2024-07-13T00:53:31Z,"{'neg': 0.0, 'neu': 0.741, 'pos': 0.259, 'compound': 0.4215}",0.0,0.741,0.259,0.4215,Positive
Wimbledon,2024-07-12,Grand Slam,Outdoor,Grass,Semifinals,5,Medvedev D.,Alcaraz C.,Alcaraz C.,5,3,6445,8130,3.75,1.29,7-6 3-6 4-6 4-6,4.0,False,Medvedev,Alcaraz C.,38,Medvedev vs Alcaraz Wimbledon 2024 highlights,rNkv9QPsacQ,Carlos Alcaraz vs Daniil Medvedev | HIGHLIGHTS | RESUMEN | Semifinal | Wimbledon 2024,ESPN Deportes,2024-07-12T16:06:57Z,https://www.youtube.com/watch?v=rNkv9QPsacQ,11,"GRACIAS POR LA TRANSMISION CON EL GENIO LUIS ALFREDO ALVAREZ SALUDOS DESDE ATLANTA NELSON VARGAS ,, FUISTES MI JEFE EN OMNIVISION MULTI CANAL GRACIAS POR TUS ENSENANZAS!",0,2024-07-13T03:46:45Z,"{'neg': 0.0, 'neu': 1.0, 'pos': 0.0, 'compound': 0.0}",0.0,1.0,0.0,0.0,Neutral
Wimbledon,2024-07-12,Grand Slam,Outdoor,Grass,Semifinals,5,Medvedev D.,Alcaraz C.,Alcaraz C.,5,3,6445,8130,3.75,1.29,7-6 3-6 4-6 4-6,4.0,False,Medvedev,Alcaraz C.,38,Medvedev vs Alcaraz Wimbledon 2024 highlights,rNkv9QPsacQ,Carlos Alcaraz vs Daniil Medvedev | HIGHLIGHTS | RESUMEN | Semifinal | Wimbledon 2024,ESPN Deportes,2024-07-12T16:06:57Z,https://www.youtube.com/watch?v=rNkv9QPsacQ,12,"Alcaraz sin jugar al 100 por cien gana igual . Es un fwnomeno . Ya aprendió a ganar jugando por momentos mal . Eso es de los grandes . Y Carlitos ya lo es . 
Tenísticamente es lo más completo q vi en mi vida",26,2024-07-12T18:59:44Z,"{'neg': 0.076, 'neu': 0.924, 'pos': 0.0, 'compound': -0.5574}",0.076,0.924,0.0,-0.5574,Negative
Wimbledon,2024-07-12,Grand Slam,Outdoor,Grass,Semifinals,5,Medvedev D.,Alcaraz C.,Alcaraz C.,5,3,6445,8130,3.75,1.29,7-6 3-6 4-6 4-6,4.0,False,Medvedev,Alcaraz C.,38,Medvedev vs Alcaraz Wimbledon 2024 highlights,rNkv9QPsacQ,Carlos Alcaraz vs Daniil Medvedev | HIGHLIGHTS | RESUMEN | Semifinal | Wimbledon 2024,ESPN Deportes,2024-07-12T16:06:57Z,https://www.youtube.com/watch?v=rNkv9QPsacQ,13,Felicidades Alcaraz❤😊,1,2024-07-13T00:36:00Z,"{'neg': 0.0, 'neu': 0.37, 'pos': 0.63, 'compound': 0.8807}",0.0,0.37,0.63,0.8807,Positive
Wimbledon,2024-07-12,Grand Slam,Outdoor,Grass,Semifinals,5,Medvedev D.,Alcaraz C.,Alcaraz C.,5,3,6445,8130,3.75,1.29,7-6 3-6 4-6 4-6,4.0,False,Medvedev,Alcaraz C.,38,Medvedev vs Alcaraz Wimbledon 2024 highlights,rNkv9QPsacQ,Carlos Alcaraz vs Daniil Medvedev | HIGHLIGHTS | RESUMEN | Semifinal | Wimbledon 2024,ESPN Deportes,2024-07-12T16:06:57Z,https://www.youtube.com/watch?v=rNkv9QPsacQ,14,Es el número 1 no hay  más ke bien juega saludos,3,2024-07-12T18:47:52Z,"{'neg': 0.18, 'neu': 0.82, 'pos': 0.0, 'compound': -0.296}",0.18,0.82,0.0,-0.296,Negative
Wimbledon,2024-07-12,Grand Slam,Outdoor,Grass,Semifinals,5,Medvedev D.,Alcaraz C.,Alcaraz C.,5,3,6445,8130,3.75,1.29,7-6 3-6 4-6 4-6,4.0,False,Medvedev,Alcaraz C.,38,Medvedev vs Alcaraz Wimbledon 2024 highlights,rNkv9QPsacQ,Carlos Alcaraz vs Daniil Medvedev | HIGHLIGHTS | RESUMEN | Semifinal | Wimbledon 2024,ESPN Deportes,2024-07-12T16:06:57Z,https://www.youtube.com/watch?v=rNkv9QPsacQ,15,My favorite Champ❤❤❤,1,2024-07-12T21:58:33Z,"{'neg': 0.0, 'neu': 0.176, 'pos': 0.824, 'compound': 0.9623}",0.0,0.176,0.824,0.9623,Positive
Wimbledon,2024-07-12,Grand Slam,Outdoor,Grass,Semifinals,5,Medvedev D.,Alcaraz C.,Alcaraz C.,5,3,6445,8130,3.75,1.29,7-6 3-6 4-6 4-6,4.0,False,Medvedev,Alcaraz C.,38,Medvedev vs Alcaraz Wimbledon 2024 highlights,rNkv9QPsacQ,Carlos Alcaraz vs Daniil Medvedev | HIGHLIGHTS | RESUMEN | Semifinal | Wimbledon 2024,ESPN Deportes,2024-07-12T16:06:57Z,https://www.youtube.com/watch?v=rNkv9QPsacQ,16,"Que grande es Alcaraz, español tenía que ser!!!",0,2024-07-13T14:11:32Z,"{'neg': 0.0, 'neu': 1.0, 'pos': 0.0, 'compound': 0.0}",0.0,1.0,0.0,0.0,Neutral
Wimbledon,2024-07-12,Grand Slam,Outdoor,Grass,Semifinals,5,Medvedev D.,Alcaraz C.,Alcaraz C.,5,3,6445,8130,3.75,1.29,7-6 3-6 4-6 4-6,4.0,False,Medvedev,Alcaraz C.,38,Medvedev vs Alcaraz Wimbledon 2024 highlights,rNkv9QPsacQ,Carlos Alcaraz vs Daniil Medvedev | HIGHLIGHTS | RESUMEN | Semifinal | Wimbledon 2024,ESPN Deportes,2024-07-12T16:06:57Z,https://www.youtube.com/watch?v=rNkv9QPsacQ,17,Espectacular lo que hace Carlitos cada vez más seguro y consagrado para lograr el triunfo 🥰 vamos Carlitos por más triunfos ❣️🌹♥️ saludos desde 🇨🇺 bendiciones 🙏🙏,0,2024-07-13T19:21:26Z,"{'neg': 0.0, 'neu': 0.69, 'pos': 0.31, 'compound': 0.9493}",0.0,0.69,0.31,0.9493,Positive
Wimbledon,2024-07-12,Grand Slam,Outdoor,Grass,Semifinals,5,Medvedev D.,Alcaraz C.,Alcaraz C.,5,3,6445,8130,3.75,1.29,7-6 3-6 4-6 4-6,4.0,False,Medvedev,Alcaraz C.,38,Medvedev vs Alcaraz Wimbledon 2024 highlights,rNkv9QPsacQ,Carlos Alcaraz vs Daniil Medvedev | HIGHLIGHTS | RESUMEN | Semifinal | Wimbledon 2024,ESPN Deportes,2024-07-12T16:06:57Z,https://www.youtube.com/watch?v=rNkv9QPsacQ,18,El domingo Djokovic puede salir jubilado y en silla de ruedas XDD,2,2024-07-12T23:22:58Z,"{'neg': 0.0, 'neu': 1.0, 'pos': 0.0, 'compound': 0.0}",0.0,1.0,0.0,0.0,Neutral
Wimbledon,2024-07-12,Grand Slam,Outdoor,Grass,Semifinals,5,Medvedev D.,Alcaraz C.,Alcaraz C.,5,3,6445,8130,3.75,1.29,7-6 3-6 4-6 4-6,4.0,False,Medvedev,Alcaraz C.,38,Medvedev vs Alcaraz Wimbledon 2024 highlights,rNkv9QPsacQ,Carlos Alcaraz vs Daniil Medvedev | HIGHLIGHTS | RESUMEN | Semifinal | Wimbledon 2024,ESPN Deportes,2024-07-12T16:06:57Z,https://www.youtube.com/watch?v=rNkv9QPsacQ,19,"Carlitos está indetenible, imparable, único, sin igual! Él es extraordinario. Que el Señor te continúe ayudando, dando salud y larga vida.",6,2024-07-12T22:24:56Z,"{'neg': 0.163, 'neu': 0.837, 'pos': 0.0, 'compound': -0.5983}",0.163,0.837,0.0,-0.5983,Negative
Wimbledon,2024-07-12,Grand Slam,Outdoor,Grass,Semifinals,5,Medvedev D.,Alcaraz C.,Alcaraz C.,5,3,6445,8130,3.75,1.29,7-6 3-6 4-6 4-6,4.0,False,Medvedev,Alcaraz C.,38,Medvedev vs Alcaraz Wimbledon 2024 highlights,rNkv9QPsacQ,Carlos Alcaraz vs Daniil Medvedev | HIGHLIGHTS | RESUMEN | Semifinal | Wimbledon 2024,ESPN Deportes,2024-07-12T16:06:57Z,https://www.youtube.com/watch?v=rNkv9QPsacQ,20,No pude ver tu partido Meddy pero seguramente Nole te vengará el domingo. 👍🏽,2,2024-07-12T19:53:38Z,"{'neg': 0.115, 'neu': 0.885, 'pos': 0.0, 'compound': -0.296}",0.115,0.885,0.0,-0.296,Negative
Wimbledon,2024-07-12,Grand Slam,Outdoor,Grass,Semifinals,5,Medvedev D.,Alcaraz C.,Alcaraz C.,5,3,6445,8130,3.75,1.29,7-6 3-6 4-6 4-6,4.0,False,Medvedev,Alcaraz C.,38,Medvedev vs Alcaraz Wimbledon 2024 highlights,rNkv9QPsacQ,Carlos Alcaraz vs Daniil Medvedev | HIGHLIGHTS | RESUMEN | Semifinal | Wimbledon 2024,ESPN Deportes,2024-07-12T16:06:57Z,https://www.youtube.com/watch?v=rNkv9QPsacQ,21,Grande Carlitos,0,2024-07-12T20:15:07Z,"{'neg': 0.0, 'neu': 1.0, 'pos': 0.0, 'compound': 0.0}",0.0,1.0,0.0,0.0,Neutral
Wimbledon,2024-07-12,Grand Slam,Outdoor,Grass,Semifinals,5,Medvedev D.,Alcaraz C.,Alcaraz C.,5,3,6445,8130,3.75,1.29,7-6 3-6 4-6 4-6,4.0,False,Medvedev,Alcaraz C.,38,Medvedev vs Alcaraz Wimbledon 2024 highlights,rNkv9QPsacQ,Carlos Alcaraz vs Daniil Medvedev | HIGHLIGHTS | RESUMEN | Semifinal | Wimbledon 2024,ESPN Deportes,2024-07-12T16:06:57Z,https://www.youtube.com/watch?v=rNkv9QPsacQ,22,🙌🙌🙌🙌,0,2024-07-13T00:32:54Z,"{'neg': 0.0, 'neu': 1.0, 'pos': 0.0, 'compound': 0.0}",0.0,1.0,0.0,0.0,Neutral
Wimbledon,2024-07-12,Grand Slam,Outdoor,Grass,Semifinals,5,Medvedev D.,Alcaraz C.,Alcaraz C.,5,3,6445,8130,3.75,1.29,7-6 3-6 4-6 4-6,4.0,False,Medvedev,Alcaraz C.,38,Medvedev vs Alcaraz Wimbledon 2024 highlights,rNkv9QPsacQ,Carlos Alcaraz vs Daniil Medvedev | HIGHLIGHTS | RESUMEN | Semifinal | Wimbledon 2024,ESPN Deportes,2024-07-12T16:06:57Z,https://www.youtube.com/watch?v=rNkv9QPsacQ,23,"Como debía ser la máquina española liquidando, sino el tenis de luto con el error",0,2024-07-13T01:18:00Z,"{'neg': 0.162, 'neu': 0.838, 'pos': 0.0, 'compound': -0.4019}",0.162,0.838,0.0,-0.4019,Negative
Wimbledon,2024-07-12,Grand Slam,Outdoor,Grass,Semifinals,5,Medvedev D.,Alcaraz C.,Alcaraz C.,5,3,6445,8130,3.75,1.29,7-6 3-6 4-6 4-6,4.0,False,Medvedev,Alcaraz C.,38,Medvedev vs Alcaraz Wimbledon 2024 highlights,rNkv9QPsacQ,Carlos Alcaraz vs Daniil Medvedev | HIGHLIGHTS | RESUMEN | Semifinal | Wimbledon 2024,ESPN Deportes,2024-07-12T16:06:57Z,https://www.youtube.com/watch?v=rNkv9QPsacQ,24,"Con todo el respeto, estos comentaristas de fútbol narrando tennis son terribles",6,2024-07-12T18:21:09Z,"{'neg': 0.0, 'neu': 1.0, 'pos': 0.0, 'compound': 0.0}",0.0,1.0,0.0,0.0,Neutral
Wimbledon,2024-07-12,Grand Slam,Outdoor,Grass,Semifinals,5,Medvedev D.,Alcaraz C.,Alcaraz C.,5,3,6445,8130,3.75,1.29,7-6 3-6 4-6 4-6,4.0,False,Medvedev,Alcaraz C.,38,Medvedev vs Alcaraz Wimbledon 2024 highlights,rNkv9QPsacQ,Carlos Alcaraz vs Daniil Medvedev | HIGHLIGHTS | RESUMEN | Semifinal | Wimbledon 2024,ESPN Deportes,2024-07-12T16:06:57Z,https://www.youtube.com/watch?v=rNkv9QPsacQ,25,"Sensacional partido. Pareciera que Carlos debe cortarse un poco el cerquillo, que le queda bien, pero  es un elemento de distracción para él. Medvedev debería usar slips una talla mayor a fin de evitar los continuos acomodos. El relator debería dejar de nombrar batata al comentarista, ya estamos grandes para esto.",6,2024-07-12T17:11:04Z,"{'neg': 0.0, 'neu': 1.0, 'pos': 0.0, 'compound': 0.0}",0.0,1.0,0.0,0.0,Neutral
French Open,2024-06-03,Grand Slam,Outdoor,Clay,4th Round,5,De Minaur A.,Medvedev D.,De Minaur A.,11,5,3490,6295,2.38,1.57,4-6 6-2 6-1 6-3,8.0,True,Medvedev,De Minaur A.,39,De Minaur vs Medvedev French Open 2024 highlights,FbyB1rIe5VU,Medvedev vs De Minaur Round 4 Highlights | Roland-Garros 2024,Roland-Garros,2024-06-03T17:18:49Z,https://www.youtube.com/watch?v=FbyB1rIe5VU,1,They give a 4 set match the same length of highlights as Iga's 40 minute victory 😂,255,2024-06-03T17:39:04Z,"{'neg': 0.077, 'neu': 0.769, 'pos': 0.154, 'compound': 0.4404}",0.077,0.769,0.154,0.4404,Positive
French Open,2024-06-03,Grand Slam,Outdoor,Clay,4th Round,5,De Minaur A.,Medvedev D.,De Minaur A.,11,5,3490,6295,2.38,1.57,4-6 6-2 6-1 6-3,8.0,True,Medvedev,De Minaur A.,39,De Minaur vs Medvedev French Open 2024 highlights,FbyB1rIe5VU,Medvedev vs De Minaur Round 4 Highlights | Roland-Garros 2024,Roland-Garros,2024-06-03T17:18:49Z,https://www.youtube.com/watch?v=FbyB1rIe5VU,2,De Minaur played an extremely old school smart strategy. He basically kept everything right up the middle in order to prevent Medvedev from having any angle and as soon as he saw an opportunity he took the winner.,123,2024-06-03T18:21:20Z,"{'neg': 0.0, 'neu': 0.716, 'pos': 0.284, 'compound': 0.9014}",0.0,0.716,0.284,0.9014,Positive
French Open,2024-06-03,Grand Slam,Outdoor,Clay,4th Round,5,De Minaur A.,Medvedev D.,De Minaur A.,11,5,3490,6295,2.38,1.57,4-6 6-2 6-1 6-3,8.0,True,Medvedev,De Minaur A.,39,De Minaur vs Medvedev French Open 2024 highlights,FbyB1rIe5VU,Medvedev vs De Minaur Round 4 Highlights | Roland-Garros 2024,Roland-Garros,2024-06-03T17:18:49Z,https://www.youtube.com/watch?v=FbyB1rIe5VU,3,BRO CHANNELS WITH 2K SUBS MAKE BETTER HIGHLIGHTS THAN YALL. PLEASE MAKE CONDENSED MATCHES.,519,2024-06-03T17:20:38Z,"{'neg': 0.0, 'neu': 0.698, 'pos': 0.302, 'compound': 0.6369}",0.0,0.698,0.302,0.6369,Positive
French Open,2024-06-03,Grand Slam,Outdoor,Clay,4th Round,5,De Minaur A.,Medvedev D.,De Minaur A.,11,5,3490,6295,2.38,1.57,4-6 6-2 6-1 6-3,8.0,True,Medvedev,De Minaur A.,39,De Minaur vs Medvedev French Open 2024 highlights,FbyB1rIe5VU,Medvedev vs De Minaur Round 4 Highlights | Roland-Garros 2024,Roland-Garros,2024-06-03T17:18:49Z,https://www.youtube.com/watch?v=FbyB1rIe5VU,4,"Deminaur always had incredible speed and defensive ability, but his ATTACKING tennis has improved by leaps and bounds which is why he’s a certified top 10 caliber player now. His serve, power off the forehand whenever he gets a short ball, super quick and well timed approaches to the net, and he’s become one of the best volleyers on the tour. Even a great drop shot too.",104,2024-06-03T18:21:33Z,"{'neg': 0.083, 'neu': 0.61, 'pos': 0.307, 'compound': 0.9678}",0.083,0.61,0.307,0.9678,Positive
French Open,2024-06-03,Grand Slam,Outdoor,Clay,4th Round,5,De Minaur A.,Medvedev D.,De Minaur A.,11,5,3490,6295,2.38,1.57,4-6 6-2 6-1 6-3,8.0,True,Medvedev,De Minaur A.,39,De Minaur vs Medvedev French Open 2024 highlights,FbyB1rIe5VU,Medvedev vs De Minaur Round 4 Highlights | Roland-Garros 2024,Roland-Garros,2024-06-03T17:18:49Z,https://www.youtube.com/watch?v=FbyB1rIe5VU,5,"Hands down the fastest player on tour.  And his game is bona fide top 10 material.  AdM has arrived, ladies and gents.",49,2024-06-03T18:10:45Z,"{'neg': 0.0, 'neu': 0.921, 'pos': 0.079, 'compound': 0.2023}",0.0,0.921,0.079,0.2023,Positive
French Open,2024-06-03,Grand Slam,Outdoor,Clay,4th Round,5,De Minaur A.,Medvedev D.,De Minaur A.,11,5,3490,6295,2.38,1.57,4-6 6-2 6-1 6-3,8.0,True,Medvedev,De Minaur A.,39,De Minaur vs Medvedev French Open 2024 highlights,FbyB1rIe5VU,Medvedev vs De Minaur Round 4 Highlights | Roland-Garros 2024,Roland-Garros,2024-06-03T17:18:49Z,https://www.youtube.com/watch?v=FbyB1rIe5VU,6,DeMinaur covers as much ground as even Alcaraz....the point at :20 is amazing!,109,2024-06-03T17:30:08Z,"{'neg': 0.0, 'neu': 0.746, 'pos': 0.254, 'compound': 0.6239}",0.0,0.746,0.254,0.6239,Positive
French Open,2024-06-03,Grand Slam,Outdoor,Clay,4th Round,5,De Minaur A.,Medvedev D.,De Minaur A.,11,5,3490,6295,2.38,1.57,4-6 6-2 6-1 6-3,8.0,True,Medvedev,De Minaur A.,39,De Minaur vs Medvedev French Open 2024 highlights,FbyB1rIe5VU,Medvedev vs De Minaur Round 4 Highlights | Roland-Garros 2024,Roland-Garros,2024-06-03T17:18:49Z,https://www.youtube.com/watch?v=FbyB1rIe5VU,7,Love watching De Minaur play win or lose.  He hustles for evey ball !,31,2024-06-03T19:20:19Z,"{'neg': 0.115, 'neu': 0.427, 'pos': 0.457, 'compound': 0.8398}",0.115,0.427,0.457,0.8398,Positive
French Open,2024-06-03,Grand Slam,Outdoor,Clay,4th Round,5,De Minaur A.,Medvedev D.,De Minaur A.,11,5,3490,6295,2.38,1.57,4-6 6-2 6-1 6-3,8.0,True,Medvedev,De Minaur A.,39,De Minaur vs Medvedev French Open 2024 highlights,FbyB1rIe5VU,Medvedev vs De Minaur Round 4 Highlights | Roland-Garros 2024,Roland-Garros,2024-06-03T17:18:49Z,https://www.youtube.com/watch?v=FbyB1rIe5VU,8,"Finally deminaur is playing some attacking tennis and has improved his game, which is evident from the recent results.",10,2024-06-03T17:42:36Z,"{'neg': 0.126, 'neu': 0.669, 'pos': 0.205, 'compound': 0.2263}",0.126,0.669,0.205,0.2263,Positive
French Open,2024-06-03,Grand Slam,Outdoor,Clay,4th Round,5,De Minaur A.,Medvedev D.,De Minaur A.,11,5,3490,6295,2.38,1.57,4-6 6-2 6-1 6-3,8.0,True,Medvedev,De Minaur A.,39,De Minaur vs Medvedev French Open 2024 highlights,FbyB1rIe5VU,Medvedev vs De Minaur Round 4 Highlights | Roland-Garros 2024,Roland-Garros,2024-06-03T17:18:49Z,https://www.youtube.com/watch?v=FbyB1rIe5VU,9,"Speed kills, baby. This dude has improved so much over the past year or so. Very impressed and he's a problem for anyone.",14,2024-06-03T20:28:07Z,"{'neg': 0.196, 'neu': 0.6, 'pos': 0.205, 'compound': 0.0754}",0.196,0.6,0.205,0.0754,Positive
French Open,2024-06-03,Grand Slam,Outdoor,Clay,4th Round,5,De Minaur A.,Medvedev D.,De Minaur A.,11,5,3490,6295,2.38,1.57,4-6 6-2 6-1 6-3,8.0,True,Medvedev,De Minaur A.,39,De Minaur vs Medvedev French Open 2024 highlights,FbyB1rIe5VU,Medvedev vs De Minaur Round 4 Highlights | Roland-Garros 2024,Roland-Garros,2024-06-03T17:18:49Z,https://www.youtube.com/watch?v=FbyB1rIe5VU,10,The demon literally tore up the court!,4,2024-06-03T19:42:37Z,"{'neg': 0.0, 'neu': 1.0, 'pos': 0.0, 'compound': 0.0}",0.0,1.0,0.0,0.0,Neutral
French Open,2024-06-03,Grand Slam,Outdoor,Clay,4th Round,5,De Minaur A.,Medvedev D.,De Minaur A.,11,5,3490,6295,2.38,1.57,4-6 6-2 6-1 6-3,8.0,True,Medvedev,De Minaur A.,39,De Minaur vs Medvedev French Open 2024 highlights,FbyB1rIe5VU,Medvedev vs De Minaur Round 4 Highlights | Roland-Garros 2024,Roland-Garros,2024-06-03T17:18:49Z,https://www.youtube.com/watch?v=FbyB1rIe5VU,11,Speed Demon! Great job.,4,2024-06-03T18:15:41Z,"{'neg': 0.0, 'neu': 0.406, 'pos': 0.594, 'compound': 0.6588}",0.0,0.406,0.594,0.6588,Positive
French Open,2024-06-03,Grand Slam,Outdoor,Clay,4th Round,5,De Minaur A.,Medvedev D.,De Minaur A.,11,5,3490,6295,2.38,1.57,4-6 6-2 6-1 6-3,8.0,True,Medvedev,De Minaur A.,39,De Minaur vs Medvedev French Open 2024 highlights,FbyB1rIe5VU,Medvedev vs De Minaur Round 4 Highlights | Roland-Garros 2024,Roland-Garros,2024-06-03T17:18:49Z,https://www.youtube.com/watch?v=FbyB1rIe5VU,12,he has matured in tennis and character. 👏🏽👏🏽 good game.✨,1,2024-06-03T17:46:22Z,"{'neg': 0.0, 'neu': 0.776, 'pos': 0.224, 'compound': 0.6369}",0.0,0.776,0.224,0.6369,Positive
French Open,2024-06-03,Grand Slam,Outdoor,Clay,4th Round,5,De Minaur A.,Medvedev D.,De Minaur A.,11,5,3490,6295,2.38,1.57,4-6 6-2 6-1 6-3,8.0,True,Medvedev,De Minaur A.,39,De Minaur vs Medvedev French Open 2024 highlights,FbyB1rIe5VU,Medvedev vs De Minaur Round 4 Highlights | Roland-Garros 2024,Roland-Garros,2024-06-03T17:18:49Z,https://www.youtube.com/watch?v=FbyB1rIe5VU,13,love the bh winner at 1:11,3,2024-06-04T00:01:40Z,"{'neg': 0.0, 'neu': 0.333, 'pos': 0.667, 'compound': 0.8402}",0.0,0.333,0.667,0.8402,Positive
French Open,2024-06-03,Grand Slam,Outdoor,Clay,4th Round,5,De Minaur A.,Medvedev D.,De Minaur A.,11,5,3490,6295,2.38,1.57,4-6 6-2 6-1 6-3,8.0,True,Medvedev,De Minaur A.,39,De Minaur vs Medvedev French Open 2024 highlights,FbyB1rIe5VU,Medvedev vs De Minaur Round 4 Highlights | Roland-Garros 2024,Roland-Garros,2024-06-03T17:18:49Z,https://www.youtube.com/watch?v=FbyB1rIe5VU,14,"An interesting detail in the audio aspect of tennis match broadcasting: The point starting at 0:37 clearly has automation for the amplitude of the court's microphones. It's only made apparent by the roar of a crowd on a nearby court. Watch as the ball goes from Medvedev, to De Minaur, and back, that the roar of the crowd phases in and out while the ball travels back and forth across the court. I wonder what this is for, other than to isolate the audio of each player to reduce any ""delay effect"". I'm curious if this is always in use, as I've certainly heard some poorly mic'd courts in the past, and maybe this is a way around it",2,2024-06-03T19:14:02Z,"{'neg': 0.032, 'neu': 0.888, 'pos': 0.079, 'compound': 0.7184}",0.032,0.888,0.079,0.7184,Positive
French Open,2024-06-03,Grand Slam,Outdoor,Clay,4th Round,5,De Minaur A.,Medvedev D.,De Minaur A.,11,5,3490,6295,2.38,1.57,4-6 6-2 6-1 6-3,8.0,True,Medvedev,De Minaur A.,39,De Minaur vs Medvedev French Open 2024 highlights,FbyB1rIe5VU,Medvedev vs De Minaur Round 4 Highlights | Roland-Garros 2024,Roland-Garros,2024-06-03T17:18:49Z,https://www.youtube.com/watch?v=FbyB1rIe5VU,15,upset!  De MInaur is extraordinarily fast. He reminds me of Michael Chang (former US tennis player).,17,2024-06-03T17:47:50Z,"{'neg': 0.162, 'neu': 0.838, 'pos': 0.0, 'compound': -0.4389}",0.162,0.838,0.0,-0.4389,Negative
French Open,2024-06-03,Grand Slam,Outdoor,Clay,4th Round,5,De Minaur A.,Medvedev D.,De Minaur A.,11,5,3490,6295,2.38,1.57,4-6 6-2 6-1 6-3,8.0,True,Medvedev,De Minaur A.,39,De Minaur vs Medvedev French Open 2024 highlights,FbyB1rIe5VU,Medvedev vs De Minaur Round 4 Highlights | Roland-Garros 2024,Roland-Garros,2024-06-03T17:18:49Z,https://www.youtube.com/watch?v=FbyB1rIe5VU,16,He’s running cheeetah in tennis incredible,5,2024-06-03T23:02:22Z,"{'neg': 0.0, 'neu': 1.0, 'pos': 0.0, 'compound': 0.0}",0.0,1.0,0.0,0.0,Neutral
French Open,2024-06-03,Grand Slam,Outdoor,Clay,4th Round,5,De Minaur A.,Medvedev D.,De Minaur A.,11,5,3490,6295,2.38,1.57,4-6 6-2 6-1 6-3,8.0,True,Medvedev,De Minaur A.,39,De Minaur vs Medvedev French Open 2024 highlights,FbyB1rIe5VU,Medvedev vs De Minaur Round 4 Highlights | Roland-Garros 2024,Roland-Garros,2024-06-03T17:18:49Z,https://www.youtube.com/watch?v=FbyB1rIe5VU,17,There's no way that there were only two highlights from the first set.  💀,3,2024-06-03T19:06:24Z,"{'neg': 0.145, 'neu': 0.855, 'pos': 0.0, 'compound': -0.296}",0.145,0.855,0.0,-0.296,Negative
French Open,2024-06-03,Grand Slam,Outdoor,Clay,4th Round,5,De Minaur A.,Medvedev D.,De Minaur A.,11,5,3490,6295,2.38,1.57,4-6 6-2 6-1 6-3,8.0,True,Medvedev,De Minaur A.,39,De Minaur vs Medvedev French Open 2024 highlights,FbyB1rIe5VU,Medvedev vs De Minaur Round 4 Highlights | Roland-Garros 2024,Roland-Garros,2024-06-03T17:18:49Z,https://www.youtube.com/watch?v=FbyB1rIe5VU,18,Congratulations De Minaur! Let’s keep going as far as you can!👍🏻👍🏻,0,2024-06-04T04:06:01Z,"{'neg': 0.0, 'neu': 0.817, 'pos': 0.183, 'compound': 0.6688}",0.0,0.817,0.183,0.6688,Positive
French Open,2024-06-03,Grand Slam,Outdoor,Clay,4th Round,5,De Minaur A.,Medvedev D.,De Minaur A.,11,5,3490,6295,2.38,1.57,4-6 6-2 6-1 6-3,8.0,True,Medvedev,De Minaur A.,39,De Minaur vs Medvedev French Open 2024 highlights,FbyB1rIe5VU,Medvedev vs De Minaur Round 4 Highlights | Roland-Garros 2024,Roland-Garros,2024-06-03T17:18:49Z,https://www.youtube.com/watch?v=FbyB1rIe5VU,19,DeMinaur is the fastest man in tennis hands down‼Ridiculous foot speed‼,6,2024-06-03T19:24:00Z,"{'neg': 0.0, 'neu': 1.0, 'pos': 0.0, 'compound': 0.0}",0.0,1.0,0.0,0.0,Neutral
French Open,2024-06-03,Grand Slam,Outdoor,Clay,4th Round,5,De Minaur A.,Medvedev D.,De Minaur A.,11,5,3490,6295,2.38,1.57,4-6 6-2 6-1 6-3,8.0,True,Medvedev,De Minaur A.,39,De Minaur vs Medvedev French Open 2024 highlights,FbyB1rIe5VU,Medvedev vs De Minaur Round 4 Highlights | Roland-Garros 2024,Roland-Garros,2024-06-03T17:18:49Z,https://www.youtube.com/watch?v=FbyB1rIe5VU,20,"Looks cooler and more confident, maybe this is the slam! God job katie",3,2024-06-03T18:20:24Z,"{'neg': 0.141, 'neu': 0.541, 'pos': 0.318, 'compound': 0.5081}",0.141,0.541,0.318,0.5081,Positive
French Open,2024-06-03,Grand Slam,Outdoor,Clay,4th Round,5,De Minaur A.,Medvedev D.,De Minaur A.,11,5,3490,6295,2.38,1.57,4-6 6-2 6-1 6-3,8.0,True,Medvedev,De Minaur A.,39,De Minaur vs Medvedev French Open 2024 highlights,FbyB1rIe5VU,Medvedev vs De Minaur Round 4 Highlights | Roland-Garros 2024,Roland-Garros,2024-06-03T17:18:49Z,https://www.youtube.com/watch?v=FbyB1rIe5VU,21,Alex's court coverage today was insane.  He just seems so well-suited for this surface that he'll be a handful force to deal with for the rest of the tourney.,0,2024-06-04T01:56:56Z,"{'neg': 0.088, 'neu': 0.912, 'pos': 0.0, 'compound': -0.4019}",0.088,0.912,0.0,-0.4019,Negative
French Open,2024-06-03,Grand Slam,Outdoor,Clay,4th Round,5,De Minaur A.,Medvedev D.,De Minaur A.,11,5,3490,6295,2.38,1.57,4-6 6-2 6-1 6-3,8.0,True,Medvedev,De Minaur A.,39,De Minaur vs Medvedev French Open 2024 highlights,FbyB1rIe5VU,Medvedev vs De Minaur Round 4 Highlights | Roland-Garros 2024,Roland-Garros,2024-06-03T17:18:49Z,https://www.youtube.com/watch?v=FbyB1rIe5VU,22,I 've been watching DeMinaur for almost a couple of years. Early on I said he may very well win a Grand Slam. It's his tenacity that impressed me. You can see it in his eyes and his body language. He has the drive of a Connors or Nadal. Keep an eye on him. He's been getting better and better.,6,2024-06-03T23:05:18Z,"{'neg': 0.035, 'neu': 0.716, 'pos': 0.248, 'compound': 0.941}",0.035,0.716,0.248,0.941,Positive
French Open,2024-06-03,Grand Slam,Outdoor,Clay,4th Round,5,De Minaur A.,Medvedev D.,De Minaur A.,11,5,3490,6295,2.38,1.57,4-6 6-2 6-1 6-3,8.0,True,Medvedev,De Minaur A.,39,De Minaur vs Medvedev French Open 2024 highlights,FbyB1rIe5VU,Medvedev vs De Minaur Round 4 Highlights | Roland-Garros 2024,Roland-Garros,2024-06-03T17:18:49Z,https://www.youtube.com/watch?v=FbyB1rIe5VU,23,wow !,0,2024-06-03T19:42:41Z,"{'neg': 0.0, 'neu': 0.196, 'pos': 0.804, 'compound': 0.6239}",0.0,0.196,0.804,0.6239,Positive
French Open,2024-06-03,Grand Slam,Outdoor,Clay,4th Round,5,De Minaur A.,Medvedev D.,De Minaur A.,11,5,3490,6295,2.38,1.57,4-6 6-2 6-1 6-3,8.0,True,Medvedev,De Minaur A.,39,De Minaur vs Medvedev French Open 2024 highlights,FbyB1rIe5VU,Medvedev vs De Minaur Round 4 Highlights | Roland-Garros 2024,Roland-Garros,2024-06-03T17:18:49Z,https://www.youtube.com/watch?v=FbyB1rIe5VU,24,De minaur court coverage are insane,2,2024-06-03T17:55:34Z,"{'neg': 0.351, 'neu': 0.649, 'pos': 0.0, 'compound': -0.4019}",0.351,0.649,0.0,-0.4019,Negative
French Open,2024-06-03,Grand Slam,Outdoor,Clay,4th Round,5,De Minaur A.,Medvedev D.,De Minaur A.,11,5,3490,6295,2.38,1.57,4-6 6-2 6-1 6-3,8.0,True,Medvedev,De Minaur A.,39,De Minaur vs Medvedev French Open 2024 highlights,FbyB1rIe5VU,Medvedev vs De Minaur Round 4 Highlights | Roland-Garros 2024,Roland-Garros,2024-06-03T17:18:49Z,https://www.youtube.com/watch?v=FbyB1rIe5VU,25,Terrific play by Alex. Textbook example of clever tactics and precise shots!,0,2024-06-05T05:07:37Z,"{'neg': 0.0, 'neu': 0.506, 'pos': 0.494, 'compound': 0.8313}",0.0,0.506,0.494,0.8313,Positive
