Player Name,Player Status,Year of Event,Statement Made,Event Description,Platform,Event Type,Media Tone,Post Status,Media Coverage,Sources,URL,title,max_similarity,most_similar_anchor_idx,most_similar_anchor_title
Jason Kelce,Retired,2025,Man I love the 4th...we all share in common that we are American,Instagram post celebrating July 4th sparked backlash due to political context and timing,Instagram,Controversy,Negative,Active,High,"Fox News, US Weekly, Yahoo Sports",https://www.yahoo.com/entertainment/articles/jason-kelce-slammed-tone-deaf-185134012.html?guccounter=1&guce_referrer=aHR0cHM6Ly93d3cuZ29vZ2xlLmNvbS8&guce_referrer_sig=AQAAADrJ-a3_k8kxNkzivlOGOq4_OpPORRdt9NRY3butbKPSUleZi7xL_a7b1fWzsvaGTU1bZhVKP-hvn1HmMsM-ecLzFUapnrU_v-oNJ5Jv0xdPWjX5syumoNeUScHJ2CJ3Nj-Qvp_VFE1xaSkgYNGblNYtSfj_azVwJm3skuK1pOAc,,,,
Warren Sapp,Retired,2025,Texas is Fake Football,Response to a tweet that praises Texas running back ,Twitter/X,Controversy,Negative,Deleted,Medium,"MSN, Yahoo Sports",https://sports.yahoo.com/articles/nfl-legend-warren-sapp-calls-154715384.html,,,,
Puka Nacua,Playing,2025,I deeply apologize...I do not stand for any form of...hate of another groupe of people,Apologizes after making antisemitic gesture during livestream,Instagram,Apology,Negative,Deleted,High,"CNN, Yahoo Sports, BBC",https://www.cnn.com/2025/12/18/sport/football-nfl-rams-puka-nacua-apology-antisemitism,,,,
Travis Kelce,Playing ,2024,happy easter...#shoutout to Jesus for takin one for the team...,Wishing everyone a Happy Easter while making jokes of the crucifixation of Jesus,Twitter/X,Controversy,Mixed,Active,High,"Yahoo Sports, E! News, People",https://www.yahoo.com/entertainment/articles/travis-kelce-resurfaced-easter-tweet-123536254.html,,,,
Deion Sanders,Playing,2024,He will be a top 5 pick. Where yo son going?,Response to a fan about the draft pick ranking of another player,Twitter/X,Controversy,Negative,Deleted,Medium,"Yahoo Sports, ESPN, Fox News",https://sports.yahoo.com/article/deion-sanders-eats-crow-shedeur-175135709.html,,,,
Rashard Mendenhall,Retired,2023,I'm sick of average white guys commenting on football. Y'all not even good at football,Made a racist tweet about white NFL playerss,Twitter/X,Controversy,Negative,Deleted,Medium,"ESPN, CBS Sports",https://www.outkick.com/sports/sports-media-silent-on-rashard-mendenhall-anti-white-tweet-calls-for-neo-segregation-bobby-burack,,,,
Tony Dungy,Retired,2023,Some school districts are putting litter boxes in the school bathrooms for students who identify as cats,Response to a proposed Minnesota state bill that requires menstrual products in boys' school bathroom,Twitter/X,Controversy,Negative,Deleted,Medium,"IndyStar, Fox News",https://www.indystar.com/story/sports/nfl/colts/2023/01/19/ex-indianapolis-colts-coach-tony-dungy-deletes-cat-litter-tweet/69820624007/?gnt-cfr=1&gca-cat=p&gca-uir=true&gca-epti=z116418e1131xxv116418d--71--b--71--&gca-ft=216&gca-ds=sophi,,,,
Maxx Crosby,Playing,2026,KC!!!!!!🔥🔥🔥🔥🔥🔥 44 Is A Problem!!,Supports current New England Patriots' defender K'Lavon Chaisson,Twitter/X,Support,Positive,Active,Low,PatriotsWire,https://patriotswire.usatoday.com/story/sports/nfl/patriots/2026/01/12/maxx-crosby-tweets-out-patriots-player-social-media-crazy/88138724007/,,,,
Puka Nacua,Playing,2025,Can you say i was wrong. Appreciate you stripes for your contribution. Lol,Calling out the referees after team's loss,Twitter/X,Controversy,Mixed,Deleted ,Low,HindustanTimes ,https://www.hindustantimes.com/sports/us-sports/puka-nacua-twitter-post-slams-nfl-refs-after-la-rams-loss-as-wr-doubles-down-on-criticism-can-you-say-i-was-wrong-101766124227161.html,,,,
Princely Umanmielen,Playing,2025,#justiceforyounghoekoo,"""Funny"" response after Facon's loss after being bantered about the game ",Twitter/X,Humor,Positive,Active,Low,PanthersWire ,https://sports.yahoo.com/article/panthers-olb-princely-umanmielen-explains-195456186.html,,,,
Ben DiNucci,Playing,2025,"Not many beers better than the airport ""I just got cut from the NFL for the 7th time"" beer",Posts after being cut by the Falcons,Twitter/X,Humor,Positive,Active,Medium,"Yahoo Sports, New York Times",https://sports.yahoo.com/article/ben-dinucci-needed-airport-beer-182105778.html,,,,
Carl Nasshib,Playing,2022,❤️❤️@trevorproject,Partnering with the Trevor Project to support young people who are struggling mentally when it comes to being part of the LBGTQ community,Instagram,Support,Positive ,Active ,Low,US Outlet,https://www.nfl.com/news/nfl-trailblazer-carl-nassib-made-enduring-impact-on-nonprofit-the-trevor-project,,,,
Larry Johnson,Retired,2020,Jews do not have a plan for world domination.,"Tweets about anti-semitic tropes, impling that ""Jewish cabal"" was responsible for crimes like sex trafficking, etc. ",Twitter/X,Controversy,Negative,Active,Medium,"JNS, Yahoo Sports",https://www.i24news.tv/en/news/international/sport/1596555425-former-nfl-player-larry-johnson-tweets-anti-semitic-tropes,,,,
Jonathan Allen,Playing,2022,"granddad, hitler and michael jackson","Responds to a fan's question about who he would like to have, dead or alive,  at the dinner table",Twitter/X,Controversy,Negative,Deleted,Medium,ESPN,https://www.espn.com/nfl/story/_/id/33254443/washington-commanders-dt-jonathan-allen-apologizes-saying-dine-hitler,,,,
LeSean Shady Mccoy,Playing,2019,The worst day ever....they killed iron man,Spoils the ending of highly anticipated movie Avengers: Endgame,Twitter/X,Controversy,Negative,Active,Low,IMDb ,https://www.imdb.com/news/ni62461533/,,,,
Marquette King,Playing,2020,If I played rugby I would dominate easily,"Tweets about dominating the rugby if ever played, receiving roasts from rugby players",Twitter/X,Controversy,Negative,Deleted,Medium,ESPN,https://www.espn.com/rugby/story/_/id/29344948/former-nfl-punter-receives-roasting-rugby-players-dominate-tweet,,,,
Robert Griffin III,Retired,2025,I didn't fall in love with Grete because of her skin color. I fell in love with her heart.,Defends his wife from those who commented about her skin color,Twitter/X,Support,Positive,Active,Low,Major Entertainment Outlet,https://www.yahoo.com/entertainment/celebrity/articles/nfl-robert-griffin-iii-stirs-173949328.html,,,,
Kyle Pitts,Playing,2026,All that talk and fake emotion and nobody want to show up to lay you to rest...Just at a loss of words,Pointing out the teammates who didn't show up to respect Rondale Moore's funeral,Instagram,Controversy,Negative,Unavailable,Medium,US Weekly ,https://sports.yahoo.com/articles/kyle-pitts-calls-teammates-fake-193445440.html,,,,
Baker Mayfield,Playing,2026,Still waiting on a text/call from him after I got shipped off like a piece of garbage.,Throws shade at former coach Kevin Stefanski regarding their time working together under the Cleveland Brown,Twitter/X,Controversy,Negative,Active,Medium,US Weekly ,https://sports.yahoo.com/articles/shipped-off-piece-garbage-baker-130729364.html,,,,
Puka Nacua,Playing,2025,I don't think I'll be ready to get married anytime soon...I'm [trying to] win a Super Bowl,Ex-girlfriend has shared pictures of baby during Rams Game after paternity discussion,St. Brown Podcast,Controversy,Negative,Available,Medium,US Weekly,https://www.usmagazine.com/entertainment/news/puka-nacuas-ex-shares-baby-pics-during-rams-game-after-paternity-fight/,,,,
Taylor Lewan,Retired,2026,...my pregnant wide and two daughters are flying to meet me...my oldest daughter isn't on their connecting flight..told the wait would be two and a half hours.,Issues problems with family's flight under Alaska Airlines when they worked to visit him,Twitter/X,Controversy,Mixed,Active,Medium,US Weekly ,https://www.yahoo.com/entertainment/celebrity/articles/former-nfl-player-taylor-lewan-180101452.html,,,,
Breiden Fehoko,Retired,2026,These NFL teams come out here and post these mental health awareness posts...All they care about is what you bring to the table when it's game day.,"After the death of Rondale Moore, Fehoko hones in on the NFL's handling of the passing and mental health as a whole. ",Twitter/X,Support,Mixed,Active,Medium,US Weekly ,https://sports.yahoo.com/articles/ex-nfl-player-critical-league-195849417.html,,,,
Ryan Leaf,Retired,2026,...going to the best Dr available instead of having to be butchered on by @ProFootballDoc #FakeDrChao,Calls out a doctor's practices and capabilities after past experience being looked at by the doctor and negligence reports released about him,Twitter/X,Controversy,Mixed,Active,Medium,"US Weekly, AOL",https://www.aol.com/articles/former-nfl-qb-ryan-leaf-230331087.html?guccounter=1&guce_referrer=aHR0cHM6Ly93d3cuZ29vZ2xlLmNvbS8&guce_referrer_sig=AQAAAKXEvsXD1LXyXgXjG7XQI8_Rmj8tlILgREZTvg0Tw0FPvatBElsL-rgP7uY5MMkb7hT8LkRAYcltB5f15jyPQVGsDyIeZ7iYLapgIiERTEAUw-dGvCk0hA8SqOmdnwYy5Q7MDOyxu3D_DOiuT4F9DQtYFRQTk0TwR6z536vsIatD,,,,
Travis Kelce,Playing,2026,Those moments of rising to the occasion in the heat of the battle...that's a feeling I know I'll never get again,Discussion about future plans of retirement while looking back on the enjoyment of playing football,"""New Heights"" podcast",Reflection,Positive,Available,Medium,"Yahoo Sports, People",https://sports.yahoo.com/articles/travis-kelce-career-planned-nfl-130453202.html,,,,
Vernon Davis,Retired,2026,...reporting and look foward to clearing my name..Your positivity means everything. ,"Defending himself online after allegations of attacking a woman, resulting in arrest warrant being issued",Instagram,Controversy,Negative,Active,High,"People, New York Post, TMZ",https://people.com/vernon-davis-breaks-silence-on-allegations-he-attacked-pregnant-woman-11896782,,,,
Cam Newton,Retired,2026,...women's value gets lowered the more children that they have,"Asked about his opinion when it comes to the number of children a woman have tied to their value, resulting in some controversial answers being made","""It's Giving"" podcast",Controversy,Negative,Available,High,"Yahoo Sports, ESPN, People",https://www.aol.com/articles/former-nfl-quarterback-cam-newton-213948646.html,,,,
Tom Brady,Retired,2026,It was a challenge. It just took a lot out of me in terms of my ability to play.,Had disagreements with his then-wife about retirement plans then pursue last year of playing professional football amid struggle with marriage,FS1's The Herd with Colin Cowherd,Reflection,Negative,Available,Medium,"Fox Sports, Yahoo Sports",https://www.usmagazine.com/celebrity-news/news/tom-bradys-divorce-took-a-lot-out-of-me-during-his-last-nfl-season/,,,,
A.J. Brown,Playing,2025,"If you're not welcomed, not listened to, quietly withdraw. Don't make a scene.",He wasn't as involved in the game with Tampa Bay Buccaneers as desired; later posting cryptic message about his frustration;,Twitter/X,Controversy,Mixed,Active,Medium,Yahoo Sports,https://www.nfl.com/news/a-j-brown-let-frustrations-boil-over-in-cryptic-post-after-eagles-win-over-buccaneers,,,,
Lil'Jordan Humphrey,Playing,2026,🤚🏽,"After getting a trade, the Broncos gave Humphrey's number to the new player, to which he hints a new number. ",Twitter/X,Support,Positive,Active,Low,BroncosWire,https://broncoswire.usatoday.com/story/sports/nfl/broncos/2026/03/20/broncos-liljordan-humphrey-jersey-number/89231245007/,,,,
Amik Robertson,Playing,2025,Well deserved 97!!!! Lord!! He gone pull up tomorrow at practice in a spaceship car!!! 💰,"Reaction to the $180 million contract extension of Aidan Hutchinson, making him one of those with highest non-quarterback average salaries",Twitter/X,Support,Positive,Active,Low,Athlon Sports ,https://sports.yahoo.com/article/amik-robertson-hilarious-reaction-aidan-225021132.html,,,,
J.K. Dobbins,Playing,2025,BAN OR ATLEAST CALL THE MUTHER FUCKIN HIP DROP TACKLE!,"During the game against the Las Vegas Raiders, Dobbins left the game because of a hip-drop tackle. Lack of enforcement from the officials occurred. ",Twitter/X,Controversy,Positive,Active,Low,BroncosWire,https://www.nbcsports.com/nfl/profootballtalk/rumor-mill/news/j-k-dobbins-injured-his-foot-on-what-he-believes-was-a-hip-drop-tackle,,,,
Jason Kelce,Retired,2025,Gaints kicker is gonna have to fly home on Southwest,"Reaction to mistake made by Jude McAtamney, aiding in Giants' loss",Twitter/X,Controversy,Mixed,Deleted,Medium,"MSN, US Weekly",https://www.usmagazine.com/celebrity-news/news/jason-kelce-deletes-tweet-mocking-giants-kicker-who-was-cut-from-team/,,,,
Emeka Egbuka,Playing,2026,Is CTE even real? 🤔,Reasoned that made tweet was not posted by him as he does not operate the account,Twitter/X,Controversy,Mixed,Deleted,Medium,"Total Pro Sports, Yahoo Sports",https://sports.yahoo.com/articles/emeka-egbuka-tweet-cte-real-203551445.html,,,,
Ed Reed,Retired,2026,I do not approve this message ,Responds to White House video using NFL highlights to promote war imaginery; Reed publicly rejects association,Twitter/X,Controversy,Negative,Active,Medium,"AOL News, Yahoo News, Washington Post",https://sports.yahoo.com/articles/nfl-legend-does-not-approve-135615792.html,,,,
Caleb Williams,Playing,2026,❄️🦸🏻,Reaction to Lil Wayne's tweet after the Bears defeat Green Bay in the NFL Playoffs,Twitter/X,Support,Positive,Active,Medium,"Bleacher Report, Yahoo Sports",https://sports.yahoo.com/articles/caleb-williams-fires-back-packers-062855936.html,,,,
Cooper Kupp,Playing,2025,...always believed it was going to begin and end in LA....looking forward to playing elite football for years to come. ,Traded to the Seattle Seahawks after desire to remain in the Rams; then becoming a rival to previous team in the Super Bowl,Twitter/X,Reflection,Positive,Active,Medium,CNN Sports,https://www.espn.com/nfl/story/_/id/46932042/seattle-seahawks-cooper-kupp-return-los-angeles-rams-exit,,,,
J.J. Watt,Retired,2022,My heart is filled with nothing but love and gratitude. It's an absolute honor and a pleasure. ,Announces his retirement and reflects on football journey ,Twitter/X,Reflection,Positive,Active,Medium,ESPN,https://www.espn.com/nfl/story/_/id/35328432/cardinals-jj-watt-announces-final-nfl-season,,,,
Saquon Barkley,Playing,2025,"Maybe I just respect the office, not a hard concept to understand. ",Responds to criticism over golfing with Trump before the Eagles visited the White House,Twitter/X,Controversy,Negative,Active,High,"CBS News, Yahoo Sports, NBC News",https://sports.yahoo.com/nfl/article/saquon-barkley-defends-decision-to-golf-with-president-donald-trump-before-eagles-white-house-visit-154715971.html,,,,
Joe Burrow,Playing,2026,"The amount of ppl that don’t understand what a catch is in the rule book flabbergasts me...The two plays yesterday were not difficult calls, and they got them both right",First tweet in two years was to respond to controversial calls in the Bills vs. Broncos and Bears vs. Rams games,Twitter/X,Humor,Positive,Active,Medium,Yahoo Sports,https://sports.yahoo.com/articles/joe-burrow-just-tweeted-first-231704693.html,,,,
Patrick Mahomes,Playing,2026,⏰,Has a playful interactionwith free agent WR Allen Lazard under the post increasing the anticipation for his return to the upcoming season,Instagram,Humor,Positive,Active,Medium,Yahoo Sports,https://sports.yahoo.com/articles/patrick-mahomes-allen-lazards-playful-113300993.html,,,,
Justin Jefferson,Playing,2024,Yall wild for posting this 👎🏽This ain't cool!!,Criticized the NFL for being insensitive,Twitter/X,Controversy,Mixed,Active,Medium,Yahoo Sports,https://sports.yahoo.com/twitter-justin-jefferson-call-league-022609777.html,,,,
Jonathan Owens,Playing,2024,I always say the men are the catch.,"He made comments about how he met his wife Simone Biles through a dating app, which has drawn attention to people even outside of the football world.","""The Pivot"" podcast",Controversy,Negative,Available,High,"Today, People, Yahoo Sports",https://sports.yahoo.com/jonathan-owens-disappointed-podcast-comments-230735434.html,,,,
Cam Newton,Retired,2026,"When you have unconditional love for somebody, especially someone like that, it's almost like there's nothing you can tel me that will make me look at you differently.",Discusses about the difficulty about learning about the LGBTQ community unless constant attempt to learn about them themselves as he learned about his father's sexual orientation ,Funky Friday podcast,Support,Mixed,Available,Low,OutSports,https://sports.yahoo.com/nfl-cam-newton-trash-talk-hs-football-player-social-media-calls-out-disrespect-im-rich-200142619.html,,,,
Cam Skattebo,Playing,2026,"Yeah, asthma's fake too",Discusses about belief that CTE and asthma are fake and excuses for not poor performance and skillset,Bring the Juice podcast,Controversy,Negative,Available,High,"NBC Sports, CBS Sports, Daily Mail",https://www.dailymail.com/sport/nfl/article-15666519/new-york-giants-cam-skattebo-cte.html,,,,
Christian McCaffrey,Playing,2026,My superpower [is] my new daughter Colette. ,"After receiving the NFL honors, he honored the award to his newly born daughter. ",Instagram,Reflection,Positive,Active,Low,MSN,https://www.msn.com/en-us/sports/nfl/a-new-chapter-49ers-rb-christian-mccaffrey-and-olivia-culpo-welcome-baby-girl/ar-AA1IwK2q?apiversion=v2&domshim=1&noservercache=1&noservertelemetry=1&batchservertelemetry=1&renderwebcomponents=1&wcseo=1,,,,
DJ Chark,Retired,2026,"After much contemplation, I have decided to share a proper farewell as I navigate retirement. ",Posts about retiring from the NFL at the age of 29 and pursue the next part of his life,Instagram,Reflection,Positive,Active,Low,New York Post,https://nypost.com/2026/03/20/sports/former-pro-bowl-wideout-dj-chark-retires-from-nfl-at-29/,,,,
Antonio Brown,Retired,2026,"If the rumours are true, the US just lost its President...","Brown posts another unpredictable tweet without any additional context or information, resulting in a stir in discussion. ",Twitter/X,Controversy,Negative,Active,Low,NFL,https://www.foxnews.com/sports/antonio-brown-sends-bizarre-tweet-claiming-he-will-end-retirement-play-ravens,,,,
Tyreek Hill,Playing,2025,✌🏽,Made a remark on social media after a game where the Dolphins quarterback Tua Tagovailoa was benched,Twitter/X,Controversy,Mixed,Active,Medium,Yahoo Sports,https://sports.yahoo.com/articles/tyreek-hill-posts-cryptic-message-205109662.html,,,,
Tua Tagovailoa,Playing,2025,...it starts with the leadership,"After the game loss, he expressed the lack of seriousness from other Dolphins players to show up to players-only meetings, aiding in the loss. ",Postgame interview,Controversy,Negative,Available,Low,SI,https://www.nfl.com/news/dolphins-tua-tagovailoa-calls-out-attendance-at-players-only-meetings-following-loss-to-chargers,,,,
Josh Allen,Playing,2026,I let my teammates down tonight...This is gonna stick with me for a long time. ,"After losing in the Divisional Round, Allen emotionally reflects on his performance, affecting team's progression in the Playoffs. ",Postgame press conference,Reflection,Positive,Available,High,"USA Today, the New York Times, People",https://www.nfl.com/news/bills-josh-allen-laments-playoff-loss-broncos-let-my-teammates-down,,,,
Dion Dawkins,Playing,2026,He didn't let us down.,"Hearing about Josh Allen's emotional self-reflection on game, Dawkins becomes emotional defending the quarterback",Locker room report,Support,Mixed,Available,Medium,Yahoo Sports,https://sports.yahoo.com/articles/bills-locker-room-back-qb-144533874.html,,,,
Shawne Merriman,Retired,2026,The NFL is smart. They're gonna make the most money they possibly can...,"With the issues about the TV rights deals, Merriman discussed the need for players to get paid more rather than the NFL make more money at their expense.  ",Outkick's Don't @ Me podcast,Support,Mixed,Available,Medium,Fox News,https://www.foxnews.com/sports/ex-nfl-star-shawne-merriman-advocating-players-get-paid-more-when-tv-rights-deals-explode,,,,
Russell Wilson,Playing,2022,New team. New ball. New season. Let's Ride!,"Wilson promoted the TNF's movement to Prime Video by showing off a ""new ball"" for 2022 with a catch phrase ""Let's Ride"" which has been a meme. ",Twitter/X,Humor,Positive,Active,Medium,Yahoo Sports ,https://sports.yahoo.com/russell-wilson-promotes-amazon-thursday-120024789.html,,,,
Patrick Mahomes,Playing,2025,Why yall let me keep that nappy hair for so long?,"Talked about wanting to get a haircut and debut a new look in the future, sparking criticism from others about seeing the comment as ""anti-black""",Local Kansas City news interview,Controversy,Negative,Available,Medium,Yahoo Sports,https://sports.yahoo.com/article/patrick-mahomes-sparks-controversy-talking-211552277.html,,,,
Harrison Butker,Playing,2024,"Things like abortion, IVF, surrogacy, euthanasia, as well as a growing support for degenerative cultural values in media all stem from the pervasiveness of disorder.",Shared his views on social and political issues like gender roles and the LGBTQ community to college students at Benedictine College; went viral as spread across different platforms,Public appearance,Controversy,Negative,Active,Low,y!entertainment,https://www.cbsnews.com/news/harrison-butker-commencement-speech-abortion-pride-month-biden-diabolic-lies-told-women/,,,,
DeSean Jackson,Playing,2020,I just want to first off extend an apology on behalf of me and what I stand for...I never want to put any race down or any people down,"Apologized for previous anti-Semitic posts made, one in which included a quote of Hitler about Jews ",Instagram,Apology,Negative,Unavailable,Medium,"CNN, Yahoo Sports",https://www.cnn.com/2020/07/07/us/desean-jackson-eagles-antisemitic-post-trnd,,,,
Travis Kelce,Playing,2024,"It's a great honor...no matter who the president is, I know I'm excited because it's the biggest game of my life...",Answers question about his opinion when hearing Trump attending the Super Bowl LIX,Pre-Super Bowl press conference,Controversy,Negative,Available,High,"People, Billboard, Vanity Fair",https://people.com/travis-kelce-says-it-s-a-great-honor-to-have-trump-at-super-bowl-8786317,,,,
Cam Akers,Playing,2026,...he pushed the back of my head. I then turned around and punched him...AD saved me 😂,"During a Rams-Raiders joint practice about 3 years after this tweet, Akers and Crosby were involved in a scuffle. Akers responds to the a video in which Crosby talks about the incident in a playfal manner. ",Twitter/X,Humor,Positive,Active,Medium,Yahoo Sports,https://sports.yahoo.com/articles/cam-akers-says-aaron-donald-142026159.html,,,,
DeAndre Hopkins,Playing,2026,...🐅,Post ignites speculation of where the free agent may go after Baltimore,Twitter/X,Humor,Mixed,Active,Medium,Yahoo Sports,https://sports.yahoo.com/articles/deandre-hopkins-addresses-wanting-ravens-190932304.html,,,,
DeAndre Hopkins,Playing,2026,How many times after this do you think I was used in the red zone?,Vents frustration of past 2025 season with the Baltimore Ravens with feelings that he wasn't used to his fullest potential,Twitter/X,Controversy,Negative,Deleted,Low,Yardbarker,https://sports.yahoo.com/articles/deandre-hopkins-airs-frustrations-ravens-020617578.html,,,,
Michael Thomas,Playing,2024,Derek Carr for you...I been told yall s*** sad...,"Shows frustration about the Saints performance, putting blame on the quarterback Derek Carr",Twitter/X,Controversy,Negative,Unavailable,Low,4WWL,https://www.usatoday.com/story/sports/nfl/2024/11/03/michael-thomas-derek-carr-twitter-x-saints/76032365007/,,,,
Cole Beasley,Playing,2021,From what Ive been told these are guidelines for preseason and it's nothing final. ,Voices opinion of the NFLPA that designed the then-new COVID-19 rules restricting unvaccinated players from playing ,Twitter/X,Controversy,Negative,Active,Medium,Yahoo Sports,https://sports.yahoo.com/buffalo-bills-cole-beasley-calls-nflpa-a-joke-new-covid19-coronavirus-rules-restricting-unvaccinated-players-193720432.html,,,,
Logan Wilson,Retired,2026,It still wasn't holding in my humble opinion 😂,"Responds to video of when he was called for holding, aiming in the Bengals not winning the Super Bowl LVI ",Twitter/X,Humor,Positive,Active,Low,MSN,https://www.si.com/nfl/bengals/onsi/allbengals-insiders-plus/logan-wilson-comments-on-controversial-super-bowl-pass-interference-following-nfl-retirment-01km3qjx24q2,,,,
Stefon Diggs,Playing,2023,Stay down ignore the noise. Grind like you only got 1 shot.  ,Shares an encouraging message to draft prospects waiting to hear about NFL draft decisions,Twitter/X,Support,Positive,Unavailable,Low,Heavy Sports,https://heavy.com/sports/nfl/buffalo-bills/stefon-diggs-nfl-draft-tweet/,,,,
Damar Hamlin,Playing,2023,"The love is felt, & extremely real. No matter race or religion everybody coming together in prayer! 🙏❤️","After resting from medical-induced coma due to on-field cardiac arrest against the Cincinnati Bengals, Hamlin shared gratitude for those who wished him well. ",Twitter/X,Support,Positive,Active,Medium,CBS News,https://www.cbsnews.com/news/damar-hamlin-first-public-comments-cardiac-arrest-buffalo-bills/,,,,
Josh Allen,Playing,2023,I saw some stuff on Twitter and people should not be attacking him whatsoever. I'm glad that Damar's family came out and said that. ,"Comes to the defense of Tee Higgins, who received hate from tackle leading to Hamlin to being hospitalized",Post-practice news conference,Support,Positive,Available,Low,Cincinnati Enquirer,https://www.cincinnati.com/story/sports/nfl/bengals/2023/01/05/josh-allen-people-should-not-be-attacking-tee-higgins-whatsoever-as-damar-hamlin-recovers-cincinnati/69782959007/?gnt-cfr=1&gca-cat=p&gca-uir=true&gca-epti=z115240e1162xxv115240d--58--b--58--&gca-ft=200&gca-ds=sophi,,,,
Travis Kelce,Playing,2025,"Why are you guys leaning into this whole thing? You know what I mean? Like, why are you guys leaning into it? That's all I got though.",NFL fans accussed officials of favoritism towards the Chiefs to which media has asked Kelce about allegation. ,Super Bowl LIX Opening Night,Controversy,Negative,Available,Medium,Fox News,https://www.foxnews.com/sports/chiefs-travis-kelce-asks-reporters-why-you-guys-leaning-whole-ref-thing,,,,
Deshaun Watson,Playing,2022,I want to say that I'm truly sorry to all of the women that I have impacted in this situation,Apologizes to the women who publicly accused him of sexual misconduct during massage sessions,Interview on Browns' pregame show,Apology,Negative,Available,Medium,ESPN,https://www.espn.com/nfl/story/_/id/34390654/cleveland-browns-deshaun-watson-interview-apologizes-all-women-impacted-situation,,,,
Kadarius Toney,Free agent,2025,Goofies on the net hollerin I'm retiring,"While his free agency duration, fans wondered if Toney would retire from the NFL and start a rap career as Yung Joka. ",Instagram,Humor,Mixed,Unavailable,Medium,CBS Sports,https://nypost.com/2025/04/18/sports/kadarius-toney-responds-after-retirement-rumors-run-wild/,,,,
Mecole Hardman,Playing,2024,There were FALSE accusations made about me and MY CHARACTER! ,Response after former New York Jets teammates accussed that Hardman leaked game plans to two opponents,Twitter/X,Controversy,Negative,Unavailable,Medium,ESPN,https://www.espn.com/nfl/story/_/id/39633369/mecole-hardman-denies-leaking-jets-game-plans-chiefs-eagles,,,,
Dak Prescott,Playing,2020,"I think it's huge to talk, I think it's huge to get help and it saves lives. ","Opens about mental health struggles during the quarantine, advising the importance of taking care of one's mental health",In Depth With Granham Bensinger in-depth interview,Support,Positive,Available,Medium,The New York Times,https://www.nytimes.com/athletic/2058072/2020/09/10/it-saves-lives-dak-prescott-opens-up-on-mental-health-value-of-transparency/,,,,
George Kittle,Playing,2024,They had us in the first half not gonna lie,"When advancing to the Super Bowl, Kittle brought back a popular meme cited by a Texas high school football player back in a 2014 interview.",Postgame Interview,Humor,Positive,Available,Low,Larry Brown Sports,https://ninerswire.usatoday.com/story/sports/nfl/niners/2024/01/30/george-kittle-49ers-comeback-nfc-championship-had-us-in-the-first-half/79537007007/,,,,
Aaron Rodgers,Playing,2021,"To anyboady who felt misled by those comments, I take full responsibility for those comments. ","Looked back on comments made previously about characterization of being ""immunized,"" resulting in some misleadment",The Pat McAfee Show,Controversy,Negative,Available,Medium,"ESPN, the New York Times",https://www.nfl.com/news/aaron-rodgers-full-responsibility-misleading-comments-covid-19-vaccine,,,,
CeeDee Lamb,Playing,2025,"Just pay the man, what you owe em. No need for the extra curricular.",Publicly backed up teammate Micah Parsons with contract issues under the Dallas Cowboys,Twitter/X,Support,Positive,Unavailable,Medium,Yahoo Sports,https://sports.yahoo.com/article/ceedee-lamb-tells-jerry-jones-190837198.html,,,,
Justin Fields,Playing,2023,"...I'm never going to blame anything on the coaches. I'm never going to blame anything on my teammates. Whatever happens in the game, I will take all the blame.","After previous comments made regarding his coaches which resulted in further discussion, Fields clarified his stance with his coaches and team.",Media session ,Support,Mixed,Available,Medium,"NBC Sports, Fox News",https://www.nfl.com/news/bears-qb-justin-fields-clarifies-robotic-comments-i-m-not-blaming-anything-on-th,,,,
Roger Goodell,,2019,,,,Controversy,Negative,,Medium,Yahoo Sports,https://sports.yahoo.com/roger-goodell-breaks-silence-controversial-no-call-nfc-championship-game-182248316.html,Roger Goodell breaks silence on controversial no-call in NFC championship game,0.2222972926510192,62.0,NFL fans accussed officials of favoritism towards the Chiefs to which media has asked Kelce about allegation. 
,,2019,,,,Controversy,Negative,,Medium,Business Insider,https://www.businessinsider.com/the-biggest-nfl-controversies-in-100-year-history-2019-9,The 12 biggest controversies in the NFL's 100-year history,0.1838636305343907,25.0,Had disagreements with his then-wife about retirement plans then pursue last year of playing professional football amid struggle with marriage
Uncle Luke Speaks,,2019,,,,Controversy,Positive,,Medium,bet.com,https://www.bet.com/article/fmac1f/uncle-luke-speaks-on-jay-z-s-nfl-deal-controversy,Uncle Luke Speaks On Jay-Z's NFL Deal Controversy,0.1524692735513186,48.0,"With the issues about the TV rights deals, Merriman discussed the need for players to get paid more rather than the NFL make more money at their expense.  "
,,2019,,,,Controversy,Negative,,Medium,USA Today,https://www.usatoday.com/story/sports/nfl/2019/01/27/super-bowl-nfl-umpire-roy-ellison/2678053002/,The big-time NFL umpire who has a history of controversy,0.1557721143667396,62.0,NFL fans accussed officials of favoritism towards the Chiefs to which media has asked Kelce about allegation. 
,,2019,,,,Controversy,Negative,,High,NFL.com,https://www.nfl.com/news/saints-crushed-after-controversial-no-call-helps-end-playoff-ru-0ap3000001012303,Saints crushed after controversial no-call helps end playoff run,0.1722533331083956,57.0,"Shows frustration about the Saints performance, putting blame on the quarterback Derek Carr"
,,2019,,,,Controversy,Negative,,Medium,vox.com,https://www.vox.com/culture/2019/8/16/20808892/jay-z-nfl-kaepernick-roc-nation-partnership-inspire-change-criticism,"The controversy surrounding Jay-Z’s partnership with the NFL, explained",0.1992927220738094,48.0,"With the issues about the TV rights deals, Merriman discussed the need for players to get paid more rather than the NFL make more money at their expense.  "
Travis Scott,,2019,,,,Controversy,Mixed,,Medium,BBC,https://www.bbc.com/news/newsbeat-46860684,"Super Bowl: Maroon 5, Big Boi and Travis Scott to perform",0.1763942173599449,53.0,Answers question about his opinion when hearing Trump attending the Super Bowl LIX
Antonio Brown,Retired,2019,,,,Controversy,Negative,,High,SB Nation,https://www.sbnation.com/nfl/2019/8/10/20799558/antonio-brown-helmet-controversy-raiders-nfl-rule-retirement,How you can make sense of the Antonio Brown helmet controversy,0.4220556626830032,43.0,"Brown posts another unpredictable tweet without any additional context or information, resulting in a stir in discussion. "
,,2019,,,,Controversy,Mixed,,Medium,Football Zebras,https://www.footballzebras.com/2019/02/no-momentum-for-big-instant-replay-rule-changes/,No momentum for big instant replay rule changes,0.2048564211504476,37.0,First tweet in two years was to respond to controversial calls in the Bills vs. Broncos and Bears vs. Rams games
,,2019,,,,Controversy,Negative,,Medium,vox.com,https://www.vox.com/culture/2019/2/1/18202128/super-bowl-2019-liii-53-halftime-show-controversy-maroon-5-travis-scott-big-boi,"The Super Bowl halftime show controversies, explained",0.1579035123176287,53.0,Answers question about his opinion when hearing Trump attending the Super Bowl LIX
Antonio Brown,Retired,2019,,,,Controversy,Negative,,Medium,CBS Sports,https://www.cbssports.com/nfl/news/antonio-brown-rumors-retirement-threatened-over-helmet-dispute-timeline-on-injured-feet-up-in-the-air/,"Antonio Brown rumors: Retirement threatened over helmet dispute, timeline on injured feet up in the air",0.4122048442159568,43.0,"Brown posts another unpredictable tweet without any additional context or information, resulting in a stir in discussion. "
Rams,,2019,,,,Controversy,Negative,,High,The Herald-Mail,https://www.heraldmailmedia.com/story/news/2019/01/21/fl-officiating-under-fire-no-call-vs-rams-is-latest-controversy-in-2018-19/44296915/,NFL officiating under fire: No-call vs. Rams is latest controversy in 2018-19,0.1776626902779333,46.0,"After losing in the Divisional Round, Allen emotionally reflects on his performance, affecting team's progression in the Playoffs. "
Antonio Brown,Retired,2019,,,,Controversy,Negative,,Medium,New York Post,https://nypost.com/2019/08/09/raiders-antonio-brown-threatens-to-quit-nfl-in-bizarre-helmet-dispute/,Raiders’ Antonio Brown threatens to quit NFL in bizarre helmet dispute,0.372663196088856,43.0,"Brown posts another unpredictable tweet without any additional context or information, resulting in a stir in discussion. "
Bill Belichick,,2019,,,,Controversy,Negative,,High,Boston Herald,https://www.bostonherald.com/2019/12/11/patriots-head-coach-bill-belichick-reaches-nuisance-point-on-bengals-film-controversy/,Patriots head coach Bill Belichick reaches nuisance point on Bengals film controversy,0.1685475816315415,70.0,"After previous comments made regarding his coaches which resulted in further discussion, Fields clarified his stance with his coaches and team."
,,2019,,,,Controversy,Negative,,High,The Sport Journal,https://thesportjournal.org/article/deflategate-the-patriots-use-of-image-repair/,Deflategate: The Patriots’ Use of Image Repair,0.2710927593952469,25.0,Had disagreements with his then-wife about retirement plans then pursue last year of playing professional football amid struggle with marriage
Colin Kaepernick,,2019,,,,Controversy,Negative,,Medium,The Ringer,https://www.theringer.com/2019/02/19/nfl/colin-kaepernick-nfl-protest-racial-injustice,The NFL Silenced Colin Kaepernick but Did Not Break Him,0.177802779701615,5.0,Made a racist tweet about white NFL playerss
Travis Scott,,2019,,,,Controversy,Negative,,High,BBC,https://www.bbc.com/news/newsbeat-47089066,"Maroon 5, Travis Scott and the Super Bowl half-time show controversy",0.1573307344254493,53.0,Answers question about his opinion when hearing Trump attending the Super Bowl LIX
,,2019,,,,Controversy,Negative,,Medium,USA Today,https://www.usatoday.com/story/sports/nfl/columnist/bell/2019/12/20/nfl-suffers-through-decade-controversy-scandal-and-shame/2706680001/,Opinion: This past decade of NFL scandals is the worst stretch ever for the league,0.1952333940669122,48.0,"With the issues about the TV rights deals, Merriman discussed the need for players to get paid more rather than the NFL make more money at their expense.  "
,,2019,,,,Controversy,Negative,,Medium,The Atlantic,https://www.theatlantic.com/entertainment/archive/2019/02/maroon-5-super-bowl-halftime-preview-kaepernick/581695/,Even Maroon 5 Can’t Avoid Controversy This Super Bowl,0.152357465346676,53.0,Answers question about his opinion when hearing Trump attending the Super Bowl LIX
,,2019,,,,Controversy,Negative,,Medium,NPR,https://www.npr.org/2019/08/22/753387025/jay-z-roc-nation-nfl-partnership-colin-kaepernick,Opinion: Jay-Z Can't Roc With The NFL Unless Kaepernick Gets A Seat At The Table,0.1747969470216588,5.0,Made a racist tweet about white NFL playerss
,,2019,,,,Controversy,Positive,,High,Yahoo Finance,https://finance.yahoo.com/news/25-most-controversial-college-football-010605597.html,25 Most Controversial College Football Moments,0.1745073047322007,1.0,Response to a tweet that praises Texas running back 
,,2019,,,,Controversy,Negative,,Medium,Fox News,https://www.foxnews.com/entertainment/maroon-5-wont-hold-a-pre-super-bowl-halftime-show-press-conference-amid-protest-controversy,NFL criticized for canceling Maroon 5 Super Bowl press conference amid protest controversy,0.1568096514097219,62.0,NFL fans accussed officials of favoritism towards the Chiefs to which media has asked Kelce about allegation. 
,,2019,,,,Controversy,Positive,,Medium,Bham Now,https://bhamnow.com/2017/09/28/kneeling-in-protest-has-alabama-roots/,The history behind kneeling to protest includes Alabama,0.1782990350626744,53.0,Answers question about his opinion when hearing Trump attending the Super Bowl LIX
,,2019,,,,Controversy,Mixed,,Medium,Sports Business Journal,https://www.sportsbusinessjournal.com/Daily/Issues/2019/09/16/People-and-Pop-Culture/Ballers/,"""Ballers"" Recap: NFL Covers Up Controversy; Another OBJ Cameo",0.1499219452214378,48.0,"With the issues about the TV rights deals, Merriman discussed the need for players to get paid more rather than the NFL make more money at their expense.  "
Zac Taylor,,2019,,,,Controversy,Negative,,High,ESPN,https://www.espn.com/nfl/story/_/id/25945471/zac-taylor-defends-adding-jim-turner-fired-dolphins-bully-case-bengals-staff,"Zac Taylor defends adding Jim Turner, fired in Dolphins' bullying scandal, to Bengals staff",0.2008186871709014,19.0,Issues problems with family's flight under Alaska Airlines when they worked to visit him
Rams,,2019,,,,Controversy,Negative,,Medium,Yahoo Sports Australia,https://au.sports.yahoo.com/worst-no-call-ever-controversy-erupts-rams-advance-super-bowl-235549192.html,'Worst no-call ever': Controversy erupts as Rams advance to Super Bowl,0.152520776637433,46.0,"After losing in the Divisional Round, Allen emotionally reflects on his performance, affecting team's progression in the Playoffs. "
Roger Goodell,,2019,,,,Controversy,Negative,,Low,Houston Chronicle,https://www.houstonchronicle.com/sports/columnists/smith/article/While-fans-burn-over-NFL-officiating-Roger-13575180.php,"While fans burn over NFL officiating, Roger Goodell fiddles",0.1753478224511227,62.0,NFL fans accussed officials of favoritism towards the Chiefs to which media has asked Kelce about allegation. 
,,2019,,,,Controversy,Negative,,High,NBC News,https://www.nbcnews.com/think/opinion/colin-kaepernick-s-nfl-workout-was-debacle-because-teams-care-ncna1085176,Opinion | Kaepernick's NFL workout debacle shows teams never really cared about hiring him,0.1788530800573292,48.0,"With the issues about the TV rights deals, Merriman discussed the need for players to get paid more rather than the NFL make more money at their expense.  "
Goodell,,2019,,,,Controversy,Neutral,,High,WMUR,https://www.wmur.com/article/roger-goodell-nfl-wont-draw-conclusions-until-patriots-video-investigation-is-complete/30209487,Goodell: NFL won't draw conclusions until Patriots video investigation is complete,0.1561399692902314,7.0,Supports current New England Patriots' defender K'Lavon Chaisson
Adam Levine,,2019,,,,Controversy,Negative,,High,CBS News,https://www.cbsnews.com/news/super-bowl-2019-maroon-5-adam-levine-addresses-halftime-show-controversy/,Super Bowl 2019: Maroon 5 front man Adam Levine addresses halftime show controversy,0.1456995989433175,62.0,NFL fans accussed officials of favoritism towards the Chiefs to which media has asked Kelce about allegation. 
Antonio Brown's,,2019,,,,Controversy,Negative,,High,USA Today,https://www.usatoday.com/story/sports/nfl/raiders/2019/08/11/antonio-brown-injury-helmet-controversy-absence-oakland-raiders-training-camp/1981524001/,"What we know about Antonio Brown's absence from Oakland Raiders, beef about helmets with NFL",0.4068266216496371,43.0,"Brown posts another unpredictable tweet without any additional context or information, resulting in a stir in discussion. "
Mardi Gras,,2019,,,,Controversy,Positive,,Medium,Fox News,https://www.foxnews.com/travel/mardi-gras-2019-parade-krewes-respond-blackface-mock-nfl,"Mardi Gras 2019: Parade krewes respond to blackface criticism, mock NFL",0.1745087999034183,62.0,NFL fans accussed officials of favoritism towards the Chiefs to which media has asked Kelce about allegation. 
,,2019,,,,Controversy,Negative,,Medium,CBS News,https://www.cbsnews.com/boston/news/patriots-bengals-spygate-accusations-nfl-week-15/,Newest Spygate Controversy Surrounding Patriots Just A 'Misunderstanding' With Bengals,0.1667366393042332,7.0,Supports current New England Patriots' defender K'Lavon Chaisson
Freddie Kitchens,,2019,,,,Controversy,Negative,,Medium,ESPN,https://www.espn.com/nfl/story/_/id/28206183/steelers-blast-freddie-kitchens-controversial-shirt,Steelers blast Freddie Kitchens for controversial shirt,0.2811698460663595,17.0,Throws shade at former coach Kevin Stefanski regarding their time working together under the Cleveland Brown
Robert Kraft,,2019,,,,Controversy,Negative,,High,The Guardian,https://www.theguardian.com/sport/2019/feb/26/robert-kraft-allegations-prostitution-nfl-punishment-new-england-patriots,Will the NFL punish Robert Kraft and the Patriots over prostitution allegations?,0.1656296885054346,48.0,"With the issues about the TV rights deals, Merriman discussed the need for players to get paid more rather than the NFL make more money at their expense.  "
Malcolm Jenkins,,2019,,,,Controversy,Mixed,,High,Billy Penn at WHYY,https://billypenn.com/2019/09/05/malcolm-jenkins-the-eagles-and-why-the-nfl-still-doesnt-have-a-policy-on-kneeling/,The Malcolm Jenkins controversy and why the NFL still doesn’t have a policy on kneeling,0.2085707179295556,36.0,Responds to criticism over golfing with Trump before the Eagles visited the White House
,,2019,,,,Controversy,Positive,,Medium,CBS Sports,https://www.cbssports.com/nfl/news/spygate-part-ii-was-a-false-alarm-heres-why-patriots-had-film-crew-at-bengals-browns-game/,Spygate Part II was a false alarm: Here's why Patriots had film crew at Bengals-Browns game,0.2036060897399888,7.0,Supports current New England Patriots' defender K'Lavon Chaisson
,,2019,,,,Controversy,Negative,,Medium,News-Times,https://www.newstimes.com/local/article/Former-Danbury-employee-alleges-discrimination-13667828.php,Lawsuit: NFL national anthem dispute reveals racist atmosphere in Danbury City Hall,0.3552913749327126,16.0,Pointing out the teammates who didn't show up to respect Rondale Moore's funeral
,,2019,,,,Controversy,Negative,,Medium,New York Post,https://nypost.com/2019/05/24/pacman-jones-retires-after-contentious-12-year-nfl-career/,Pacman Jones retires after controversial NFL career,0.14367985694543,69.0,Publicly backed up teammate Micah Parsons with contract issues under the Dallas Cowboys
Colin Kaepernick,,2019,,,,Controversy,Negative,,High,Business Insider,https://www.businessinsider.com/russian-trolls-used-colin-kaepernick-nfl-kneeling-debate-divide-2019-10,"Russian trolls tried to stoke racial divisions with the NFL kneeling debate and Colin Kaepernick well after 2016, Senate report says",0.2033861134999157,53.0,Answers question about his opinion when hearing Trump attending the Super Bowl LIX
,,2019,,,,Apology,Negative,,Medium,USA Today,https://www.usatoday.com/story/news/nation/2019/04/27/nfl-draft-donald-trump-nick-bosa-tweets-twitter-colin-kaepernick/3598371002/,NFL: Trump tells draft pick who called Kaepernick 'clown' in tweet to 'stay true to yourself',0.2150011411885173,53.0,Answers question about his opinion when hearing Trump attending the Super Bowl LIX
,,2019,,,,Controversy,Negative,,High,Philadelphia Magazine,https://www.phillymag.com/news/2019/07/31/shawn-bullard-rape-allegation/,Consultant Accuses Controversial Real Estate Developer Shawn Bullard of Rape,0.144829510527137,52.0,"Apologized for previous anti-Semitic posts made, one in which included a quote of Hitler about Jews "
Carson Wentz,,2019,,,,Controversy,Positive,,Medium,The New York Times,https://www.nytimes.com/athletic/796483/2019/02/04/carson-wentz-opens-up-about-controversial-article-relationship-with-teammates/,"Carson Wentz opens up about controversial article, relationship with Eagles teammates",0.2303222699695959,70.0,"After previous comments made regarding his coaches which resulted in further discussion, Fields clarified his stance with his coaches and team."
,,2019,,,,Controversy,Negative,,High,"ABC News - Breaking News, Latest News and Videos",https://abcnews.com/US/orleans-attorney-files-lawsuit-requesting-nfl-enforce-league/story?id=60553364,New Orleans attorney files lawsuit requesting NFL enforce league rule to reverse NFC Championship result after no-call controversy,0.1638984378702225,48.0,"With the issues about the TV rights deals, Merriman discussed the need for players to get paid more rather than the NFL make more money at their expense.  "
Clay Matthews,,2019,,,,Controversy,Negative,,Medium,New York Post,https://nypost.com/2019/10/19/clay-matthews-fined-for-telling-nfls-ugly-referee-truth/,Clay Matthews fined for telling NFL’s ugly referee truth,0.1559126955073775,8.0,Calling out the referees after team's loss
,,2019,,,,Controversy,Negative,,High,The Guardian,https://www.theguardian.com/music/2019/jan/06/super-bowl-half-time-show-rihanna-cardi-b-colin-kaepernick,Star names say no to Super Bowl show in support of police brutality protest,0.1686974996666636,53.0,Answers question about his opinion when hearing Trump attending the Super Bowl LIX
Antonio Brown’s,,2019,,,,Controversy,Negative,,High,SB Nation,https://www.sbnation.com/2019/8/12/20801131/antonio-brown-helmet-raiders-nfl-grievance,"Antonio Brown’s dispute with the NFL over a helmet, explained",0.4439909446621692,43.0,"Brown posts another unpredictable tweet without any additional context or information, resulting in a stir in discussion. "
,,2019,,,,Controversy,Negative,,High,Business Insider,https://www.businessinsider.com/patriots-cheating-scandals-accusations-examples-2019-12,Examples of How Patriots Have Been Accused of Cheating,0.2615323107529665,7.0,Supports current New England Patriots' defender K'Lavon Chaisson
,,2019,,,,Controversy,Negative,,Medium,FanSided,https://fansided.com/2019/05/24/pacman-jones-call-it-a-career-after-nearly-15-years-of-controversy/,Pacman Jones calls it a career after nearly 15 years of controversy,0.1832358959704137,69.0,Publicly backed up teammate Micah Parsons with contract issues under the Dallas Cowboys
Antonio Brown,Retired,2019,,,,Controversy,Negative,,High,Hartford Courant,https://www.courant.com/2019/09/16/antonio-brown-controversy-threatens-to-envelop-cousin-ravens-rookie-wr-marquise-brown/,"Antonio Brown controversy threatens to envelop cousin, Ravens rookie WR Marquise Brown",0.5403052968850997,43.0,"Brown posts another unpredictable tweet without any additional context or information, resulting in a stir in discussion. "
,,2019,,,,Controversy,Negative,,Medium,New York Post,https://nypost.com/2019/10/06/mason-rudolph-hit-steelers-medical-cart-controversy-emerges/,Mason Rudolph hit: Steelers medical cart controversy emerges after injury,0.2099251433886097,57.0,"Shows frustration about the Saints performance, putting blame on the quarterback Derek Carr"
,,2019,,,,Controversy,Negative,,High,vox.com,https://www.vox.com/the-goods/2019/1/15/18183617/trump-clemson-mcdonalds-burger-king-wendys-dominos,"The controversy around Trump’s fast-food football feast, explained",0.4221714191589039,36.0,Responds to criticism over golfing with Trump before the Eagles visited the White House
,,2020,,,,Controversy,Negative,,High,The Sport Journal,https://thesportjournal.org/article/how-the-nfl-responded-to-the-colin-kaepernick-protests-in-2016-2017-and-how-the-league-responded-to-athlete-protests-during-the-black-lives-matter-movement-of-2020-a-sport-study-social-phenomenologi/,"How the NFL Responded to the Colin Kaepernick Protests in 2016-2017 and How the League Responded to Athlete Protests During the Black Lives Matter Movement of 2020: A Sport Study, Social Phenomenological Approach",0.164778331285414,48.0,"With the issues about the TV rights deals, Merriman discussed the need for players to get paid more rather than the NFL make more money at their expense.  "
,,2020,,,,Controversy,Negative,,Medium,Den of Geek,https://www.denofgeek.com/games/madden-nfl-21-user-score-controversy-explained/,Madden NFL 21 User Score Controversy Explained,0.1650104889391516,48.0,"With the issues about the TV rights deals, Merriman discussed the need for players to get paid more rather than the NFL make more money at their expense.  "
,,2020,,,,Reflection,Negative,,Medium,HS Insider,https://highschool.latimes.com/sports/opinion-the-patriots-early-exit-from-the-nfl-post-season-was-a-much-needed-change-in-pace/,Opinion: The Patriots’ early exit from the NFL post-season was a much-needed change in pace,0.2365772171706957,25.0,Had disagreements with his then-wife about retirement plans then pursue last year of playing professional football amid struggle with marriage
,,2020,,,,Controversy,Negative,,Medium,FOX Sports,https://www.foxsports.com/stories/nfl/nfl-at-100-a-look-at-the-biggest-scandals-in-nfl-history,NFL At 100: A look at the biggest scandals in NFL history,0.210144972435962,48.0,"With the issues about the TV rights deals, Merriman discussed the need for players to get paid more rather than the NFL make more money at their expense.  "
,,2020,,,,Controversy,Mixed,,High,CBS Sports,https://www.cbssports.com/nfl/news/washington-redskins-name-change-heres-a-timeline-detailing-the-origins-controversies-and-more/,"Washington Redskins change name: Here's a timeline detailing the origins, controversies and more",0.1440962457150026,13.0,"Responds to a fan's question about who he would like to have, dead or alive,  at the dinner table"
,,2020,,,,Controversy,Negative,,Medium,Mother Jones,https://www.motherjones.com/media/2020/02/the-messy-racial-politics-of-the-super-bowl-halftime-show/,The Messy Racial Politics of the Super Bowl Halftime Show,0.2026977964717474,5.0,Made a racist tweet about white NFL playerss
Roger Goodell,,2020,,,,Controversy,Positive,,Medium,CBS News,https://www.cbsnews.com/news/nfl-roger-goodell-video-apology-colin-kaepernick-protests-george-floyd-2020-06-06/,"""We were wrong,"" NFL Commissioner Roger Goodell says",0.1424617809623764,48.0,"With the issues about the TV rights deals, Merriman discussed the need for players to get paid more rather than the NFL make more money at their expense.  "
Baker Mayfield,Playing,2020,,,,Controversy,Negative,,High,mg Magazine,https://mgmagazine.com/culture-lifestyle/media-entertainment/baker-mayfield-causing-additional-nfl-controversy-with-cbd-endorsement/,Baker Mayfield Causing Additional NFL Controversy with CBD Endorsement,0.2723867415610096,17.0,Throws shade at former coach Kevin Stefanski regarding their time working together under the Cleveland Brown
,,2020,,,,Controversy,Mixed,,Medium,ESPN,https://www.espn.com/college-football/story/_/id/29231106/flag-gone-wrong-look-most-controversial-calls-college-football-history,Flag gone wrong? A look at the most controversial calls in college football history,0.1554256219379621,1.0,Response to a tweet that praises Texas running back 
George P. Marshall,,2020,,,,Controversy,Negative,,Medium,DCist,https://dcist.com/story/20/06/24/washington-nfl-team-cancels-george-preston-marshall/,Washington Football Team To Remove References To Former Owner And Segregationist George P. Marshall,0.1441662983939768,5.0,Made a racist tweet about white NFL playerss
George Floyd’s,,2020,,,,Controversy,Negative,,Medium,Yahoo Sports,https://sports.yahoo.com/in-light-of-george-floyds-death-ex-nfl-exec-admits-what-we-knew-all-along-protests-ended-colin-kaepernicks-career-175616379.html,"In light of George Floyd’s death, ex-NFL exec admits what we knew all along: Protests ended Colin Kaepernick’s career",0.164778478411291,48.0,"With the issues about the TV rights deals, Merriman discussed the need for players to get paid more rather than the NFL make more money at their expense.  "
,,2020,,,,Controversy,Mixed,,Low,The New Yorker,https://www.newyorker.com/culture/annals-of-inquiry/exactly-how-dangerous-is-football,Exactly How Dangerous Is Football?,0.144839410101679,21.0,Calls out a doctor's practices and capabilities after past experience being looked at by the doctor and negligence reports released about him
Gregg Williams,,2020,,,,Controversy,Negative,,Medium,ESPN,https://www.espn.com/nfl/story/_/id/30469684/source-new-york-jets-fire-defensive-coordinator-gregg-williams-controversial-blitz-call,New York Jets fire defensive coordinator Gregg Williams after controversial blitz call,0.3648991439162289,33.0,Reaction to Lil Wayne's tweet after the Bears defeat Green Bay in the NFL Playoffs
,,2020,,,,Controversy,Negative,,High,FOX Sports,https://www.foxsports.com/stories/college-football/controversy-in-clemson,Controversy in Clemson,0.1591393675860761,5.0,Made a racist tweet about white NFL playerss
Kiss Cam,,2020,,,,Controversy,Negative,,Medium,FOX Sports,https://www.foxsports.com/stories/college-football/syracuse-pulls-kiss-cam-after-forced-on-screen-kiss-sparks-controversy,"Syracuse pulls Kiss Cam after forced, on-screen kiss sparks controversy",0.1451879107167497,24.0,"Asked about his opinion when it comes to the number of children a woman have tied to their value, resulting in some controversial answers being made"
Justin Rohrwasser,,2020,,,,Controversy,Negative,,Medium,NBC Sports Boston,https://www.nbcsportsboston.com/nfl/new-england-patriots/report-patriots-kicker-justin-rohrwasser-removed-controversial-tattoo/391818/,Report: Patriots kicker Justin Rohrwasser removed controversial tattoo,0.1559038243124475,7.0,Supports current New England Patriots' defender K'Lavon Chaisson
,,2020,,,,Controversy,Mixed,,Medium,The Oklahoman,https://www.oklahoman.com/story/sports/columns/berry-tramel/2020/09/07/big-12-launches-social-justice-campaign/60383673007/,Big 12 football teams could enter national anthem controversy,0.161138775128139,5.0,Made a racist tweet about white NFL playerss
,,2020,,,,Controversy,Positive,,High,FOX Sports,https://www.foxsports.com/stories/nfl/quarterback-controversies-6-you-need-to-know-about,Quarterback controversies: 6 you need to know about,0.1542789719133989,21.0,Calls out a doctor's practices and capabilities after past experience being looked at by the doctor and negligence reports released about him
James Franklin,,2020,,,,Controversy,Negative,,High,ESPN,https://www.espn.com/college-football/story/_/id/30349666/former-penn-state-football-player-says-coach-told-not-report-physical-fight-police,Former Penn State football player says coach James Franklin told him not to report fight to police,0.2164094501503187,69.0,Publicly backed up teammate Micah Parsons with contract issues under the Dallas Cowboys
DeSean Jackson,Playing,2020,,,,Controversy,Mixed,,High,ESPN,https://www.espn.com/nfl/story/_/id/29848174/eagles-desean-jackson-says-educating-anti-semitic-posts,Eagles' DeSean Jackson says he's educating himself after anti-Semitic posts,0.5023798445953173,52.0,"Apologized for previous anti-Semitic posts made, one in which included a quote of Hitler about Jews "
,,2020,,,,Controversy,Negative,,Medium,Newsweek,https://www.newsweek.com/everything-donald-trump-said-nfl-anthem-protests-1509333,Everything Trump Has Said About NFL Kneeling So Far,0.2829081481759628,36.0,Responds to criticism over golfing with Trump before the Eagles visited the White House
Jordan Love,,2020,,,,Controversy,Positive,,High,Deseret News,https://www.deseret.com/sports/2020/4/24/21234770/jordan-love-green-bay-packers-2020-nfl-draft-controversy-utah-state-quarterback/,Why Green Bay’s selection of Utah State quarterback Jordan Love is seen as a controversial move,0.4111971406652847,68.0,"Looked back on comments made previously about characterization of being ""immunized,"" resulting in some misleadment"
,,2020,,,,Controversy,Mixed,,Medium,ABC13 Houston,https://abc13.com/post/houston-texans-thanksgiving-football-games-nfl/8204372/,Thanksgiving football: Houston Texans and Detroit Lions played in controversial 2012 game,0.1525876838843933,63.0,Apologizes to the women who publicly accused him of sexual misconduct during massage sessions
Jets,,2020,,,,Controversy,Negative,,High,ESPN,https://www.espn.com/nfl/story/_/id/29632538/one-punch-two-lives-altered-story-jets-2015-locker-room-fight,"One punch, two lives altered: The inside story of Jets' 2015 locker room fight",0.1771537729249748,65.0,Response after former New York Jets teammates accussed that Hardman leaked game plans to two opponents
Logan Paul,,2020,,,,Controversy,Negative,,Medium,Business Insider,https://www.businessinsider.com/logan-paul-youtube-antonio-brown-nfl-boxing-match-fight-talk-2020-1,Logan Paul and NFL Player Antonio Brown Spark Boxing Fight Rumors,0.4137544026570307,43.0,"Brown posts another unpredictable tweet without any additional context or information, resulting in a stir in discussion. "
James Wilks,,2020,,,,Controversy,Positive,,High,The New York Times,https://www.nytimes.com/athletic/1506838/2020/01/03/tuf-champ-james-wilks-finds-second-life-and-controversy-as-plant-based-diet-advocate/,‘TUF’ champ James Wilks finds second life — and controversy — as plant-based-diet advocate,0.1825171569562954,68.0,"Looked back on comments made previously about characterization of being ""immunized,"" resulting in some misleadment"
Nicolas Anelka’s,,2020,,,,Controversy,Negative,,Medium,The New York Times,https://www.nytimes.com/athletic/1842082/2020/05/29/nicolas-anelka-west-bromwich-albion-controversy/,"Confusion, heartache and controversy – Nicolas Anelka’s sorry spell at West Brom",0.1687256461498006,68.0,"Looked back on comments made previously about characterization of being ""immunized,"" resulting in some misleadment"
NFL Draft,,2020,,,,Controversy,Mixed,,High,New York Post,https://nypost.com/2020/04/27/espn-reviewing-nfl-draft-2020-facts-that-sparked-outrage/,ESPN’s ‘Debbie Downer’ NFL Draft facts are now under review,0.201545331796057,61.0,"Comes to the defense of Tee Higgins, who received hate from tackle leading to Hamlin to being hospitalized"
,,2020,,,,Apology,Negative,,Medium,USA Today,https://www.usatoday.com/story/sports/nfl/draft/2020/04/27/espn-apologizes-nfl-draft-graphic-tee-higgins-bio-mom/3032396001/,"ESPN apologizes for graphic in Tee Higgins' NFL draft bio, will rethink airing tragic facts in future",0.2715150412860025,61.0,"Comes to the defense of Tee Higgins, who received hate from tackle leading to Hamlin to being hospitalized"
,,2020,,,,Controversy,Mixed,,High,ESPN,https://www.espn.com/college-football/story/_/id/29324272/the-most-absurd-controversial-national-title-claims-college-football-history,The most absurd and controversial national title claims in college football history,0.1457573309992241,1.0,Response to a tweet that praises Texas running back 
,,2020,,,,Controversy,Positive,,High,WYRK,https://wyrk.com/nfl-officials-tweet-explaining-buffalo-bills-controversial-interception-call/,NFL Officials Tweet Explaining Buffalo Bills Controversial ‘Interception’ Call,0.3576351183274001,47.0,"Hearing about Josh Allen's emotional self-reflection on game, Dawkins becomes emotional defending the quarterback"
,,2020,,,,Controversy,Negative,,Medium,New York Post,https://nypost.com/2020/01/22/experts-rip-doctor-turned-evangelist-bennet-omalu-for-cte-claims/,Experts rip doctor-turned-evangelist Bennet Omalu for CTE claims,0.2452066155938876,31.0,Reasoned that made tweet was not posted by him as he does not operate the account
Logo,,2020,,,,Controversy,Negative,,High,SportsLogos.Net News,https://news.sportslogos.net/2020/07/05/the-history-and-the-controversy-of-the-washington-redskins-name-and-logo/football/,The History and the Controversy of the Washington Redskins Name and Logo,0.1423525063124783,0.0,Instagram post celebrating July 4th sparked backlash due to political context and timing
NFL Draft,,2020,,,,Controversy,Negative,,Medium,Awful Announcing,https://awfulannouncing.com/espn/espn-says-trauma-coverage-introduces-the-human-side-of-the-players.html,ESPN says their much-criticized NFL Draft trauma coverage “introduces the human side of the players” (updated),0.2043198840652335,61.0,"Comes to the defense of Tee Higgins, who received hate from tackle leading to Hamlin to being hospitalized"
,,2020,,,,Reflection,Negative,,Low,CBS News,https://www.cbsnews.com/boston/news/espn-story-deflategate-scandal-nfl-patriots-national-narrative/,"ESPN Runs Story Pinning DeflateGate Scandal On NFL Instead Of Patriots, Perhaps Reshaping National Narrative",0.2902292438464873,25.0,Had disagreements with his then-wife about retirement plans then pursue last year of playing professional football amid struggle with marriage
,,2020,,,,Controversy,Mixed,,Medium,The New York Times,https://www.nytimes.com/athletic/2206464/2020/11/19/nebraska-texas-am-2010-madness-revisited/,"Conspiracies, controversy and rancor: Nebraska’s bizarre final Big 12 road game",0.1859813346002049,34.0,Traded to the Seattle Seahawks after desire to remain in the Rams; then becoming a rival to previous team in the Super Bowl
,,2020,,,,Reflection,Positive,,Medium,The New York Times,https://www.nytimes.com/athletic/1829002/2020/05/22/how-a-scandal-unraveled-and-shaped-the-battle-for-card-collectings-soul/,How a scandal unfolded and shaped the battle for card collecting’s soul,0.1705535435156297,68.0,"Looked back on comments made previously about characterization of being ""immunized,"" resulting in some misleadment"
,,2020,,,,Controversy,Negative,,Medium,CBS Sports,https://www.cbssports.com/nfl/news/saints-lose-on-controversial-pass-interference-no-call-again-former-nfl-referee-says-it-shouldve-been-a-flag/,"Saints lose on controversial pass interference no-call again, former NFL referee says it should've been a flag",0.1578898861962168,47.0,"Hearing about Josh Allen's emotional self-reflection on game, Dawkins becomes emotional defending the quarterback"
,,2020,,,,Controversy,Negative,,High,Comic Book Resources,https://www.cbr.com/why-blitz-the-league-was-controversial/,"Why Blitz: The League, the Only M-Rated Football Game, Was So Controversial",0.177702655814979,48.0,"With the issues about the TV rights deals, Merriman discussed the need for players to get paid more rather than the NFL make more money at their expense.  "
Deflategate,,2020,,,,Controversy,Negative,,High,sportingnews.com,https://www.sportingnews.com/us/nfl/news/patriots-spygate-deflategate-bill-belichick-timeline/ovkdjh8ny5qb1fnns9grat5mk,"A timeline of Patriots scandals: Spygate, Deflategate and other controversial incidents under Bill Belichick",0.2382231330228183,7.0,Supports current New England Patriots' defender K'Lavon Chaisson
NFL Refs Agree Kyle Rudolph Pushed,,2020,,,,Controversy,Negative,,Medium,Sports Illustrated,https://www.si.com/extra-mustard/2020/01/06/saints-viking-kyle-rudolph-touchdown-pass-interference-controversy,Former NFL Refs Agree Kyle Rudolph Pushed Off on Game-Winning Touchdown,0.1421418709869436,48.0,"With the issues about the TV rights deals, Merriman discussed the need for players to get paid more rather than the NFL make more money at their expense.  "
Lindsey Ok,,2020,,,,Controversy,Negative,,Low,Awful Announcing,https://awfulannouncing.com/online-outlets/usa-today-ravens-wire-contributor-lindsey-ok-old-tweets-n-word.html,"USA Today Ravens Wire contributor Lindsey Ok tweets limited apology for old tweets with N-word, racial and homophobic mockery",0.1754740369788932,5.0,Made a racist tweet about white NFL playerss
,,2021,,,,Controversy,Negative,,Medium,History.com,https://www.history.com/articles/nfl-scandals-controversy,8 Scandals That Rocked the NFL,0.1406931991612602,67.0,"When advancing to the Super Bowl, Kittle brought back a popular meme cited by a Texas high school football player back in a 2014 interview."
Colin Kaepernick,,2021,,,,Controversy,Negative,,High,NBC News,https://www.nbcnews.com/news/sports/colin-kaepernick-netflix-series-likens-nfl-draft-slavery-no-dignity-rcna4312,"Colin Kaepernick in Netflix series likens NFL draft to slavery: ""No dignity""",0.2108074268171412,5.0,Made a racist tweet about white NFL playerss
,,2021,,,,Controversy,Positive,,Medium,101 ESPN,https://www.101espn.com/news/neuropsychologists-call-for-elimination-of-race-norming-in-clinical-tests-following-nfl-concussion-controversy/,Neuropsychologists call for elimination of race-norming in clinical tests following NFL concussion controversy,0.1408421777862785,5.0,Made a racist tweet about white NFL playerss
Tony McGee,,2021,,,,Controversy,Positive,,High,foxsports1340am.com,https://foxsports1340am.com/tony-mcgee-on-his-nfl-career-and-the-black-14-controversy/,Tony McGee on his NFL Career and the Black 14 Controversy,0.1588604215717681,34.0,Traded to the Seattle Seahawks after desire to remain in the Rams; then becoming a rival to previous team in the Super Bowl
Jon Gruden,,2021,,,,Controversy,Negative,,High,ESPN,https://www.espn.com/nfl/story/_/id/32383911/report-jon-gruden-used-anti-gay-misogynistic-language-emails-7-year-period,"Report: Jon Gruden used anti-gay, misogynistic language in emails over 7-year period",0.1651720271163674,11.0,Partnering with the Trevor Project to support young people who are struggling mentally when it comes to being part of the LBGTQ community
Jon Gruden,,2021,,,,Controversy,Negative,,High,ESPN,https://www.espn.com/nfl/story/_/id/32384058/jon-gruden-resigns-las-vegas-raiders-head-coach,"Jon Gruden resigns as Las Vegas Raiders head coach after report of anti-gay, misogynistic language used in emails",0.1469745666435314,7.0,Supports current New England Patriots' defender K'Lavon Chaisson
,,2021,,,,Controversy,Mixed,,Medium,The New York Times,https://www.nytimes.com/athletic/2720831/2021/07/21/mirtle-making-sense-of-the-jared-mccann-controversy-and-where-the-maple-leafs-go-next/,Mirtle: Making sense of the Jared McCann controversy and where the Maple Leafs go next,0.1630801767625163,34.0,Traded to the Seattle Seahawks after desire to remain in the Rams; then becoming a rival to previous team in the Super Bowl
Jacksonville Jaguars,,2021,,,,Controversy,Negative,,Medium,ESPN,https://www.espn.com/nfl/story/_/id/32884947/inside-urban-meyer-disastrous-tenure-jacksonville-jaguars-coach,Inside Urban Meyer's disastrous tenure as Jacksonville Jaguars coach,0.1766047900166042,34.0,Traded to the Seattle Seahawks after desire to remain in the Rams; then becoming a rival to previous team in the Super Bowl
,,2021,,,,Controversy,Positive,,High,NFL.com,https://www.nfl.com/news/washington-deserved-a-better-ending-than-what-eagles-provided,Washington deserved a better ending than what Eagles provided,0.1556178115361303,45.0,"After the game loss, he expressed the lack of seriousness from other Dolphins players to show up to players-only meetings, aiding in the loss. "
Robert Kraft,,2021,,,,Controversy,Negative,,Medium,ESPN,https://www.espn.com/nfl/story/_/id/32294122/new-england-patriots-book-goes-secretive-controversial-franchise-robert-kraft-tom-brady-bill-belichick,"New England Patriots book goes inside secretive and controversial franchise and Robert Kraft, Tom Brady and Bill Belichick",0.4461386529722432,25.0,Had disagreements with his then-wife about retirement plans then pursue last year of playing professional football amid struggle with marriage
Bruce Allen,,2021,,,,Controversy,Negative,,Medium,New York Post,https://nypost.com/2021/10/15/who-is-bruce-allen-ex-nfl-exec-in-middle-of-email-scandal/,"Who is Bruce Allen, the former Washington exec at center of Jon Gruden email mess?",0.3773928784850706,46.0,"After losing in the Divisional Round, Allen emotionally reflects on his performance, affecting team's progression in the Playoffs. "
Trump,,2021,,,,Controversy,Negative,,High,ESPN,https://www.espn.com/nfl/story/_/id/31484993/son-ghostwriter-late-senator-say-trump-intervened-stop-probe-patriots-spygate-scandal,"Son, ghostwriter of late senator say Trump intervened to stop probe of Patriots' Spygate scandal",0.3217926911707408,53.0,Answers question about his opinion when hearing Trump attending the Super Bowl LIX
Bishop Sycamore,,2021,,,,Controversy,Negative,,High,CBS Sports,https://www.cbssports.com/general/news/bishop-sycamore-football-controversy-remaining-opponents-cancel-games-as-teams-season-appears-to-be-over/,Bishop Sycamore football controversy: Remaining opponents cancel games as team's season appears to be over,0.1672941181270516,59.0,Shares an encouraging message to draft prospects waiting to hear about NFL draft decisions
Tim Tebow,,2021,,,,Controversy,Positive,,High,Deseret News,https://www.deseret.com/sports/2021/5/11/22430843/tim-tebow-controversy-nfl-return/,Tim Tebow’s return to the NFL is dredging up some feelings,0.1859894044031126,25.0,Had disagreements with his then-wife about retirement plans then pursue last year of playing professional football amid struggle with marriage
Antonio Brown,Retired,2021,,,,Controversy,Positive,,Medium,NFL.com,https://www.nfl.com/news/antonio-brown-settles-sexual-assault-lawsuit-with-former-trainer,Antonio Brown settles sexual assault lawsuit with former trainer,0.4098445378957204,43.0,"Brown posts another unpredictable tweet without any additional context or information, resulting in a stir in discussion. "
Browns,,2021,,,,Controversy,Negative,,Medium,Akron Beacon Journal,https://www.beaconjournal.com/story/sports/pro/browns/2021/01/17/rashard-higgins-fumble-hit-browns-chiefs-not-called/4197883001/,Controversial NFL fumble rule costs Browns; hit to Rashard Higgins by Chiefs not called,0.174340411595954,17.0,Throws shade at former coach Kevin Stefanski regarding their time working together under the Cleveland Brown
,,2021,,,,Controversy,Negative,,High,ESPN,https://www.espn.com/college-football/story/_/id/31348836/controversial-high-school-football-coach-rush-propst-contract-renewed-valdosta-georgia-recruiting-allegations,"Controversial high school football coach Rush Propst won't have contract renewed in Valdosta, Georgia, after recruiting allegations",0.1444187777144454,59.0,Shares an encouraging message to draft prospects waiting to hear about NFL draft decisions
,,2021,,,,Controversy,Negative,,High,Action Network,https://www.actionnetwork.com/nfl/kansas-city-chiefs-gambling-scandal-super-bowl-4-len-dawson,The Gambling Scandal That Rocked the Chiefs’ Last Super Bowl Berth 50 Years Ago,0.1472932220600805,67.0,"When advancing to the Super Bowl, Kittle brought back a popular meme cited by a Texas high school football player back in a 2014 interview."
Aaron Rodgers,Playing,2021,,,,Controversy,Negative,,Low,National News Desk,https://thenationaldesk.com/news/americas-news-now/aaron-rodgers-digs-in-on-covid-frustrations-after-it-was-leaked-he-hadnt-gotten-the-shot-green-bay-packers-nfl-quarterback-coronavirus-vaccine-pfizer-moderna-johnson-mrna-vax-pat-macafee-show,Aaron Rodgers digs in on COVID frustrations after shot controversy,0.528232084277331,68.0,"Looked back on comments made previously about characterization of being ""immunized,"" resulting in some misleadment"
,,2021,,,,Controversy,Positive,,High,Spectrum News,http://spectrumnews1.com/weather/2021/09/22/deflate-gate-debunked--how-weather-can-impact-football.html,Deflate gate debunked: How weather can impact football,0.1624698259681386,25.0,Had disagreements with his then-wife about retirement plans then pursue last year of playing professional football amid struggle with marriage
,,2021,,,,Controversy,Mixed,,High,ESPN,https://www.espn.com/college-football/story/_/id/31099968/lawsuits-secret-tapes-unraveling-powerhouse-high-school-football-program,"Lawsuits, secret taping and the unraveling of a powerhouse high school football program",0.1798171482512197,59.0,Shares an encouraging message to draft prospects waiting to hear about NFL draft decisions
Howard Stern,,2021,,,,Controversy,Negative,,Medium,Yahoo,https://www.yahoo.com/entertainment/howard-stern-would-toss-aaron-rodgers-out-of-the-nfl-for-covid-vaccine-controversy-000634577.html,Howard Stern would toss Aaron Rodgers out of the NFL for COVID vaccine controversy,0.4308237145589049,68.0,"Looked back on comments made previously about characterization of being ""immunized,"" resulting in some misleadment"
Mike Vrabel,,2021,,,,Controversy,Negative,,Medium,On3,https://www.on3.com/pro/news/mike-vrabel-former-nfl-official-criticize-controversial-incompletion-call-kansas-city-chiefs-denver-broncos/,"Mike Vrabel, former NFL official criticize controversial incompletion call",0.1549194224105176,49.0,"Wilson promoted the TNF's movement to Prime Video by showing off a ""new ball"" for 2022 with a catch phrase ""Let's Ride"" which has been a meme. "
Ron Rivera,,2021,,,,Reflection,Positive,,Medium,CBS News,https://www.cbsnews.com/news/washington-football-team-coach-ron-rivera-on-his-battle-with-cancer/,Washington Football Team coach Ron Rivera on his battle with cancer,0.1642331345855367,68.0,"Looked back on comments made previously about characterization of being ""immunized,"" resulting in some misleadment"
Jon Gruden,,2021,,,,Controversy,Negative,,High,Fox News,https://www.foxnews.com/sports/jon-gruden-emails-qb-controversy-disappointing,"Jon Gruden emails: Ex-NFL QB calls controversy 'disappointing,' knew second report would doom coaching career",0.1572930274669072,62.0,NFL fans accussed officials of favoritism towards the Chiefs to which media has asked Kelce about allegation. 
Kenny Pickett,,2021,,,,Controversy,Negative,,High,Sports Illustrated,https://www.si.com/college/2021/12/10/kenny-pickett-fake-slide-rule-change-bowl-season-army-navy,NCAA Official Explains Fake Slide Rule Change After Kenny Pickett Controversy,0.1400738970864788,12.0,"Tweets about anti-semitic tropes, impling that ""Jewish cabal"" was responsible for crimes like sex trafficking, etc. "
Janet Jackson's,,2021,,,,Controversy,Negative,,High,NPR,https://www.npr.org/2021/11/19/1056562889/new-york-times-fx-documentary-janet-jackson-justin-timberlake-super-bowl,New York Times doc on Janet Jackson's Super Bowl scandal leaves questions unanswered,0.2571397705067715,52.0,"Apologized for previous anti-Semitic posts made, one in which included a quote of Hitler about Jews "
Mark Davis,,2021,,,,Controversy,Negative,,Medium,Fox News,https://www.foxnews.com/sports/raiders-mark-davis-nfl-jon-gruden-email-scandal,Raiders' Mark Davis believes NFL 'out to get him' in the wake of Jon Gruden email scandal: report,0.3798058301394609,23.0,"Defending himself online after allegations of attacking a woman, resulting in arrest warrant being issued"
,,2021,,,,Controversy,Negative,,Medium,The New York Times,https://www.nytimes.com/athletic/2813094/2021/09/08/nielsen-tv-ratings-sports-viewing-controversy/,Nielsen vs. the networks: The latest ratings controversy and what it means for sports TV viewing,0.276747609360657,48.0,"With the issues about the TV rights deals, Merriman discussed the need for players to get paid more rather than the NFL make more money at their expense.  "
Cal McNair,,2021,,,,Controversy,Negative,,Medium,Yahoo Sports,https://sports.yahoo.com/texans-owner-cal-mc-nair-apologizes-for-reported-use-of-anti-asian-slur-at-golf-event-205743048.html,Texans owner Cal McNair apologizes for reported use of anti-Asian slur at golf event,0.1816501375864808,52.0,"Apologized for previous anti-Semitic posts made, one in which included a quote of Hitler about Jews "
,,2021,,,,Controversy,Negative,,High,The Florida Times-Union,https://www.jacksonville.com/story/sports/nfl/2021/10/03/social-media-reacts-urban-meyer-bar-video/5979948001/,Urban Meyer video at bar in Ohio goes viral. Here's the reaction on social media,0.1558478147204275,49.0,"Wilson promoted the TNF's movement to Prime Video by showing off a ""new ball"" for 2022 with a catch phrase ""Let's Ride"" which has been a meme. "
,,2021,,,,Controversy,Mixed,,High,Business Insider,https://www.businessinsider.com/nfl-refs-blasted-late-pass-interference-call-packers-bucs-2021-1,The NFL world blasted the officials for a controversial holding call that they had otherwise avoided all game,0.1976536977772064,39.0,Criticized the NFL for being insensitive
Tom Brady,Retired,2021,,,,Controversy,Negative,,Medium,bolavip.com,https://bolavip.com/en/nfl/the-true-story-behind-tom-brady-and-the-deflategate-scandal-20200915-0014.html,The true story behind Tom Brady and the Deflategate scandal,0.4812345145784416,25.0,Had disagreements with his then-wife about retirement plans then pursue last year of playing professional football amid struggle with marriage
Joe Montana,,2021,,,,Controversy,Positive,,Medium,CBS Sports,https://www.cbssports.com/nfl/news/ranking-the-five-greatest-nfl-qb-controversies-of-all-time-joe-montana-vs-steve-young-tops-the-list/,Ranking the five greatest NFL QB controversies of all-time: Joe Montana vs. Steve Young tops the list,0.188076757549627,33.0,Reaction to Lil Wayne's tweet after the Bears defeat Green Bay in the NFL Playoffs
Marlon Humphrey,,2021,,,,Controversy,Positive,,Medium,On3,https://www.on3.com/pro/news/marlon-humphrey-praises-trevon-diggs-reopens-controversial-debate-dallas-cowboys-alabama-crimson-tide/,"Marlon Humphrey praises Trevon Diggs, reopens controversial debate",0.3715481432789363,59.0,Shares an encouraging message to draft prospects waiting to hear about NFL draft decisions
Jeff Lebby,,2021,,,,Controversy,Negative,,Medium,The Oklahoman,https://www.oklahoman.com/story/sports/college/sooners/2021/12/09/ou-football-jeff-lebby-carries-stain-baylor-sexual-assault-scandal/6451849001/,Carlson: Why OU football hiring Jeff Lebby as offensive coordinator falls short of Sooners' high standards,0.1840378525230336,25.0,Had disagreements with his then-wife about retirement plans then pursue last year of playing professional football amid struggle with marriage
Twitter,,2021,,,,Controversy,Negative,,High,WYRK,https://wyrk.com/bills-receiver-cole-beasley-ignites-controversy-on-twitter-again/,"Bills Receiver Cole Beasley Ignites Controversy on Twitter, Again",0.6567060122491696,58.0,Voices opinion of the NFLPA that designed the then-new COVID-19 rules restricting unvaccinated players from playing 
Cris Carter,,2021,,,,Controversy,Negative,,High,Awful Announcing,https://awfulannouncing.com/2015/cris-carter-controversy-shows-an-appalling-lack-of-judgment-by-everyone-involved.html,Cris Carter controversy shows an appalling lack of judgment by everyone involved,0.3156257299269646,1.0,Response to a tweet that praises Texas running back 
Michele Tafoya’s,,2021,,,,Controversy,Negative,,Medium,Sports Illustrated,https://www.si.com/extra-mustard/2021/12/17/michele-tafoya-the-view-nbc-not-suspended,Michele Tafoya’s Silence Over Recent Controversy Is Awfully Curious: TRAINA THOUGHTS,0.140297230039179,48.0,"With the issues about the TV rights deals, Merriman discussed the need for players to get paid more rather than the NFL make more money at their expense.  "
Stan Kroenke,,2021,,,,Controversy,Negative,,High,The Mirror,https://www.mirror.co.uk/sport/football/news/arsenal-owner-stan-kroenke-forced-25539411,Arsenal owner Stan Kroenke forced into $790M settlement after NFL dispute,0.1433270305185439,34.0,Traded to the Seattle Seahawks after desire to remain in the Rams; then becoming a rival to previous team in the Super Bowl
Howard Stern,,2021,,,,Controversy,Negative,,Low,Us Weekly,https://www.usmagazine.com/celebrity-news/news/howard-stern-nfl-should-fire-aaron-rodgers-for-vaccine-comments/,Howard Stern Thinks Aaron Rodgers Should Be Axed From the NFL ‘So Fast’ After ‘Bulls–t’ Vaccination Comments,0.3919667113070668,68.0,"Looked back on comments made previously about characterization of being ""immunized,"" resulting in some misleadment"
Mark Davis Crushes,,2021,,,,Controversy,Negative,,Low,Sportscasting,https://www.sportscasting.com/news/raiders-owner-mark-davis-crushes-nfl-while-evoking-memories-dad-over-nfl-handling-jon-gruden-scandal/,Raiders Owner Mark Davis Crushes the NFL While Evoking Memories of His Dad Over the NFL’s Handling of the Jon Gruden Scandal,0.3719785308413147,23.0,"Defending himself online after allegations of attacking a woman, resulting in arrest warrant being issued"
Roger Goodell’s,,2021,,,,Controversy,Positive,,Medium,PFSN,https://www.profootballnetwork.com/who-is-the-nfl-commissioner-roger-goodell-rise-through-nfl/,Who is the NFL Commissioner? Roger Goodell’s rise through the NFL,0.1804175022899748,48.0,"With the issues about the TV rights deals, Merriman discussed the need for players to get paid more rather than the NFL make more money at their expense.  "
,,2022,,,,Controversy,Negative,,High,NPR,https://www.npr.org/2022/10/13/1128524103/nfl-concussion-latest,Explaining the NFL's latest concussion controversy and policy change,0.2195656723032815,45.0,"After the game loss, he expressed the lack of seriousness from other Dolphins players to show up to players-only meetings, aiding in the loss. "
,,2022,,,,Controversy,Negative,,Medium,Oregon Public Broadcasting - OPB,https://www.opb.org/article/2022/08/12/deshaun-watson-controversy-nfl-preseason/,What to know about the Deshaun Watson controversy as NFL preseason kicks off,0.6899820049559038,63.0,Apologizes to the women who publicly accused him of sexual misconduct during massage sessions
,,2022,,,,Controversy,Positive,,High,ESPN,https://www.espn.com/nfl/story/_/id/34997228/how-dez-bryant-no-catch-changed-nfl-forever,How the Dez Bryant no-catch call changed the NFL forever,0.1911572237009367,47.0,"Hearing about Josh Allen's emotional self-reflection on game, Dawkins becomes emotional defending the quarterback"
Antonio Brown's,,2022,,,,Controversy,Negative,,High,USA Today,https://www.usatoday.com/story/sports/nfl/buccaneers/2022/01/03/antonio-brown-nfl-receiver-has-long-history-controversy-drama/9076036002/,Antonio Brown's abrupt exit from Sunday's game just the latest in long line of controversies,0.5151508978873176,43.0,"Brown posts another unpredictable tweet without any additional context or information, resulting in a stir in discussion. "
Jack Del Rio,,2022,,,,Controversy,Negative,,High,The Free Speech Project,https://freespeechproject.georgetown.edu/tracker-entries/nfl-coach-jack-del-rio-fined-leaves-twitter-after-minimizing-capitol-riots-attacking-george-floyd-protests/,"NFL Coach Jack Del Rio fined, leaves Twitter after minimizing Capitol riots, attacking George Floyd protests",0.1913326158382889,13.0,"Responds to a fan's question about who he would like to have, dead or alive,  at the dinner table"
,,2022,,,,Controversy,Mixed,,High,NFL.com,https://www.nfl.com/news/nfl-on-bengals-controversial-td-vs-raiders-referees-determined-whistle-came-afte,NFL on Bengals' controversial TD vs. Raiders: Referees determined whistle came after catch,0.192779712436358,37.0,First tweet in two years was to respond to controversial calls in the Bills vs. Broncos and Bears vs. Rams games
,,2022,,,,Controversy,Negative,,High,The Guardian,https://www.theguardian.com/sport/2022/aug/15/manti-teo-the-girlfriend-who-didnt-exist-netflix-documentary-hoax-nfl,The Girlfriend Who Didn’t Exist: the Manti Te’o hoax revisited with sympathy,0.1810302149041666,25.0,Had disagreements with his then-wife about retirement plans then pursue last year of playing professional football amid struggle with marriage
Antonio Brown,Retired,2022,,,,Controversy,Negative,,High,CBS News,https://www.cbsnews.com/news/antonio-brown-nfl-controversies-buccaneers-incident/,"Antonio Brown opens up about his NFL controversies and Buccaneers on-field incident: ""Sometimes you got to listen to your heart""",0.5466597981402093,43.0,"Brown posts another unpredictable tweet without any additional context or information, resulting in a stir in discussion. "
Jack Del Rio,,2022,,,,Controversy,Negative,,High,ESPN,https://www.espn.com/nfl/story/_/id/34076732/washington-commanders-jack-del-rio-deletes-twitter-account-controversy-remarks,Washington Commanders' Jack Del Rio deletes Twitter account after controversy over remarks,0.1999979802634707,13.0,"Responds to a fan's question about who he would like to have, dead or alive,  at the dinner table"
Dolphins,,2022,,,,Controversy,Negative,,Medium,NFL.com,https://www.nfl.com/news/former-dolphins-head-coach-brian-flores-sues-nfl-three-teams-alleging-racist-hir,"Former Dolphins head coach Brian Flores sues NFL, three teams alleging racist hiring practices",0.1519678411439114,27.0,"After getting a trade, the Broncos gave Humphrey's number to the new player, to which he hints a new number. "
Joe Burrow,Playing,2022,,,,Controversy,Positive,,Medium,CBS Sports,https://www.cbssports.com/nfl/news/bengals-joe-burrow-offers-a-possible-solution-to-the-nfls-playing-surface-controversy/,Bengals' Joe Burrow offers a possible solution to the NFL's playing surface controversy,0.2255455339735381,37.0,First tweet in two years was to respond to controversial calls in the Bills vs. Broncos and Bears vs. Rams games
Tom Brady,Retired,2022,,,,Controversy,Negative,,Medium,CBS Sports,https://www.cbssports.com/nfl/news/new-deflategate-revelations-paint-the-nfl-in-a-bad-light-during-infamous-saga-with-tom-brady-and-patriots/,New Deflategate revelations paint the NFL in a bad light during infamous saga with Tom Brady and Patriots,0.1776956505851643,25.0,Had disagreements with his then-wife about retirement plans then pursue last year of playing professional football amid struggle with marriage
,,2022,,,,Controversy,Negative,,Medium,Yahoo Sports,https://sports.yahoo.com/a-decade-later-the-real-tragedy-of-the-manti-teo-story-is-how-a-victim-was-turned-into-the-butt-of-a-joke-182354889.html,"A decade later, the real tragedy of the Manti Te’o story is how a victim was turned into the butt of a joke",0.1868714568046391,11.0,Partnering with the Trevor Project to support young people who are struggling mentally when it comes to being part of the LBGTQ community
,,2022,,,,Controversy,Negative,,Medium,NBC News,https://www.nbcnews.com/the-reidout/reidout-blog/super-bowl-halftime-show-brian-flores-rcna14549,No halftime show is big (and Black) enough to hide the NFL’s latest controversy,0.2462403523330727,5.0,Made a racist tweet about white NFL playerss
Brett Favre,,2022,,,,Controversy,Negative,,Medium,The Guardian,https://www.theguardian.com/sport/2022/aug/12/brett-favre-how-a-scandal-in-mississippi-tarnished-an-nfl-hero,Brett Favre: how a scandal in Mississippi tarnished an NFL hero,0.168569579215784,68.0,"Looked back on comments made previously about characterization of being ""immunized,"" resulting in some misleadment"
Jack Easterby,,2022,,,,Controversy,Negative,,Medium,Yahoo Sports,https://sports.yahoo.com/texans-reportedly-fire-controversial-evp-of-football-operations-jack-easterby-142224086.html,Texans fire controversial EVP of football operations Jack Easterby,0.251437259130816,63.0,Apologizes to the women who publicly accused him of sexual misconduct during massage sessions
,,2022,,,,Controversy,Negative,,High,USA Today,https://www.usatoday.com/story/sports/nfl/2022/09/15/nfls-latino-heritage-month-logo-receives-backlash/10391824002/,NFL releases controversial logo for Latino Heritage Month,0.186152962795012,48.0,"With the issues about the TV rights deals, Merriman discussed the need for players to get paid more rather than the NFL make more money at their expense.  "
,,2022,,,,Controversy,Positive,,Medium,USA Today,https://www.usatoday.com/story/sports/nfl/chiefs/2022/01/23/nfl-overtime-rules-kansas-city-chiefs-buffalo-bills/6633331001/,"'It kind of stinks': Chiefs, Bills shrug off controversy over NFL overtime rules",0.363038031684945,46.0,"After losing in the Divisional Round, Allen emotionally reflects on his performance, affecting team's progression in the Playoffs. "
Roger Goodell Made,,2022,,,,Controversy,Negative,,Medium,TheSportster,https://www.thesportster.com/nfl-commissioner-roger-goodell-controversial-decisions/,10 Most Controversial Decisions Roger Goodell Made As NFL Commissioner,0.2206810875655611,63.0,Apologizes to the women who publicly accused him of sexual misconduct during massage sessions
Joe Montana,,2022,,,,Controversy,Positive,,High,San Francisco Chronicle,https://www.sfchronicle.com/sports/ostler/article/Joe-Montana-and-Steve-Young-still-find-themselves-16913514.php,Joe Montana and Steve Young still find themselves in a 49ers QB controversy,0.1648361412303959,25.0,Had disagreements with his then-wife about retirement plans then pursue last year of playing professional football amid struggle with marriage
Broncos,,2022,,,,Controversy,Negative,,High,Sportico.com,https://www.sportico.com/law/analysis/2022/nfl-team-succession-1234687557/,Broncos’ Fumbled Handoff Reveals Perils of NFL Estate Planning,0.1704983936544516,24.0,"Asked about his opinion when it comes to the number of children a woman have tied to their value, resulting in some controversial answers being made"
Jack Easterby,,2022,,,,Controversy,Negative,,Medium,ABC13 Houston,https://abc13.com/post/houston-texans-jack-easterby-fired-new-england-patriots-nick-caserio/12338836/,Jack Easterby out: Houston Texans fire controversial executive vice president of football operations,0.1459995581775252,63.0,Apologizes to the women who publicly accused him of sexual misconduct during massage sessions
Jon Gruden,,2022,,,,Controversy,Negative,,High,USA Today,https://www.usatoday.com/story/sports/nfl/2022/08/30/jon-gruden-hopefully-get-another-shot-nfl-email-scandal/7944758001/,Jon Gruden says he's hopeful for 'another shot' in the NFL after 'shameful' email scandal,0.1416212314558718,48.0,"With the issues about the TV rights deals, Merriman discussed the need for players to get paid more rather than the NFL make more money at their expense.  "
Jaguars,,2022,,,,Controversy,Negative,,High,CBS Sports,https://www.cbssports.com/nfl/news/urban-meyer-fired-timeline-of-the-former-national-championship-coachs-tumultuous-tenure-with-jaguars/,Urban Meyer fired: Timeline of the former national championship coach's tumultuous tenure with Jaguars,0.2402518686167049,42.0,Posts about retiring from the NFL at the age of 29 and pursue the next part of his life
,,2022,,,,Controversy,Negative,,Medium,MS NOW,https://www.ms.now/the-reidout/reidout-blog/super-bowl-halftime-show-brian-flores-rcna14549,No Super Bowl halftime show is big enough to hide the NFL's latest controversy,0.233802346258537,5.0,Made a racist tweet about white NFL playerss
,,2022,,,,Controversy,Mixed,,Medium,USA Today,https://www.usatoday.com/story/sports/nfl/2022/10/11/nfl-roughing-the-passer-what-we-know/10466201002/,Roughing the passer calls spur uproar. What to know about NFL's controversy from Week 5.,0.198657150753239,25.0,Had disagreements with his then-wife about retirement plans then pursue last year of playing professional football amid struggle with marriage
Tom Brady Tuck Rule Controversy,,2022,,,,Controversy,Positive,,High,TheSportster,https://www.thesportster.com/nfl-tom-brady-tuck-rule-controversy-explained/,"The Tom Brady Tuck Rule Controversy, Explained",0.3152430951560675,25.0,Had disagreements with his then-wife about retirement plans then pursue last year of playing professional football amid struggle with marriage
Brady,,2022,,,,Controversy,Mixed,,Medium,CODE Sports,https://www.codesports.com.au/nfl/how-tom-bradys-unprecedented-nfl-success-obscured-a-career-often-played-in-the-shadows/news-story/0b22da9191671a6173b2fab32aa13da6,Teflon Tom: How Brady outran his controversies,0.2227586185146744,12.0,"Tweets about anti-semitic tropes, impling that ""Jewish cabal"" was responsible for crimes like sex trafficking, etc. "
,,2022,,,,Controversy,Negative,,Medium,The New York Times,https://www.nytimes.com/athletic/3651913/2022/10/04/denmark-hummel-world-cup-kit/,"Hummel’s Denmark World Cup kit launch: The concept, the controversy, the questions - The Athletic",0.1457500411598271,66.0,"Opens about mental health struggles during the quarantine, advising the importance of taking care of one's mental health"
,,2022,,,,Controversy,Negative,,High,ESPN,https://www.espn.com/nfl/story/_/id/35284241/commanders-dispute-penalties-called-missed-loss-giants,"Commanders dispute penalties, called and missed, in loss to Giants",0.2075502446834914,47.0,"Hearing about Josh Allen's emotional self-reflection on game, Dawkins becomes emotional defending the quarterback"
Raiders,,2022,,,,Controversy,Negative,,High,Bengals Wire,https://bengalswire.usatoday.com/story/sports/nfl/bengals/2022/01/15/bengals-raiders-controversial-referee-whistle-playoffs-reactions/79174246007/,NFL fans erupt over controversial whistle during Bengals TD vs. Raiders,0.2711669196886074,37.0,First tweet in two years was to respond to controversial calls in the Bills vs. Broncos and Bears vs. Rams games
,,2022,,,,Controversy,Mixed,,High,Sports Illustrated,https://www.si.com/nfl/2022/10/25/patriots-quarterback-controversy-bailey-zappe-mac-jones,SI:AM | Do the Patriots Have a Quarterback Controversy?,0.1461009283385125,34.0,Traded to the Seattle Seahawks after desire to remain in the Rams; then becoming a rival to previous team in the Super Bowl
Broncos,,2022,,,,Controversy,Negative,,High,ESPN,https://www.espn.com/blog/denver-broncos/post/_/id/41297/ripples-of-broncos-last-london-visit-still-being-felt-in-their-return,Broncos' videotape cheating scandal marred their last London visit,0.2347086222105235,27.0,"After getting a trade, the Broncos gave Humphrey's number to the new player, to which he hints a new number. "
Troy Aikman,,2022,,,,Controversy,Negative,,Medium,the-sun.com,https://www.the-sun.com/sport/6415072/troy-aikman-take-the-dresses-off-nfl/,Troy Aikman slammed for 'take the dresses off' comment after MNF controversy,0.1993679911376473,22.0,Discussion about future plans of retirement while looking back on the enjoyment of playing football
,,2022,,,,Controversy,Positive,,High,The New York Times,https://www.nytimes.com/athletic/3270682/2022/04/26/explained-cryptocurrency-football-sponsorships-and-why-a-liverpool-shirt-deal-could-be-controversial/,"Explained: Cryptocurrency, football sponsorships and why a Liverpool shirt deal could be controversial",0.1632372646705758,48.0,"With the issues about the TV rights deals, Merriman discussed the need for players to get paid more rather than the NFL make more money at their expense.  "
Brett Favre,,2022,,,,Controversy,Negative,,High,vox.com,https://www.vox.com/policy-and-politics/2022/9/24/23368759/mississippi-welfare-fraud-scandal-brett-favre-reform,"The Mississippi welfare fraud involving Brett Favre, explained",0.244570631847253,23.0,"Defending himself online after allegations of attacking a woman, resulting in arrest warrant being issued"
Lamar Jackson,,2022,,,,Controversy,Negative,,Medium,Sports Illustrated,https://www.si.com/nfl/2022/11/28/lamar-jackson-choice-words-reporter-twitter-controversy,Lamar Jackson Has Choice Words for Reporter Amid Twitter Controversy,0.2469850823559704,43.0,"Brown posts another unpredictable tweet without any additional context or information, resulting in a stir in discussion. "
,,2022,,,,Controversy,Mixed,,Medium,Delish,https://www.delish.com/food-news/a41396410/controversial-nfl-rookie-dinner/,Could Controversial NFL Rookie Dinners Become A Thing Of The Past?,0.1728853675377298,13.0,"Responds to a fan's question about who he would like to have, dead or alive,  at the dinner table"
Tom Brady,Retired,2022,,,,Controversy,Mixed,,Medium,USA Today,https://www.usatoday.com/story/sports/nfl/2022/01/29/deflategate-explained-did-tom-brady-cheat-new-england-patriots/9274248002/,Remembering Deflategate: What really happened? Did Tom Brady cheat with New England Patriots?,0.4437500878008171,25.0,Had disagreements with his then-wife about retirement plans then pursue last year of playing professional football amid struggle with marriage
,,2022,,,,Controversy,Negative,,High,Fox Sports,https://www.foxsports.com.au/nfl/super-bowl-2022-logan-wilson-cooper-kupp-holding-call-controversy-video-reaction-la-rams/news-story/520b537bba6b4b51cd2fb9d8719199e1,‘Just can’t believe it’: Fury over defining late call as ref controversies mar Super Bowl,0.284350921034401,34.0,Traded to the Seattle Seahawks after desire to remain in the Rams; then becoming a rival to previous team in the Super Bowl
Antonio Brown's,,2022,,,,Controversy,Negative,,Medium,The Mirror,https://www.mirror.co.uk/sport/other-sports/american-sports/antonio-brown-nfl-tom-brady-28347452,Antonio Brown's timeline of controversy from ugly NFL exit to trolling Tom Brady,0.5368906869563727,43.0,"Brown posts another unpredictable tweet without any additional context or information, resulting in a stir in discussion. "
,,2022,,,,Controversy,Positive,,High,The New York Times,https://www.nytimes.com/athletic/4029676/2022/12/23/watford-helena-costa-interview/,"Helena Costa: Blazing trails, Clermont controversy – and what she will bring to Watford - The Athletic",0.1552695148755474,24.0,"Asked about his opinion when it comes to the number of children a woman have tied to their value, resulting in some controversial answers being made"
,,2022,,,,Controversy,Negative,,Medium,The Times,https://www.thetimes.com/sport/rugby-union/article/latest-nfl-concussion-scandal-is-a-sickening-indictment-of-win-at-all-costs-mentality-c9t6scdfq,Latest NFL concussion scandal is a sickening indictment of win-at-all-costs mentality,0.3195169593120334,45.0,"After the game loss, he expressed the lack of seriousness from other Dolphins players to show up to players-only meetings, aiding in the loss. "
,,2022,,,,Controversy,Negative,,Medium,The New York Times,https://www.nytimes.com/athletic/3219102/2022/03/31/why-world-cup-2022-qatar-controversial/,This is why the World Cup 2022 in Qatar is controversial - The Athletic,0.1990750887389782,0.0,Instagram post celebrating July 4th sparked backlash due to political context and timing
Tom Brady,Retired,2022,,,,Controversy,Positive,,Medium,ESPN,https://www.espn.com/nfl/story/_/id/33948647/second-controversial-1-1-tom-brady-rookie-card-sells-auction-396000,"Second, controversial, 1-of-1 Tom Brady rookie card sells at auction for $396,000",0.4508904660724198,25.0,Had disagreements with his then-wife about retirement plans then pursue last year of playing professional football amid struggle with marriage
,,2022,,,,Controversy,Negative,,Medium,The New York Times,https://www.nytimes.com/athletic/2902465/2021/10/27/the-viking-clap-is-ruined-forever-icelandic-footballs-sex-abuse-scandal/,‘The Viking clap is ruined forever’ – Icelandic football’s sex abuse scandal,0.1705001795402436,24.0,"Asked about his opinion when it comes to the number of children a woman have tied to their value, resulting in some controversial answers being made"
Tom Brady,Retired,2022,,,,Controversy,Mixed,,Medium,CBS Sports,https://www.cbssports.com/nfl/news/tom-brady-admits-controversial-tuck-rule-game-play-might-have-been-a-fumble-and-not-an-incomplete-pass/,Tom Brady admits controversial 'Tuck Rule Game' play 'might have been a fumble' and not an incomplete pass,0.3632177179248037,25.0,Had disagreements with his then-wife about retirement plans then pursue last year of playing professional football amid struggle with marriage
Jerry Jones,,2022,,,,Controversy,Negative,,High,sportingnews.com,https://www.sportingnews.com/uk/nfl/news/jerry-jones-photo-controversy-cowboy-1957-picture-washington-post/wgxol20ef2xohhqcshiiow4d,Jerry Jones photo controversy: Why Cowboys owner is under fire for 1957 picture in Little Rock,0.2541893844475533,69.0,Publicly backed up teammate Micah Parsons with contract issues under the Dallas Cowboys
Idrissa Gueye,,2022,,,,Controversy,Negative,,High,The New York Times,https://www.nytimes.com/athletic/3593674/2022/09/15/idrissa-gueye-controversy-situation-surrounding-everton-return/,"Idrissa Gueye, the LGBTQ+ controversy and situation surrounding his Everton return",0.2129110517760222,11.0,Partnering with the Trevor Project to support young people who are struggling mentally when it comes to being part of the LBGTQ community
Dan Orlovsky,,2022,,,,Humor,Positive,,Low,Fox News,https://www.foxnews.com/sports/dan-orlovsky-clears-up-fart-controversy-monday-night-football-broadcast,Dan Orlovsky clears up fart controversy from 'Monday Night Football' broadcast,0.1781045622372681,46.0,"After losing in the Divisional Round, Allen emotionally reflects on his performance, affecting team's progression in the Playoffs. "
,,2023,,,,Controversy,Positive,,High,NFL.com,https://www.nfl.com/news/sidelines/remembering-coin-toss-randy-moss-and-wild-thanksgiving-1998,"""We did not win a game the rest of the year. Such a small, minor detail totally destroyed the rest of our season.""",0.1898279920809245,34.0,Traded to the Seattle Seahawks after desire to remain in the Rams; then becoming a rival to previous team in the Super Bowl
Playoff Moments,,2023,,,,Controversy,Negative,,Medium,Bleacher Report,https://bleacherreport.com/articles/10061568-the-6-most-controversial-nfl-playoff-moments-since-2000,The 6 Most Controversial NFL Playoff Moments Since 2000,0.2454255133455965,25.0,Had disagreements with his then-wife about retirement plans then pursue last year of playing professional football amid struggle with marriage
,,2023,,,,Controversy,Negative,,Medium,University of Colorado Boulder,https://www.colorado.edu/today/2023/09/14/nfls-take-knee-movement-and-its-impact-workplace-protest,The NFL’s ‘take a knee’ movement and its impact on workplace protest | CU Boulder Today,0.1470119423925654,48.0,"With the issues about the TV rights deals, Merriman discussed the need for players to get paid more rather than the NFL make more money at their expense.  "
Jonathan Taylor,,2023,,,,Controversy,Negative,,Medium,CBS Sports,https://www.cbssports.com/nfl/news/nfl-running-back-controversy-explainer-why-jonathan-taylor-josh-jacobs-others-take-issue-with-pay-structure/,"NFL running back controversy explainer: Why Jonathan Taylor, Josh Jacobs, others take issue with pay structure",0.1708986599418974,44.0,Made a remark on social media after a game where the Dolphins quarterback Tua Tagovailoa was benched
Grass Fields,,2023,,,,Controversy,Negative,,Medium,Front Office Sports,https://frontofficesports.com/nfl-turf-controversy-grows-with-union-push-for-grass-fields/,NFL Turf Controversy Grows With Union Push For Grass Fields,0.1823343356972617,48.0,"With the issues about the TV rights deals, Merriman discussed the need for players to get paid more rather than the NFL make more money at their expense.  "
,,2023,,,,Controversy,Negative,,Low,TheSportster,https://www.thesportster.com/most-controversial-things-comments-ever-said-nfl-players/,The 10 Most Controversial Things Ever Said By NFL Players,0.2734275242954562,68.0,"Looked back on comments made previously about characterization of being ""immunized,"" resulting in some misleadment"
Graham,,2023,,,,Controversy,Negative,,Medium,The New York Times,https://www.nytimes.com/athletic/5122661/2023/12/08/bills-sean-mcdermott-von-miller-controversy-chiefs/,Graham: Bills face a pivotal stretch amid firestorm of off-field controversy,0.2093060528613707,47.0,"Hearing about Josh Allen's emotional self-reflection on game, Dawkins becomes emotional defending the quarterback"
,,2023,,,,Controversy,Positive,,Medium,CBS News,https://www.cbsnews.com/news/commanders-redskins-name-controversy-again/,Debate over the name of Washington's NFL team is starting all over again,0.1621164938088067,13.0,"Responds to a fan's question about who he would like to have, dead or alive,  at the dinner table"
,,2023,,,,Controversy,Negative,,Medium,Yahoo Sports,https://sports.yahoo.com/report-nfl-officiating-crew-that-oversaw-controversial-lions-cowboys-ending-downgraded-for-postseason-200620435.html,Report: NFL officiating crew that oversaw controversial Lions-Cowboys ending 'downgraded' for postseason,0.2754525004566016,46.0,"After losing in the Divisional Round, Allen emotionally reflects on his performance, affecting team's progression in the Playoffs. "
Dan Snyder,,2023,,,,Controversy,Negative,,Medium,ESPN,https://www.espn.com/nfl/story/_/id/38043823/commanders-dan-snyder-fined-60m-findings-investigation,Commanders' Dan Snyder fined $60M over findings in investigation,0.1592094727055748,5.0,Made a racist tweet about white NFL playerss
,,2023,,,,Controversy,Negative,,High,ESPN,https://www.espn.com/nfl/story/_/id/39075242/nfl-officiating-crew-scrutiny-missed-calls,NFL officiating crew under scrutiny after missed calls,0.1888422507638942,47.0,"Hearing about Josh Allen's emotional self-reflection on game, Dawkins becomes emotional defending the quarterback"
,,2023,,,,Controversy,Mixed,,High,Us Weekly,https://www.usmagazine.com/celebrity-news/pictures/biggest-nfl-controversies-through-the-years-photos/,"Biggest NFL Controversies Through the Years: Deflategate, Protests and More",0.2999542417680616,25.0,Had disagreements with his then-wife about retirement plans then pursue last year of playing professional football amid struggle with marriage
,,2023,,,,Controversy,Negative,,High,ESPN,https://www.espn.com/nfl/story/_/id/39215679/officials-missed-tripping-call-lions-controversial-penalty,Officials missed tripping call before Lions' controversial penalty,0.2538750334198348,46.0,"After losing in the Divisional Round, Allen emotionally reflects on his performance, affecting team's progression in the Playoffs. "
Gibbs,,2023,,,,Support,Positive,,High,ESPN,https://www.espn.com/nfl/story/_/id/37641680/jahmyr-gibbs-brushes-criticism-lions-reached-draft,Jahmyr Gibbs brushes off criticism that Lions reached in draft,0.1847595970223636,28.0,"Reaction to the $180 million contract extension of Aidan Hutchinson, making him one of those with highest non-quarterback average salaries"
Ja'Marr Chase,,2023,,,,Controversy,Negative,,High,Yahoo Sports,https://sports.yahoo.com/jamarr-chase-loses-out-on-touchdown-in-latest-nfl-playoff-catch-controversy-that-looks-like-a-catch-214641998.html,Ja'Marr Chase loses out on touchdown in latest NFL playoff catch controversy: 'That looks like a catch',0.1695268861687021,37.0,First tweet in two years was to respond to controversial calls in the Bills vs. Broncos and Bears vs. Rams games
Ezekiel Elliott,,2023,,,,Controversy,Positive,,High,CBS Sports,https://www.cbssports.com/nfl/news/nfl-running-back-controversy-team-grades-on-seven-biggest-veteran-rb-deals-since-ezekiel-elliott-contract/,NFL running back controversy: Team grades on seven biggest veteran RB deals since Ezekiel Elliott contract,0.1421804824648925,48.0,"With the issues about the TV rights deals, Merriman discussed the need for players to get paid more rather than the NFL make more money at their expense.  "
,,2023,,,,Reflection,Positive,,Low,ESPN,https://www.espn.com/nfl/story/_/id/35881608/how-mexico-pro-football-league-building-brand-established-players-north-border,How Mexico's pro football league is building its brand with established players from north of the border,0.2138082191910258,33.0,Reaction to Lil Wayne's tweet after the Bears defeat Green Bay in the NFL Playoffs
Dan Snyder,,2023,,,,Controversy,Negative,,Medium,Yahoo Sports,https://sports.yahoo.com/dan-snyder-and-the-commanders-a-timeline-of-dysfunction-and-scandal-201722850.html,Dan Snyder and the Commanders: A timeline of dysfunction and scandal,0.1572732102131251,13.0,"Responds to a fan's question about who he would like to have, dead or alive,  at the dinner table"
,,2023,,,,Controversy,Negative,,Medium,ESPN,https://www.espn.com/nrl/story/_/id/36157032/nfl-nrl-work-together-combat-hip-drop-scourge,"NFL, NRL work together to combat hip-drop scourge",0.5345864591395406,29.0,"During the game against the Las Vegas Raiders, Dobbins left the game because of a hip-drop tackle. Lack of enforcement from the officials occurred. "
Rob Gronkowski,,2023,,,,Controversy,Positive,,High,FOX Sports Radio,https://foxsportsradio.iheart.com/content/2023-06-29-rob-gronkowski-finally-addresses-viral-baby-gronk-controversy/,Rob Gronkowski Finally Addresses Viral 'Baby Gronk' Controversy,0.1963724014908612,25.0,Had disagreements with his then-wife about retirement plans then pursue last year of playing professional football amid struggle with marriage
Dan Snyder's,,2023,,,,Controversy,Negative,,Medium,ESPN,https://www.espn.com/nfl/story/_/id/35904912/commanders-owner-dan-snyder-tumultuous-tenure-washington,A timeline of Commanders owner Dan Snyder's tumultuous tenure,0.2034703782520656,13.0,"Responds to a fan's question about who he would like to have, dead or alive,  at the dinner table"
Dean Blandino,,2024,,,,Controversy,Mixed,,High,FOX Sports,https://www.foxsports.com/stories/nfl/lions-created-illusion-led-to-confusion-controversial-call-dean-blandino-says,"Lions created 'illusion' that led to confusion on controversial call, Dean Blandino says",0.2983185970317349,46.0,"After losing in the Divisional Round, Allen emotionally reflects on his performance, affecting team's progression in the Playoffs. "
Andy Reid,,2023,,,,Controversy,Negative,,High,NFL.com,https://www.nfl.com/news/chiefs-qb-patrick-mahomes-hc-andy-reid-take-issue-with-offensive-offsides-call-i,"Chiefs QB Patrick Mahomes, HC Andy Reid take issue with offensive offsides call in loss to Bills",0.2318942149935051,64.0,"While his free agency duration, fans wondered if Toney would retire from the NFL and start a rap career as Yung Joka. "
,,2023,,,,Controversy,Negative,,High,NFL.com,https://www.nfl.com/news/lions-qb-jared-goff-very-confused-following-penalty-on-decisive-two-point-play-v,Lions QB Jared Goff 'very confused' following penalty on decisive two-point play vs. Cowboys,0.1798275017505957,47.0,"Hearing about Josh Allen's emotional self-reflection on game, Dawkins becomes emotional defending the quarterback"
Tony Dungy's,,2023,,,,Controversy,Negative,,High,NBC News,https://www.nbcnews.com/nbc-out/out-news/tony-dungy-tweet-nfl-homophobic-football-transphobic-rcna67322,Tony Dungy's anti-LGBTQ history gets renewed attention after controversial tweet,0.5644945349912853,6.0,Response to a proposed Minnesota state bill that requires menstrual products in boys' school bathroom
,,2023,,,,Controversy,Negative,,High,CBS Sports,https://www.cbssports.com/college-football/news/college-football-playoff-snubs-controversies-most-notable-omissions-throughout-four-team-era/,"College Football Playoff snubs, controversies: Most notable omissions throughout four-team era",0.1591231147097456,1.0,Response to a tweet that praises Texas running back 
Al Michaels,,2023,,,,Controversy,Negative,,Medium,People.com,https://people.com/al-michaels-wont-call-nfl-playoffs-for-nbc-amid-criticism-8415276,Al Michaels Will Not Call Upcoming NFL Playoffs for NBC Sports amid Criticism Over His Energy,0.1861217107485238,53.0,Answers question about his opinion when hearing Trump attending the Super Bowl LIX
,,2023,,,,Controversy,Negative,,Medium,CNN,https://www.cnn.com/2023/12/04/sport/florida-state-left-out-college-football-playoffs-explainer-spt-intl,Why Florida State was left out of the College Football Playoff and why it’s so controversial,0.1403413748719737,1.0,Response to a tweet that praises Texas running back 
,,2023,,,,Controversy,Negative,,Medium,USA Today,https://www.usatoday.com/story/sports/nfl/columnist/bell/2023/12/31/nfl-refs-detroit-lions-penalty-brad-allen/72071819007/,Controversy again? NFL officials' latest penalty mess leaves Lions at a loss,0.2198778204891301,46.0,"After losing in the Divisional Round, Allen emotionally reflects on his performance, affecting team's progression in the Playoffs. "
Colin Kaepernick,,2023,,,,Controversy,Negative,,Medium,CNN,https://www.cnn.com/2023/03/10/sport/colin-kaepernick-adoptive-parents-spt-intl,Colin Kaepernick calls out adoptive parents’ racism as he promotes new graphic novel,0.2263645190492134,50.0,"Talked about wanting to get a haircut and debut a new look in the future, sparking criticism from others about seeing the comment as ""anti-black"""
,,2023,,,,Controversy,Negative,,High,ESPN,https://www.espn.com/college-football/story/_/id/39033710/cfp-anger-index-unpacking-outrage-florida-state-snub-2023,CFP Anger Index: Unpacking the outrage of Florida State's snub,0.1728362216815553,46.0,"After losing in the Divisional Round, Allen emotionally reflects on his performance, affecting team's progression in the Playoffs. "
,,2023,,,,Controversy,Positive,,High,Cronkite News,https://cronkitenews.azpbs.org/2023/12/04/college-football-playoff-final-rankings/,"DeBoer leads Washington to CFP berth, along with Michigan, Texas and Alabama",0.1753713693430714,1.0,Response to a tweet that praises Texas running back 
,,2023,,,,Controversy,Negative,,High,heavy.com,https://heavy.com/sports/nfl/kansas-city-chiefs/jawaan-taylor-false-start-lions-steratore/,Chiefs Starter Could Be Under Close Watch After Ex-NFL Official’s Criticism,0.2216083127555426,19.0,Issues problems with family's flight under Alaska Airlines when they worked to visit him
,,2023,,,,Controversy,Negative,,Medium,USA Today,https://www.usatoday.com/story/sports/nfl/columnist/bell/2023/12/14/nfl-officiating-patrick-mahomes-chiefs-kadarius-toney/71915965007/,NFL isn't concerned by stars' continued officiating criticisms – but maybe it should be,0.2350020400745517,62.0,NFL fans accussed officials of favoritism towards the Chiefs to which media has asked Kelce about allegation. 
David Chao,,2023,,,,Controversy,Negative,,Medium,Awful Announcing,https://awfulannouncing.com/nfl/david-chao-scandal-junior-seau-pat-mcafee.html,Why is scandal-ridden Dr. David Chao a top NFL injury expert?,0.5545647987688128,21.0,Calls out a doctor's practices and capabilities after past experience being looked at by the doctor and negligence reports released about him
,,2023,,,,Controversy,Positive,,High,ESPN,https://www.espn.com/college-football/story/_/id/35366896/deciding-college-football-true-champions-split-titles,Connelly crowns the true CFB champion from 16 split or controversial titles,0.2130818273588732,1.0,Response to a tweet that praises Texas running back 
Blake Martinez,,2023,,,,Controversy,Positive,,Medium,ESPN,https://www.espn.com/nfl/story/_/id/38841548/lb-blake-martinez-joins-panthers-pokemon-card-scandal,LB Blake Martinez joins Panthers after Pokémon card scandal,0.1616904839812235,68.0,"Looked back on comments made previously about characterization of being ""immunized,"" resulting in some misleadment"
Tim Ream,,2023,,,,Support,Positive,,High,The New York Times,https://www.nytimes.com/athletic/4332814/2023/03/21/gio-reyna-usmnt-tim-ream/,Tim Ream reveals talks with USMNT squad over Gio Reyna controversy,0.1605587921379315,45.0,"After the game loss, he expressed the lack of seriousness from other Dolphins players to show up to players-only meetings, aiding in the loss. "
,,2023,,,,Controversy,Negative,,Medium,ESPN,https://www.espn.com/nfl/story/_/id/39213838/cowboys-hang-penalty-nixes-lions-2-point-conversion,Lions 'confused' as refs negate late 2-point try in Cowboys win,0.2053980390613431,46.0,"After losing in the Divisional Round, Allen emotionally reflects on his performance, affecting team's progression in the Playoffs. "
Andy Reid,,2023,,,,Controversy,Negative,,High,Chiefs Digest,https://chiefsdigest.com/nfl-dishes-out-hefty-fines-to-andy-reid-patrick-mahomes-for-criticizing-offsides-penalty/,"NFL Dishes Out Hefty Fines to Andy Reid, Patrick Mahomes for Criticizing Offsides Penalty",0.2908399015580466,64.0,"While his free agency duration, fans wondered if Toney would retire from the NFL and start a rap career as Yung Joka. "
,,2023,,,,Controversy,Positive,,High,ESPN,https://www.espn.com/college-football/story/_/id/39083782/espn-2023-college-football-all-america-team,ESPN's 2023 college football All-America team,0.1526507108159681,46.0,"After losing in the Divisional Round, Allen emotionally reflects on his performance, affecting team's progression in the Playoffs. "
Jahmyr Gibbs,,2023,,,,Controversy,Positive,,High,NFL.com,https://www.nfl.com/news/rb-jahmyr-gibbs-ignoring-criticism-over-lions-picking-him-in-the-first-round-eve,Jahmyr Gibbs ignoring criticism of Lions picking him in first round: 'Everybody's entitled to their opinion',0.1434562008803136,28.0,"Reaction to the $180 million contract extension of Aidan Hutchinson, making him one of those with highest non-quarterback average salaries"
Damar Hamlin,Playing,2023,,,,Controversy,Negative,,High,WION,https://www.wionews.com/sports/damar-hamlin-jacket-controversy-the-nfl-star-issues-apology-after-allegedly-committing-a-blasphemous-act-562965,Damar Hamlin jacket controversy: The NFL star issues apology after allegedly committing blasphemous act - Sports News,0.3543106852712097,60.0,"After resting from medical-induced coma due to on-field cardiac arrest against the Cincinnati Bengals, Hamlin shared gratitude for those who wished him well. "
Josh Allen Sparks,,2023,,,,Controversy,Negative,,High,heavy.com,https://heavy.com/sports/nfl/buffalo-bills/jason-whitlock-criticism-josh-allen-controversy/,Viral Criticism of Bills QB Josh Allen Sparks Controversy,0.4236754584146446,46.0,"After losing in the Divisional Round, Allen emotionally reflects on his performance, affecting team's progression in the Playoffs. "
,,2023,,,,Controversy,Negative,,High,ESPN,https://www.espn.com/college-sports/story/_/id/38434684/baylor-settles-2016-sexual-assault-lawsuit-15-survivors,Baylor settles 2016 sexual assault lawsuit with 15 survivors,0.1430750145073286,63.0,Apologizes to the women who publicly accused him of sexual misconduct during massage sessions
Damar Hamlin,Playing,2023,,,,Controversy,Negative,,Low,New York Post,https://nypost.com/2023/02/15/damar-hamlin-clarifies-jacket-intent-after-adrian-peterson-controversy/,Damar Hamlin clarifies jacket intent after Adrian Peterson controversy,0.3036397011123122,60.0,"After resting from medical-induced coma due to on-field cardiac arrest against the Cincinnati Bengals, Hamlin shared gratitude for those who wished him well. "
,,2023,,,,Controversy,Positive,,Medium,The New York Times,https://www.nytimes.com/athletic/4141263/2023/01/31/the-pulse-brock-purdy-qb-controversy/,"The Pulse: Niners QB controversy, doctor accused of sexual misconduct and Nurse’s future",0.1840829944313832,16.0,Pointing out the teammates who didn't show up to respect Rondale Moore's funeral
Jerome Bettis,,2023,,,,Controversy,Negative,,High,GiveMeSport,https://www.givemesport.com/controversial-nfl-thanksgiving-story-jerome-bettis-phantom-heads-call/,The controversial NFL Thanksgiving story of Jerome Bettis and the phantom 'heads' call,0.1523196878583392,28.0,"Reaction to the $180 million contract extension of Aidan Hutchinson, making him one of those with highest non-quarterback average salaries"
,,2023,,,,Controversy,Negative,,Medium,thehilltoponline.com,https://thehilltoponline.com/2023/01/17/skip-bayless-a-history-of-controversy/,Skip Bayless: A History of Controversy,0.2917096049422035,60.0,"After resting from medical-induced coma due to on-field cardiac arrest against the Cincinnati Bengals, Hamlin shared gratitude for those who wished him well. "
Ray Rice,,2023,,,,Controversy,Negative,,Medium,sportingnews.com,https://www.sportingnews.com/us/nfl/news/ray-rice-elevator-video-controversy/8710c5ade9cbb3d244371a66,What did Ray Rice do? Revisiting the NFL's elevator video controversy that ended Ravens RB's career,0.1855983941362601,51.0,Shared his views on social and political issues like gender roles and the LGBTQ community to college students at Benedictine College; went viral as spread across different platforms
,,2023,,,,Controversy,Negative,,High,The Guardian,https://www.theguardian.com/sport/2023/jul/11/northwestern-hazing-scandal-toxic-culture-pat-fitzgerald,The Northwestern scandal is evidence that hazing isn’t simply a relic of football’s past,0.149082032211201,70.0,"After previous comments made regarding his coaches which resulted in further discussion, Fields clarified his stance with his coaches and team."
,,2023,,,,Controversy,Negative,,High,CNN,https://www.cnn.com/2023/12/31/sport/dallas-cowboys-detroit-lions-nfl-spt-intl,NFL: Dallas Cowboys survive late controversy to take narrow victory over Detroit Lions,0.2519197742229982,69.0,Publicly backed up teammate Micah Parsons with contract issues under the Dallas Cowboys
Damar Hamlin,Playing,2023,,,,Controversy,Positive,,Medium,USA Today,https://www.usatoday.com/story/sports/nfl/2023/02/15/damar-hamlin-controversial-jacket-worn-super-bowl-57/11265780002/,Damar Hamlin explains controversial Super Bowl jacket criticized by Adrian Peterson,0.3505397235801361,60.0,"After resting from medical-induced coma due to on-field cardiac arrest against the Cincinnati Bengals, Hamlin shared gratitude for those who wished him well. "
,,2023,,,,Controversy,Positive,,High,ScreenRant,https://screenrant.com/barry-sanders-documentary-nfl-details-missing/,10 Things Barry Sanders' Documentary Leaves Out About The Running Back Legend,0.3529456532695104,4.0,Response to a fan about the draft pick ranking of another player
,,2023,,,,Controversy,Positive,,High,Hindustan Times,https://www.hindustantimes.com/sports/football/from-hotel-controversy-to-nfl-superstar-the-incredible-story-of-deandre-hopkins-101677603381934.html,From hotel controversy to NFL superstar: The incredible story of DeAndre Hopkins | Football News,0.6534285812907631,55.0,Post ignites speculation of where the free agent may go after Baltimore
,,2023,,,,Controversy,Negative,,Medium,New York Post,https://nypost.com/article/jackson-mahomes-complete-list-of-cringeworthy-controversies/,Jackson Mahomes’ complete list of cringeworthy controversies,0.2926647681394538,52.0,"Apologized for previous anti-Semitic posts made, one in which included a quote of Hitler about Jews "
,,2023,,,,Controversy,Negative,,Medium,New York Magazine,https://nymag.com/intelligencer/2023/02/a-dismaying-super-bowl-ending-blew-the-nfls-night-apart.html,An Anticlimactic Super Bowl Ending Blew the NFL’s Night Apart,0.1905981617683406,51.0,Shared his views on social and political issues like gender roles and the LGBTQ community to college students at Benedictine College; went viral as spread across different platforms
,,2023,,,,Controversy,Positive,,Medium,New York Post,https://nypost.com/2023/02/16/new-video-of-pivotal-super-bowl-penalty-leaves-little-doubt-on-controversy/,New video of pivotal Super Bowl penalty leaves little doubt on controversy,0.1878908767549937,26.0,He wasn't as involved in the game with Tampa Bay Buccaneers as desired; later posting cryptic message about his frustration;
,,2024,,,,Controversy,Positive,,High,Yahoo Sports,https://sports.yahoo.com/2024-nfl-preview-10-brewing-controversies-including-more-cowboys-contracts-130059678.html,"2024 NFL Preview: 10 brewing controversies, including more Cowboys contracts",0.214619824944269,69.0,Publicly backed up teammate Micah Parsons with contract issues under the Dallas Cowboys
Aaron Rodgers,Playing,2024,,,,Controversy,Negative,,High,ESPN,https://www.espn.com/nfl/story/_/id/40821786/aaron-rodgers-says-regrets-2021-comment-was-immunized,Aaron Rodgers says he regrets 2021 comment that he was 'immunized',0.4462054443922498,68.0,"Looked back on comments made previously about characterization of being ""immunized,"" resulting in some misleadment"
,,2024,,,,Controversy,Negative,,Medium,them.us,https://www.them.us/story/caleb-williams-painted-nails-right-wing-controversy,The Top NFL Draft Pick Paints His Nails. Conservatives Are Freaking Out,0.3954441708190022,33.0,Reaction to Lil Wayne's tweet after the Bears defeat Green Bay in the NFL Playoffs
,,2024,,,,Reflection,Positive,,High,Florida Politics,https://floridapolitics.com/archives/657457-nfl-officiating-can-create-controversy-even-at-a-super-bowl-here-are-some-memorable-calls/,"NFL officiating can create controversy, even at a Super Bowl. Here are some memorable calls",0.2061656360645188,34.0,Traded to the Seattle Seahawks after desire to remain in the Rams; then becoming a rival to previous team in the Super Bowl
,,2024,,,,Controversy,Negative,,Medium,The New York Times,https://www.nytimes.com/athletic/5109718/2023/12/04/college-football-playoff-teams-until-saturday/,College Football Playoff’s historic snub ends four-team format in controversy,0.1804891833928578,1.0,Response to a tweet that praises Texas running back 
Harrison Butker ',,2024,,,,Controversy,Negative,,High,BBC,https://www.bbc.com/news/world-us-canada-69021543,Harrison Butker 'homemaker' speech sparks backlash,0.5920530277465126,51.0,Shared his views on social and political issues like gender roles and the LGBTQ community to college students at Benedictine College; went viral as spread across different platforms
Harrison Butker,Playing,2024,,,,Controversy,Positive,,High,National News Desk,https://thenationaldesk.com/news/americas-news-now/harrison-butker-becomes-nfls-highest-paid-kicker-after-offseason-controversy-kansas-city-chiefs-national-football-league-politically-charged-graduation-address-at-benedictine-college-catholic-women,Harrison Butker becomes NFL's highest-paid kicker after offseason controversy,0.5433910869614436,51.0,Shared his views on social and political issues like gender roles and the LGBTQ community to college students at Benedictine College; went viral as spread across different platforms
Tyreek Hill,Playing,2024,,,,Controversy,Negative,,Low,The Times of India,https://timesofindia.indiatimes.com/sports/nfl/5-nfl-players-who-have-found-themselves-in-controversies-this-season-tyreek-hill-devondre-campbell-baker-mayfield-and-more/articleshow/116444600.cms,"5 NFL players who have found themselves in controversies this season: Tyreek Hill, De'Vondre Campbell, Ba",0.3537106633724471,63.0,Apologizes to the women who publicly accused him of sexual misconduct during massage sessions
Mark Gastineau,,2024,,,,Controversy,Negative,,High,CNN,https://www.cnn.com/2024/12/11/sport/mark-gastineau-brett-favre-nfl-sack-record-spt,Mark Gastineau: Former Jets pass rusher confronts Brett Favre about controversial NFL sack record grudge,0.1422845319738735,35.0,Announces his retirement and reflects on football journey 
Harrison Butker,Playing,2024,,,,Controversy,Positive,,Medium,The Guardian,https://www.theguardian.com/sport/article/2024/aug/05/chiefs-sign-kicker-harrison-butker-to-record-contract-after-controversial-offseason,Chiefs sign kicker Harrison Butker to record contract after controversial offseason,0.5340411563558549,51.0,Shared his views on social and political issues like gender roles and the LGBTQ community to college students at Benedictine College; went viral as spread across different platforms
,,2024,,,,Controversy,Negative,,Medium,New York Post,https://nypost.com/2024/10/11/sports/how-nfl-blew-obvious-call-in-49ers-seahawks-tnf-controversy/,How NFL blew obvious call in 49ers-Seahawks ‘Thursday Night Football’ controversy,0.1468766297622087,49.0,"Wilson promoted the TNF's movement to Prime Video by showing off a ""new ball"" for 2022 with a catch phrase ""Let's Ride"" which has been a meme. "
,,2024,,,,Controversy,Negative,,Medium,Yahoo Sports,https://sports.yahoo.com/national-gay-flag-football-league-154555874.html,New National Gay Flag Football League Sparks Controversy In The NFL World,0.1941545523860125,11.0,Partnering with the Trevor Project to support young people who are struggling mentally when it comes to being part of the LBGTQ community
Porter,,2024,,,,Controversy,Negative,,Medium,ESPN,https://www.espn.com/nba/story/_/id/40140497/jontay-porter-scandal-nba-leagues-betting-risks,"NBA, NFL, NHL, MLB weigh betting risks after Porter scandal",0.3255826146607077,67.0,"When advancing to the Super Bowl, Kittle brought back a popular meme cited by a Texas high school football player back in a 2014 interview."
Deshaun Watson,Playing,2024,,,,Controversy,Negative,,Medium,ESPN,https://www.espn.com/nfl/story/_/id/42818069/nfl-ends-probe-browns-watson-latest-sexual-assault-case,NFL ends inquiry of Deshaun Watson in latest sexual assault case,0.6280429584392102,63.0,Apologizes to the women who publicly accused him of sexual misconduct during massage sessions
Kyle,,2024,,,,Controversy,Mixed,,Medium,ESPN,https://www.espn.com/nfl/story/_/id/39541332/49ers-chiefs-super-bowl-2024-decision-coin-toss-kyle-shanahan-mistake,49ers-Chiefs Super Bowl overtime decision: Did Kyle Shanahan blow it?,0.2408789500099577,46.0,"After losing in the Divisional Round, Allen emotionally reflects on his performance, affecting team's progression in the Playoffs. "
Morris,,2024,,,,Controversy,Positive,,High,ESPN,https://www.espn.com/nfl/story/_/id/40040058/raheem-morris-backs-kirk-cousins-says-no-qb-controversy,Falcons' Morris backs Cousins: No QB controversy with Penix,0.2172567477608682,9.0,"""Funny"" response after Facon's loss after being bantered about the game "
,,2024,,,,Controversy,Negative,,High,102.9 WBLM,https://wblm.com/newlgnad-patriots-snowplow-game-42-years-ago/,The 1982 Patriots’ Snowplow Game: A 42-Year-Old NFL Controversy That Still Lives On,0.1953674972580001,7.0,Supports current New England Patriots' defender K'Lavon Chaisson
Harrison Butker,Playing,2024,,,,Controversy,Mixed,,Medium,NPR,https://www.npr.org/2024/05/23/nx-s1-4977336/harrison-butker-speech-roger-goodell-colin-kaepernick,Some NFL fans see disparities in its responses to Harrison Butker and Colin Kaepernick,0.4339099450684258,51.0,Shared his views on social and political issues like gender roles and the LGBTQ community to college students at Benedictine College; went viral as spread across different platforms
OL Dan Skipper,,2024,,,,Controversy,Positive,,Medium,NFL.com,https://www.nfl.com/news/lions-ol-dan-skipper-says-he-was-not-reporting-as-eligible-on-2-point-play-vs-co,Lions OL Dan Skipper says he was not reporting as eligible on 2-point play vs. Cowboys,0.1635972259152132,28.0,"Reaction to the $180 million contract extension of Aidan Hutchinson, making him one of those with highest non-quarterback average salaries"
,,2024,,,,Controversy,Mixed,,Medium,The New York Times,https://www.nytimes.com/athletic/5781892/2024/09/20/german-bundesliga-relevent-controversy-united-states/,German football has a new controversy – about playing games in the United States,0.2225890323959397,48.0,"With the issues about the TV rights deals, Merriman discussed the need for players to get paid more rather than the NFL make more money at their expense.  "
,,2024,,,,Controversy,Mixed,,High,The Portland Press Herald,https://www.pressherald.com/2024/07/11/what-are-the-top-5-quarterback-controversies-in-nfl-history/,What are the top 5 quarterback controversies in NFL history?,0.2003129778504124,25.0,Had disagreements with his then-wife about retirement plans then pursue last year of playing professional football amid struggle with marriage
,,2024,,,,Controversy,Negative,,Medium,ESPN,https://www.espn.com/nfl/story/_/id/40766078/chiefs-harrison-butker-stand-saying,Chiefs' Harrison Butker will 'stand behind what it is I'm saying',0.511383586201985,51.0,Shared his views on social and political issues like gender roles and the LGBTQ community to college students at Benedictine College; went viral as spread across different platforms
,,2024,,,,Controversy,Negative,,High,Yahoo Sports,https://sports.yahoo.com/why-is-nfl-banning-hip-drop-tackle-and-what-does-that-even-mean-breaking-down-latest-controversial-rule-change-215134053.html,"Why is NFL banning hip-drop tackle, and what does that even mean? Breaking down latest controversial rule change",0.5983892067200401,29.0,"During the game against the Las Vegas Raiders, Dobbins left the game because of a hip-drop tackle. Lack of enforcement from the officials occurred. "
,,2024,,,,Controversy,Negative,,High,NPR,https://www.npr.org/2024/05/16/1251778598/nfl-harrison-butker-commencement-speech-backlash,The NFL responds after a player urges female college graduates to become homemakers,0.6737090208306488,51.0,Shared his views on social and political issues like gender roles and the LGBTQ community to college students at Benedictine College; went viral as spread across different platforms
,,2024,,,,Controversy,Negative,,High,Sports Illustrated,https://www.si.com/nfl/if-nfl-cared-about-broken-officiating-it-would-have-fixed-it-by-now,"If The NFL Cared About Its Broken Officiating, It Would Have Fixed It by Now",0.1831673685309731,62.0,NFL fans accussed officials of favoritism towards the Chiefs to which media has asked Kelce about allegation. 
Harrison Butker,Playing,2024,,,,Controversy,Negative,,High,Yahoo Sports,https://sports.yahoo.com/nfl-player-harrison-butker-stirred-183947816.html,NFL player Harrison Butker stirred controversy talking about women's roles and Pride Month,0.5381446288487336,51.0,Shared his views on social and political issues like gender roles and the LGBTQ community to college students at Benedictine College; went viral as spread across different platforms
Harrison Butker,Playing,2024,,,,Controversy,Negative,,High,NBC 5 Chicago,https://www.nbcchicago.com/news/sports/who-is-harrison-butker-and-why-is-he-at-the-center-of-controversy-an-explanation/3440096/,Who is Harrison Butker and why is he at the center of controversy? An explanation,0.6618375818228032,51.0,Shared his views on social and political issues like gender roles and the LGBTQ community to college students at Benedictine College; went viral as spread across different platforms
,,2024,,,,Controversy,Mixed,,High,New York Post,https://nypost.com/2024/03/25/sports/nfl-bans-hip-drop-tackle-and-its-already-a-huge-controversy/,NFL bans hip-drop tackle — and it’s already a huge controversy,0.6346248187316973,29.0,"During the game against the Las Vegas Raiders, Dobbins left the game because of a hip-drop tackle. Lack of enforcement from the officials occurred. "
Derek Carr,,2024,,,,Controversy,Negative,,High,Fox News,https://www.foxnews.com/sports/saints-derek-carr-fires-back-ex-nfl-stars-harsh-criticism-its-unfortunate,Saints' Derek Carr fires back at ex-NFL star's harsh criticism: 'It's unfortunate',0.5084000941239057,57.0,"Shows frustration about the Saints performance, putting blame on the quarterback Derek Carr"
Brett Favre,,2024,,,,Controversy,Mixed,,Medium,ESPN,https://www.espn.com/nfl/story/_/id/41403341/favre-nfl-wolfe-bryant-mississippi-welfare,Threatened with jail over a scandal headlined by Brett Favre,0.1456210605518359,5.0,Made a racist tweet about white NFL playerss
Harrison Butker,Playing,2024,,,,Controversy,Negative,,High,CBS Sports,https://www.cbssports.com/nfl/news/who-is-harrison-butker-chiefs-kicker-facing-criticism-after-controversial-sexist-anti-gay-comments-in-speech/,"Who is Harrison Butker? Chiefs kicker facing criticism after controversial sexist, anti-gay comments in speech",0.5600142666596195,51.0,Shared his views on social and political issues like gender roles and the LGBTQ community to college students at Benedictine College; went viral as spread across different platforms
Lawrence Taylor,,2024,,,,Controversy,Negative,,High,NBC News,https://www.nbcnews.com/news/us-news/nfl-legend-lawrence-taylor-arrested-charged-report-move-sex-offender-rcna162700,NFL legend Lawrence Taylor arrested and charged with failing to report move as sex offender again,0.2149017582346102,19.0,Issues problems with family's flight under Alaska Airlines when they worked to visit him
,,2024,,,,Controversy,Negative,,High,Fox News,https://www.foxnews.com/sports/nfl-officiating-crew-center-cowboys-lions-controversy-gets-crucial-week-18-game,NFL officiating crew at center of Cowboys-Lions controversy gets crucial Week 18 game,0.2284266242091008,62.0,NFL fans accussed officials of favoritism towards the Chiefs to which media has asked Kelce about allegation. 
Bill Belichick,,2024,,,,Controversy,Negative,,Medium,Fox News,https://www.foxnews.com/sports/former-nfl-player-sparks-controversy-online-wearing-bill-belichick-mask-during-broadcast,Former NFL player sparks controversy online after wearing Bill Belichick mask during broadcast,0.2320908133332761,62.0,NFL fans accussed officials of favoritism towards the Chiefs to which media has asked Kelce about allegation. 
,,2024,,,,Controversy,Mixed,,Medium,cccadvocate.com,https://cccadvocate.com/13949/culture/nfl-chooses-super-bowl-halftime-show-controversy-ensues/,NFL chooses Super Bowl halftime show. Controversy ensues,0.2480568980973919,33.0,Reaction to Lil Wayne's tweet after the Bears defeat Green Bay in the NFL Playoffs
Patrick Mahomes,Playing,2024,,,,Controversy,Mixed,,High,Sports Illustrated,https://www.si.com/nfl/micah-parsons-proposes-change-quarterback-slide-rule-patrick-mahomes-controversy,Micah Parsons Proposes Change to QB Slide Rule Amid Patrick Mahomes Controversy,0.3417215934365828,69.0,Publicly backed up teammate Micah Parsons with contract issues under the Dallas Cowboys
,,2024,,,,Controversy,Positive,,Medium,Awful Announcing,https://awfulannouncing.com/nfl/sportswashing-saudi-arabia-deshaun-watson.html,Could NFL see next Saudi sportswashing controversy?,0.2847174134002284,63.0,Apologizes to the women who publicly accused him of sexual misconduct during massage sessions
,,2024,,,,Controversy,Negative,,Medium,Yahoo,https://www.yahoo.com/entertainment/nfl-players-slam-league-banning-180516213.html,NFL Players Slam The League For Banning Controversial Tackle,0.5824225538726298,29.0,"During the game against the Las Vegas Raiders, Dobbins left the game because of a hip-drop tackle. Lack of enforcement from the officials occurred. "
Brad Allen,,2024,,,,Controversy,Negative,,High,New York Post,https://nypost.com/2024/01/02/sports/referee-brad-allen-assigned-nfl-national-tv-game-after-lions-controversy/,Referee Brad Allen assigned NFL national TV game after Lions controversy,0.2323923612755981,28.0,"Reaction to the $180 million contract extension of Aidan Hutchinson, making him one of those with highest non-quarterback average salaries"
Michael Strahan,,2024,,,,Controversy,Negative,,High,talkSPORT,https://talksport.com/nfl/2369413/michael-strahan-brett-favre-mark-gastineau-nfl-sack-record/,Michael Strahan in bitter controversy as debate resumes about 'fake' NFL record,0.1441034833320665,35.0,Announces his retirement and reflects on football journey 
,,2024,,,,Controversy,Negative,,Medium,CNN,https://www.cnn.com/2024/01/03/sport/nfl-lions-cowboys-eligible-receiver-reminder-spt-intl,NFL reminds players to ‘clearly’ report as eligible receiver after controversial officiating decision ends Lions-Cowboys game,0.1868388316287275,46.0,"After losing in the Divisional Round, Allen emotionally reflects on his performance, affecting team's progression in the Playoffs. "
,,2024,,,,Controversy,Negative,,High,Yahoo,https://www.yahoo.com/entertainment/happened-deshaun-watson-nfl-contract-044309038.html,What Happened to Deshaun Watson? NFL Contract Controversy Explained,0.4799511821587671,63.0,Apologizes to the women who publicly accused him of sexual misconduct during massage sessions
,,2024,,,,Controversy,Negative,,Medium,Yahoo Sports,https://sports.yahoo.com/nfl-star-harrison-butker-breaks-160009277.html,NFL Star Harrison Butker Breaks Silence On His Controversial Commencement Speech,0.5115060850048376,51.0,Shared his views on social and political issues like gender roles and the LGBTQ community to college students at Benedictine College; went viral as spread across different platforms
,,2024,,,,Controversy,Negative,,High,New York Post,https://nypost.com/2024/01/03/sports/nfl-goes-defends-controversial-lions-cowboys-call-to-every-team/,NFL goes the extra mile to defend controversial Lions-Cowboys call to every team,0.2362038320783338,46.0,"After losing in the Divisional Round, Allen emotionally reflects on his performance, affecting team's progression in the Playoffs. "
Sparks,,2024,,,,Controversy,Negative,,High,The Times of India,https://timesofindia.indiatimes.com/sports/nfl/news/nfl-analyst-sparks-controversy-with-deshaun-watson-and-joe-flacco-comparison-over-230-million-contract/articleshow/113780123.cms,NFL Analyst Sparks Controversy with Deshaun Watson and Joe Flacco Comparison over $230 Million Contract,0.4384032447698442,63.0,Apologizes to the women who publicly accused him of sexual misconduct during massage sessions
,,2024,,,,Controversy,Negative,,Medium,Yahoo Sports,https://sports.yahoo.com/harrison-butker-becomes-nfls-highest-211524220.html,Harrison Butker Becomes NFL's Highest-Paid Kicker Months After Controversial Comments,0.5583252529360903,51.0,Shared his views on social and political issues like gender roles and the LGBTQ community to college students at Benedictine College; went viral as spread across different platforms
,,2024,,,,Controversy,Negative,,High,heavy.com,https://heavy.com/sports/nfl/tampa-bay-buccaneers/sapps-hiring-colorado-stiff-criticism/,Sapp’s Hiring at Colorado Met With Harsh Criticism,0.5759953883136893,1.0,Response to a tweet that praises Texas running back 
Tom Brady,Retired,2024,,,,Controversy,Negative,,High,SPORTbible,https://www.sportbible.com/nfl/tom-brady-nfl-slur-fox-commentator-josh-allen-784972-20241029,Tom Brady sparks outrage after using slur to describe NFL player during live TV broadcast,0.4000851583644232,25.0,Had disagreements with his then-wife about retirement plans then pursue last year of playing professional football amid struggle with marriage
Jordan Rodgers,,2024,,,,Controversy,Positive,,Medium,South China Morning Post,https://www.scmp.com/magazines/style/entertainment/article/3291750/meet-controversial-nfl-star-aaron-rodgers-brother-jordan-playing-and-commentating-college-football,"Meet Jordan Rodgers, younger brother of controversial NFL star Aaron Rodgers",0.2553996659260389,68.0,"Looked back on comments made previously about characterization of being ""immunized,"" resulting in some misleadment"
,,2024,,,,Controversy,Positive,,High,NFL Draft Countdown,https://www.draftcountdown.com/other/navigating-nfl-controversies-balancing-player-welfare-and-public-perception/,Navigating NFL Controversies: Balancing Player Welfare and Public Perception,0.1492423143362338,48.0,"With the issues about the TV rights deals, Merriman discussed the need for players to get paid more rather than the NFL make more money at their expense.  "
,,2024,,,,Controversy,Negative,,Medium,The Hollywood Reporter,https://www.hollywoodreporter.com/news/general-news/nfl-responds-chiefs-kicker-harrison-butker-controversy-1235901294/,NFL Distances Itself From Kansas City Chiefs Kicker Harrison Butker’s Controversial Graduation Speech,0.5489431779901811,51.0,Shared his views on social and political issues like gender roles and the LGBTQ community to college students at Benedictine College; went viral as spread across different platforms
,,2024,,,,Controversy,Negative,,Low,beIN SPORTS,https://www.beinsports.com/en-us/american-football/articles-video/ravens-fall-to-chiefs-in-dramatic-finish-due-to-controversial-call-2024-09-06,Ravens Fall to Chiefs in Dramatic Finish Due to Controversial Call,0.2248344510943004,56.0,Vents frustration of past 2025 season with the Baltimore Ravens with feelings that he wasn't used to his fullest potential
Harrison Butker,Playing,2024,,,,Controversy,Positive,,High,NFL.com,https://www.nfl.com/news/chiefs-kicker-harrison-butker-agrees-to-terms-on-contract-extension,"Chiefs, kicker Harrison Butker agree to terms on four-year, $25.6M extension",0.5670460781209634,51.0,Shared his views on social and political issues like gender roles and the LGBTQ community to college students at Benedictine College; went viral as spread across different platforms
Respond,,2024,,,,Controversy,Positive,,High,The Times of India,https://timesofindia.indiatimes.com/sports/nfl/the-role-of-social-media-in-nfl-controversies-how-players-respond-to-criticism/articleshow/113824383.cms,The Role of Social Media in NFL Controversies: How Players Respond to Criticism,0.1437437370515954,17.0,Throws shade at former coach Kevin Stefanski regarding their time working together under the Cleveland Brown
,,2024,,,,Controversy,Positive,,High,NFL.com,https://www.nfl.com/news/lions-dismiss-motivation-from-controversial-2023-loss-ahead-of-cowboys-rematch-we-re-on-a-mission,Lions dismiss motivation from controversial 2023 loss ahead of Cowboys rematch: 'We're on a mission',0.285991469304209,28.0,"Reaction to the $180 million contract extension of Aidan Hutchinson, making him one of those with highest non-quarterback average salaries"
,,2024,,,,Controversy,Negative,,High,CNN,https://www.cnn.com/2024/05/16/sport/harrison-butker-commencement-speech-analysis-cec,The biggest mistake Harrison Butker made in his controversial commencement speech,0.6305472539709932,51.0,Shared his views on social and political issues like gender roles and the LGBTQ community to college students at Benedictine College; went viral as spread across different platforms
O.J. Simpson's,,2024,,,,Controversy,Negative,,Medium,People.com,https://people.com/oj-simpson-dead-his-nfl-career-and-controversial-life-in-photos-8630043,O.J. Simpson's Controversial Life in Photos,0.1810775067026061,43.0,"Brown posts another unpredictable tweet without any additional context or information, resulting in a stir in discussion. "
NFL Responds,,2024,,,,Controversy,Negative,,High,E! News,https://www.eonline.com/news/1401714/nfl-responds-to-kansas-city-chiefs-player-harrison-butkers-controversial-graduation-speech,NFL Responds to Kansas City Chiefs Player Harrison Butker's Controversial Graduation Speech,0.6136272836109268,51.0,Shared his views on social and political issues like gender roles and the LGBTQ community to college students at Benedictine College; went viral as spread across different platforms
Aaron Rodgers',,2024,,,,Controversy,Positive,,High,TODAY.com,https://www.today.com/popculture/aaron-rodgers-controversies-rcna183430,A timeline of Aaron Rodgers' recent controversies,0.5170000110655854,68.0,"Looked back on comments made previously about characterization of being ""immunized,"" resulting in some misleadment"
Dov Kleiman,,2024,,,,Controversy,Negative,,Medium,Front Office Sports,https://frontofficesports.com/controversial-nfl-aggregator-had-an-asking-price-for-x-account/,Who Is Dov Kleiman? NFL Aggregator Had Asking Price for Account,0.1426137667690909,55.0,Post ignites speculation of where the free agent may go after Baltimore
,,2024,,,,Controversy,Negative,,High,The New York Times,https://www.nytimes.com/athletic/5758187/2024/09/10/deshaun-watson-timeline-sexual-assault-allegations-lawsuits/,"Timeline of Deshaun Watson’s legal troubles, career since first sexual misconduct allegation in 2021",0.7132374234284877,63.0,Apologizes to the women who publicly accused him of sexual misconduct during massage sessions
Caitlin Clark,,2024,,,,Controversy,Negative,,High,Yahoo Sports,https://sports.yahoo.com/caitlin-clark-blocks-controversial-nfl-170223897.html,Caitlin Clark blocks controversial NFL star Antonio Brown on social media after he made rude posts about her,0.2577040240636745,43.0,"Brown posts another unpredictable tweet without any additional context or information, resulting in a stir in discussion. "
Taylor Swift,,2024,,,,Controversy,Mixed,,High,The Times of India,https://timesofindia.indiatimes.com/sports/nfl/news/3-shocking-taylor-swift-and-travis-kelce-controversies-that-sparked-debate-in-the-pop-and-nfl-community/articleshow/114493688.cms,3 shocking Taylor Swift and Travis Kelce controversies that sparked debate in the pop and NFL community,0.4651302079092773,3.0,Wishing everyone a Happy Easter while making jokes of the crucifixation of Jesus
,,2024,,,,Controversy,Positive,,Medium,Sportico.com,https://www.sportico.com/law/analysis/2024/top-pro-sports-law-controversies-2024-1234821710/,Top Pro Sports Law Controversies From 2024,0.2947920737614323,48.0,"With the issues about the TV rights deals, Merriman discussed the need for players to get paid more rather than the NFL make more money at their expense.  "
Donald Trump,,2024,,,,Controversy,Negative,,Low,Daily Express US,https://www.the-express.com/sport/american-football/147999/NFL-WAGs-scared-Brittany-Mahomes,NFL wives and girlfriends 'scared of Brittany Mahomes' after Donald Trump controversy,0.3105216193681583,50.0,"Talked about wanting to get a haircut and debut a new look in the future, sparking criticism from others about seeing the comment as ""anti-black"""
Harrison Butker,Playing,2024,,,,Controversy,Negative,,High,South China Morning Post,https://www.scmp.com/magazines/style/entertainment/article/3263116/who-harrison-butker-controversial-kansas-city-chiefs-kicker-accused-making-sexist-homophobic-remarks,"Who is Harrison Butker, the NFL Chiefs kicker who made sexist remarks?",0.5879699133161748,51.0,Shared his views on social and political issues like gender roles and the LGBTQ community to college students at Benedictine College; went viral as spread across different platforms
Hank Williams Jr.,,2024,,,,Controversy,Negative,,Low,American Songwriter,https://americansongwriter.com/espn-dropped-hank-williams-jr-monday-night-football-intro-twice-less-ten-years/,Why ESPN Dropped Hank Williams Jr. From ‘Monday Night Football’ Twice in Less Than Ten Years,0.1526392355475895,33.0,Reaction to Lil Wayne's tweet after the Bears defeat Green Bay in the NFL Playoffs
Jake Bates,,2024,,,,Controversy,Negative,,High,Acme Packing Company,https://www.acmepackingcompany.com/2024/4/10/24126100/controversy-surrounds-new-ufl-kicking-star-jake-bates,Controversy surrounds new UFL kicking star Jake Bates,0.1457522279203585,30.0,"Reaction to mistake made by Jude McAtamney, aiding in Giants' loss"
Taylor Swift,,2024,,,,Controversy,Mixed,,Medium,MARCA,https://www.marca.com/en/nfl/kansas-city-chiefs/2024/11/14/6735121d22601d537b8b4593.html,"Taylor Swift referee scandal: Who is Sarah Thomas, the NFL official caught in Broncos-Chiefs controversy?",0.4496694701016884,57.0,"Shows frustration about the Saints performance, putting blame on the quarterback Derek Carr"
Josh Jacobs,,2024,,,,Controversy,Negative,,Medium,Fox News,https://www.foxnews.com/sports/josh-jacobs-criticism-raiders-resurfaces-nfl-training-camp-looms-yall-cool-losing,Josh Jacobs criticism of Raiders resurfaces as NFL training camp looms: 'Y'all cool with losing?',0.2484830158414988,62.0,NFL fans accussed officials of favoritism towards the Chiefs to which media has asked Kelce about allegation. 
A.J. Brown,Playing,2024,,,,Controversy,Positive,,High,CBS Sports,https://www.cbssports.com/nfl/news/eagles-a-j-brown-addresses-controversy-after-making-tom-brady-his-social-media-profile-picture/,Eagles' A.J. Brown addresses 'controversy' after making Tom Brady his social media profile picture,0.3442747668163447,43.0,"Brown posts another unpredictable tweet without any additional context or information, resulting in a stir in discussion. "
Barkley,,2024,,,,Controversy,Negative,,Medium,FOX Sports,https://www.foxsports.com/stories/nfl/saquon-barkley-fires-back-at-tiki-barber-following-criticism-for-joining-eagles,Saquon Barkley fires back at Tiki Barber following criticism for joining Eagles,0.4129086617729057,36.0,Responds to criticism over golfing with Trump before the Eagles visited the White House
,,2024,,,,Controversy,Negative,,Medium,Fox News,https://www.outkick.com/sports/nfl-referees-controversial-call-steelers-giants-mnf,Controversial No-Call On Steelers TD Against Giants Puts NFL Referees In Spotlight,0.2303890388737818,30.0,"Reaction to mistake made by Jude McAtamney, aiding in Giants' loss"
,,2025,,,,Controversy,Negative,,Medium,ESPN,https://www.espn.com/nfl/story/_/id/46768952/nfl-london-field-goal-camera-wire-minnesota-vikings-reichard,How the NFL shut down a field goal controversy,0.1640471630390556,49.0,"Wilson promoted the TNF's movement to Prime Video by showing off a ""new ball"" for 2022 with a catch phrase ""Let's Ride"" which has been a meme. "
Tyreek Hill,Playing,2025,,,,Controversy,Mixed,,High,Yahoo Sports,https://sports.yahoo.com/nfl/article/2025-nfl-preview-top-10-brewing-controversies-including-tyreek-hill-aaron-rodgers-and-shedeur-sanders-130012216.html,"2025 NFL Preview: Top 10 brewing controversies, including Tyreek Hill, Aaron Rodgers and Shedeur Sanders",0.2624812790778313,44.0,Made a remark on social media after a game where the Dolphins quarterback Tua Tagovailoa was benched
Abdul Carter ',,2025,,,,Controversy,Positive,,Medium,NFL.com,https://www.nfl.com/news/giants-rookie-abdul-carter-glad-benching-controversy-how-do-i-respond,Giants rookie Abdul Carter 'glad' to go through benching controversy: 'How do I respond?',0.1439439054020171,70.0,"After previous comments made regarding his coaches which resulted in further discussion, Fields clarified his stance with his coaches and team."
CNBC Sport,,2025,,,,Controversy,Neutral,,Medium,CNBC,https://www.cnbc.com/2025/09/25/cnbc-sport-nfls-roger-goodell-tom-brady-controversy.html,CNBC Sport: NFL’s Roger Goodell on Tom Brady controversy; and a YouTube-NBC collision course,0.186621886067541,25.0,Had disagreements with his then-wife about retirement plans then pursue last year of playing professional football amid struggle with marriage
,,2025,,,,Controversy,Mixed,,High,TODAY.com,https://www.today.com/news/sports/tush-push-nfl-controversy-rcna128553,What is the tush push? What to know about the NFL play making headlines,0.1827036117812013,26.0,He wasn't as involved in the game with Tampa Bay Buccaneers as desired; later posting cryptic message about his frustration;
,,2025,,,,Controversy,Positive,,High,CNN,https://www.cnn.com/2025/05/21/sport/nfl-tush-push-ban-owners-vote-spt,NFL owners decide not to ban controversial tush push play,0.1752751198434947,26.0,He wasn't as involved in the game with Tampa Bay Buccaneers as desired; later posting cryptic message about his frustration;
Rams HC Sean McVay Pushes,,2025,,,,Controversy,Positive,,Low,heavy.com,https://heavy.com/sports/nfl/seattle-seahawks/seahawks-news-la-rams-sean-mcvay/,Frustrated Rams HC Sean McVay Pushes for NFL Ban Amid Seahawks Controversy,0.2249537976147587,34.0,Traded to the Seattle Seahawks after desire to remain in the Rams; then becoming a rival to previous team in the Super Bowl
Sean Payton,,2025,,,,Controversy,Positive,,Medium,Sports Illustrated,https://www.si.com/college/colorado/football/denver-broncos-sean-payton-shedeur-sanders-nfl-draft-controversy-beware-deion-sanders-bo-nix-quarterback-colorado-buffaloes,"Denver Broncos' Sean Payton On Shedeur Sanders, NFL Draft Controversy: 'Beware'",0.4743729720320558,4.0,Response to a fan about the draft pick ranking of another player
,,2025,,,,Controversy,Negative,,Medium,FOX Sports,https://www.foxsports.com/stories/nfl/stefon-diggs-controversy-no-surprise-patriots-fans,Stefon Diggs controversy shouldn't come as a surprise to Patriots or their fans,0.5902321816848096,59.0,Shares an encouraging message to draft prospects waiting to hear about NFL draft decisions
Steelers,,2025,,,,Controversy,Positive,,High,CBS Sports,https://www.cbssports.com/nfl/news/explaining-the-nfl-mvp-controversy-plus-super-bowl-2025-picks-and-the-steelers-are-headed-to-ireland/,"Explaining the NFL MVP controversy, plus Super Bowl 2025 picks and the Steelers are headed to Ireland",0.2132614101167829,62.0,NFL fans accussed officials of favoritism towards the Chiefs to which media has asked Kelce about allegation. 
Roger Goodell,,2025,,,,Controversy,Positive,,High,ESPN,https://www.espn.com/nfl/story/_/id/46684916/roger-goodell-nfl-reconsider-bad-bunny-sb-half-show,Roger Goodell: NFL won't reconsider Bad Bunny SB halftime show,0.1927683915563985,48.0,"With the issues about the TV rights deals, Merriman discussed the need for players to get paid more rather than the NFL make more money at their expense.  "
,,2025,,,,Controversy,Negative,,Medium,Yahoo Sports,https://sports.yahoo.com/article/nfl-super-bowl-tickets-controversy-201115421.html,"NFL Super Bowl tickets controversy, explained: Why NFL fined over 100 players for upselling championship seats",0.1760240951495378,48.0,"With the issues about the TV rights deals, Merriman discussed the need for players to get paid more rather than the NFL make more money at their expense.  "
,,2025,,,,Controversy,Mixed,,Medium,ESPN,https://www.espn.com/nfl/story/_/id/47241717/ravens-left-scratching-heads-calls-loss-steelers,Ravens left scratching heads at calls after loss to Steelers,0.1717739236866486,43.0,"Brown posts another unpredictable tweet without any additional context or information, resulting in a stir in discussion. "
Roger Goodell,,2025,,,,Controversy,Negative,,Medium,Yahoo Sports,https://sports.yahoo.com/nfl/article/nbas-gambling-scandal-should-terrify-the-nfl-and-commissioner-roger-goodell-for-one-primary-reason-001559255.html,NBA's gambling scandal should terrify the NFL and commissioner Roger Goodell for one primary reason,0.2608511395407626,67.0,"When advancing to the Super Bowl, Kittle brought back a popular meme cited by a Texas high school football player back in a 2014 interview."
,,2025,,,,Controversy,Positive,,Medium,Yahoo Sports,https://sports.yahoo.com/nfl/article/nfl-to-implement-new-field-standards-after-years-of-criticism-for-subpar-surfaces-233806365.html,NFL to implement new field standards after years of criticism for subpar surfaces,0.3462538181645401,70.0,"After previous comments made regarding his coaches which resulted in further discussion, Fields clarified his stance with his coaches and team."
,,2025,,,,Controversy,Negative,,Medium,Yahoo Sports,https://sports.yahoo.com/articles/nfls-latest-officiating-controversy-questioned-022418004.html,"NFL's latest officiating controversy questioned by both Lions, Cowboys fans",0.1647647273311552,28.0,"Reaction to the $180 million contract extension of Aidan Hutchinson, making him one of those with highest non-quarterback average salaries"
,,2025,,,,Controversy,Negative,,Medium,Yahoo Sports,https://sports.yahoo.com/articles/nfl-punishes-lions-player-involved-233732871.html,NFL Punishes Lions Player Involved in Cowboys Controversy,0.2069122603498465,28.0,"Reaction to the $180 million contract extension of Aidan Hutchinson, making him one of those with highest non-quarterback average salaries"
Mac Jones,,2025,,,,Controversy,Positive,,High,Yahoo Sports,https://sports.yahoo.com/article/nfl-insider-addresses-san-francisco-182226406.html,NFL Insider Addresses San Francisco 49ers’ ‘QB Controversy’ with Mac Jones,0.1647691168463775,67.0,"When advancing to the Super Bowl, Kittle brought back a popular meme cited by a Texas high school football player back in a 2014 interview."
NFL Hall-of-Famer,,2025,,,,Controversy,Negative,,High,Sports Illustrated,https://www.si.com/nfl/browns/onsi/news/nfl-hall-of-famer-adds-fuel-fire-shedeur-sanders-controversy,NFL Hall-of-Famer Adds Fuel to Fire of Shedeur Sanders Controversy,0.5024735837681136,4.0,Response to a fan about the draft pick ranking of another player
,,2025,,,,Controversy,Negative,,Low,Front Office Sports,https://frontofficesports.com/how-nfl-can-get-its-arms-around-bad-bunny-situation/,How NFL Can Get Its Arms Around Bad Bunny Situation,0.2380659614831302,53.0,Answers question about his opinion when hearing Trump attending the Super Bowl LIX
Donald Trump,,2025,,,,Controversy,Negative,,Medium,Yahoo Sports,https://sports.yahoo.com/article/controversial-nfl-legend-turns-donald-200118910.html,Controversial NFL legend turns on Donald Trump over new Charlie Kirk announcement,0.3525440124942788,43.0,"Brown posts another unpredictable tweet without any additional context or information, resulting in a stir in discussion. "
Dolphins,,2025,,,,Controversy,Positive,,Medium,ESPN,https://www.espn.com/nfl/story/_/id/46381356/dolphins-tua-tagovailoa-responds-criticism-pundits,Dolphins' Tua Tagovailoa responds to criticism from pundits,0.4119509277593627,45.0,"After the game loss, he expressed the lack of seriousness from other Dolphins players to show up to players-only meetings, aiding in the loss. "
Maxx Crosby,Playing,2025,,,,Controversy,Positive,,Medium,Yahoo Sports,https://sports.yahoo.com/articles/maxx-crosby-sends-message-nfl-213022468.html,Maxx Crosby sends message to NFL after 'CleatGate' controversy,0.5785932062930714,7.0,Supports current New England Patriots' defender K'Lavon Chaisson
Travis Hunter’s Fiancée,,2025,,,,Controversy,Positive,,Medium,People.com,https://people.com/travis-hunter-fiancee-leanna-lenee-supports-him-nfl-draft-after-heisman-ceremony-controversy-11722218,Travis Hunter’s Fiancée Leanna Lenee Supports Him at NFL Draft After Heisman Ceremony Controversy,0.1895994201275276,4.0,Response to a fan about the draft pick ranking of another player
Sting,,2025,,,,Controversy,Negative,,Low,Yahoo,https://www.yahoo.com/entertainment/music/articles/nfl-announces-sting-headline-super-003656455.html,NFL announces Sting will headline Super Bowl-branded concert amid Bad Bunny controversy,0.1824734931863804,53.0,Answers question about his opinion when hearing Trump attending the Super Bowl LIX
,,2025,,,,Controversy,Negative,,Medium,heavy.com,https://heavy.com/sports/nfl/kansas-city-chiefs/travis-kelce-teair-tart-hit-controversy/,NFL Decision on Punishment for Travis Kelce Hit Draws Controversy,0.2149944324500555,38.0,Has a playful interactionwith free agent WR Allen Lazard under the post increasing the anticipation for his return to the upcoming season
Caleb Williams ',,2025,,,,Controversy,Positive,,High,ESPN,https://www.espn.com/nfl/story/_/id/46608923/bears-caleb-williams-care-less-criticism,Bears' Caleb Williams 'could care less' about outside criticism,0.3409629527439988,33.0,Reaction to Lil Wayne's tweet after the Bears defeat Green Bay in the NFL Playoffs
Keon Coleman Call,,2025,,,,Controversy,Negative,,High,heavy.com,https://heavy.com/sports/nfl/buffalo-bills/keon-coleman-controversy-bills-ravens/,NFL Officials Spark Controversy With Keon Coleman Call in Bills-Ravens,0.2723442755943387,47.0,"Hearing about Josh Allen's emotional self-reflection on game, Dawkins becomes emotional defending the quarterback"
Baltimore,,2025,,,,Controversy,Negative,,High,NBC News,https://www.nbcnews.com/sports/nfl/baltimore-ravens-nfl-controversial-call-steelers-rcna247895,The controversial call that may ultimately knock Baltimore out of the playoffs,0.2258649900470929,43.0,"Brown posts another unpredictable tweet without any additional context or information, resulting in a stir in discussion. "
Draft Fall,,2025,,,,Controversy,Positive,,Medium,Sports Illustrated,https://www.si.com/college/colorado/football/shedeur-sanders-nfl-draft-dallas-cowboys-dak-prescott-unfair-fall-deion-sanders-coach-prime-jerry-jones-shilo-texas,"Dallas Cowboys' Dak Prescott Addresses 'Unfair' Shedeur Sanders NFL Draft Fall, Controversy",0.5389258843022914,4.0,Response to a fan about the draft pick ranking of another player
,,2025,,,,Controversy,Mixed,,Medium,USA Today,https://www.usatoday.com/story/sports/nfl/2025/10/23/nfl-gambling-policy-nba-fbi-calvin-ridley-jameson-williams/86854023007/,What is NFL policy on sports gambling and which players have violated it?,0.2904874279415174,67.0,"When advancing to the Super Bowl, Kittle brought back a popular meme cited by a Texas high school football player back in a 2014 interview."
,,2025,,,,Controversy,Negative,,High,National News Desk,https://thenationaldesk.com/news/americas-news-now/brutal-weekend-for-nfl-officiating-draws-widespread-scrutiny-football-referees-colts-texans-chiefs-broncos-commanders-ravens-cowboys-bears-eagles-gambling-pass-interference,Brutal weekend for NFL officiating draws widespread scrutiny,0.1885196150308412,47.0,"Hearing about Josh Allen's emotional self-reflection on game, Dawkins becomes emotional defending the quarterback"
Mel Kiper,,2025,,,,Controversy,Negative,,High,New York Post,https://nypost.com/2025/04/29/sports/mel-kiper-unaware-his-shedeur-sanders-takes-sparked-nfl-draft-controversy/,Mel Kiper unaware he ended up in middle of Shedeur Sanders NFL draft controversy,0.5753057638439806,4.0,Response to a fan about the draft pick ranking of another player
Puka Nacua,Playing,2025,,,,Controversy,Negative,,High,Sports Illustrated,https://www.si.com/nfl/rams/onsi/puka-nacua-release-statements-stream-controversy-,"Puka Nacua, NFL Release Statements on Stream Controversy",0.6157254288951627,2.0,Apologizes after making antisemitic gesture during livestream
,,2025,,,,Controversy,Negative,,High,heavy.com,https://heavy.com/sports/nfl/buffalo-bills/bills-pro-bowl-snub-sparks-nfl-controversy/,Bills Pro Bowl Snub Sparks NFL Controversy,0.3367769594266201,46.0,"After losing in the Divisional Round, Allen emotionally reflects on his performance, affecting team's progression in the Playoffs. "
,,2025,,,,Controversy,Negative,,High,BBC,https://www.bbc.com/sport/american-football/articles/c1wd2qvw978o,Shedeur Sanders: What next for NFL’s most controversial draft pick?,0.4587920666769416,4.0,Response to a fan about the draft pick ranking of another player
,,2025,,,,Controversy,Negative,,High,Yahoo Sports,https://sports.yahoo.com/article/male-nfl-cheerleaders-bathroom-video-124827522.html,Male NFL Cheerleaders' Bathroom Video Sparks Controversy,0.2136844529256263,37.0,First tweet in two years was to respond to controversial calls in the Bills vs. Broncos and Bears vs. Rams games
,,2025,,,,Controversy,Negative,,High,Yahoo Sports,https://sports.yahoo.com/article/cris-collinsworth-angers-nfl-fans-030000118.html,Cris Collinsworth Angers NFL Fans With Controversial Comment,0.2874120325829907,55.0,Post ignites speculation of where the free agent may go after Baltimore
,,2025,,,,Controversy,Negative,,Medium,Sports Illustrated,https://www.si.com/college/colorado/football/deion-sanders-shedeur-sanders-nfl-draft-controversy-coaches-fear-fire-replace-hire-dallas-cowboys-cleveland-browns-colorado-buffaloes,NFL Coaches 'Feared' Being Replaced By Deion Sanders? Shedeur Sanders NFL Draft Controversy,0.5627054865616358,4.0,Response to a fan about the draft pick ranking of another player
Josh Allen's,,2025,,,,Controversy,Mixed,,Medium,CBS Sports,https://www.cbssports.com/nfl/news/nfl-mvp-controversy-why-josh-allens-award-win-over-lamar-jackson-at-nfl-honors-was-so-surprising/,NFL MVP controversy: Why Josh Allen's award win over Lamar Jackson at NFL Honors was so surprising,0.25078692393516,46.0,"After losing in the Divisional Round, Allen emotionally reflects on his performance, affecting team's progression in the Playoffs. "
Dean Blandino,,2025,,,,Controversy,Negative,,High,FOX Sports,https://www.foxsports.com/stories/nfl/dean-blandino-its-50-50-tush-push-survives-eagles-chiefs-controversies,Dean Blandino: '50-50' if Tush Push Survives After Eagles-Chiefs Controversy,0.2003706703396233,26.0,He wasn't as involved in the game with Tampa Bay Buccaneers as desired; later posting cryptic message about his frustration;
,,2025,,,,Controversy,Mixed,,Medium,New York Post,https://nypost.com/2025/07/10/sports/nflpa-exec-in-conflict-of-interest-controversy/,NFLPA exec in conflict-of-interest controversy with private equity firm approved for NFL ownership stakes,0.1545816567075846,58.0,Voices opinion of the NFLPA that designed the then-new COVID-19 rules restricting unvaccinated players from playing 
Williams,,2025,,,,Controversy,Mixed,,High,FOX Sports,https://www.foxsports.com/stories/nfl/bears-qb-caleb-williams-addresses-controversy,Bears QB Caleb Williams addresses controversy from book excerpt,0.3985623880987247,33.0,Reaction to Lil Wayne's tweet after the Bears defeat Green Bay in the NFL Playoffs
Tom Brady Hit,,2025,,,,Controversy,Negative,,Medium,People.com,https://people.com/tom-brady-hit-with-criticism-for-kick-the-dog-comment-during-nfl-broadcast-11814511,Tom Brady Hit with Criticism for ‘Kick the Dog’ Comment During NFL Broadcast,0.3902209544473533,25.0,Had disagreements with his then-wife about retirement plans then pursue last year of playing professional football amid struggle with marriage
,,2025,,,,Controversy,Negative,,High,Giants Wire,https://giantswire.usatoday.com/story/sports/nfl/giants/2025/10/26/tush-push-controversy-new-york-giants-nation-nfl-fans-call-ban/86917694007/,"'Tush Push' controversy: New York Giants nation, NFL fans call for ban",0.1971363614401317,30.0,"Reaction to mistake made by Jude McAtamney, aiding in Giants' loss"
,,2025,,,,Support,Positive,,Medium,NFL Mocks,https://nflmocks.com/nfl-hot-takes-can-mac-jones-ignite-qb-controversy-for-kyle-shanahan-49ers-01k5bm03rawf,"NFL Hot Takes: Can Mac Jones ignite a QB controversy for Kyle Shanahan, 49ers?",0.1854204442825728,69.0,Publicly backed up teammate Micah Parsons with contract issues under the Dallas Cowboys
,,2025,,,,Controversy,Negative,,Medium,Yahoo Sports,https://sports.yahoo.com/article/nfl-announces-punishment-brian-daboll-170914087.html,NFL Announces Punishment For Brian Daboll After Jaxson Dart Controversy,0.212435948802539,30.0,"Reaction to mistake made by Jude McAtamney, aiding in Giants' loss"
,,2025,,,,Controversy,Negative,,High,ESPN,https://www.espn.com/nfl/story/_/id/46226517/nfl-eagles-chiefs-tush-push-brotherly-shove-jalen-hurts,Why don't all teams use the unstoppable tush push? Here's why,0.1930071306800233,26.0,He wasn't as involved in the game with Tampa Bay Buccaneers as desired; later posting cryptic message about his frustration;
Aaron Rodgers,Playing,2025,,,,Controversy,Negative,,Medium,Fox News,https://www.foxnews.com/sports/steelers-aaron-rodgers-gives-blunt-reaction-controversial-no-call-loss-browns,Steelers' Aaron Rodgers gives blunt reaction to controversial no call in loss to Browns,0.2059274406495923,68.0,"Looked back on comments made previously about characterization of being ""immunized,"" resulting in some misleadment"
NFL Draft,,2025,,,,Controversy,Negative,,Medium,Sports Illustrated,https://www.si.com/college/colorado/football/shedeur-sanders-racial-bias-nfl-media-stirs-controversy-nfl-draft-stock-mock-deion-prime-time-quarterback-colorado-buffaloes,Shedeur Sanders Racial Bias? NFL Media Stirs Controversy Ahead Of 2025 NFL Draft,0.5131468689585437,4.0,Response to a fan about the draft pick ranking of another player
Oliver Connolly,,2025,,,,Controversy,Negative,,High,The Guardian,https://www.theguardian.com/sport/2025/apr/25/shedeur-sanderss-first-round-nfl-draft,Shedeur Sanders’s fall exposed the cruel heart of the NFL draft industry | Oliver Connolly,0.4600185097682685,4.0,Response to a fan about the draft pick ranking of another player
Chris Kluwe,,2025,,,,Controversy,Negative,,High,Fox News,https://www.foxnews.com/sports/former-nfl-player-chris-kluwe-mocks-charlie-kirk-condemns-gop-after-ass,"Former NFL player Chris Kluwe mocks Charlie Kirk, condemns GOP after assassination",0.1592820049713052,62.0,NFL fans accussed officials of favoritism towards the Chiefs to which media has asked Kelce about allegation. 
,,2025,,,,Controversy,Positive,,Low,Christian Post,https://www.christianpost.com/news/5-church-leaders-react-to-shedeur-sanders-nfl-draft-controversy.html,5 church leaders react to Shedeur Sanders’ NFL draft controversy,0.4432475488883606,4.0,Response to a fan about the draft pick ranking of another player
Lamar Jackson,,2025,,,,Controversy,Negative,,Medium,USA Today,https://www.usatoday.com/story/sports/nfl/columnist/bell/2025/10/26/lamar-jackson-injury-report-nfl-nba-gambling-scandal/86917082007/,Lamar Jackson injury issue a bad look for NFL on heels of NBA betting scandal | Opinion,0.2802783321369005,43.0,"Brown posts another unpredictable tweet without any additional context or information, resulting in a stir in discussion. "
,,2025,,,,Controversy,Mixed,,Medium,Yahoo,https://www.yahoo.com/entertainment/celebrity/article/trump-criticizes-nfl-over-bad-bunnys-2026-super-bowl-halftime-show-why-the-puerto-rican-superstar-is-seen-as-a-controversial-choice-221039686.html,Trump criticizes NFL over Bad Bunny's 2026 Super Bowl halftime show: Why the Puerto Rican superstar is seen as a controversial choice.,0.2188185374226976,53.0,Answers question about his opinion when hearing Trump attending the Super Bowl LIX
,,2025,,,,Controversy,Negative,,High,Sports Mockery,https://www.sportsmockery.com/chicago-bears/chicago-bears-reportedly-part-of-massive-nfl-controversy/,Chicago Bears Reportedly Part Of Massive NFL Controversy,0.2128719060814455,63.0,Apologizes to the women who publicly accused him of sexual misconduct during massage sessions
,,2025,,,,Controversy,Negative,,Low,New York Post,https://nypost.com/2025/10/16/sports/nfls-bizarre-involvement-in-middle-of-chiefs-latest-penalty-controversy/,NFL’s bizarre involvement in middle of Chiefs’ latest penalty controversy,0.1883043534051468,28.0,"Reaction to the $180 million contract extension of Aidan Hutchinson, making him one of those with highest non-quarterback average salaries"
,,2025,,,,Controversy,Negative,,Medium,ESPN,https://www.espn.com/nfl/story/_/id/45769802/ex-nflpa-boss-lloyd-howell-strip-club-expenses-sent-investigator,Ex-NFLPA boss Howell's strip club expenses sent to investigator,0.1403405070783141,58.0,Voices opinion of the NFLPA that designed the then-new COVID-19 rules restricting unvaccinated players from playing 
Hypocrite Bad Bunny,,2025,,,,Controversy,Negative,,High,New York Post,https://nypost.com/2025/09/29/opinion/hypocrite-bad-bunny-is-a-controversial-choice-for-the-super-bowl-but-nfl-only-see-the-dollar-signs/,"Hypocrite Bad Bunny is a controversial choice for the Super Bowl, but NFL only sees the dollar signs",0.1749603230631985,53.0,Answers question about his opinion when hearing Trump attending the Super Bowl LIX
,,2025,,,,Controversy,Negative,,Medium,A to Z Sports,https://atozsports.com/nashville/volunteers/tennessee-rb-desean-bishop-injured-on-hip-drop-tackle-during-vols-game-against-arkansas-razorbacks/,Tennessee Vols RB DeSean Bishop was the victim of an NFL controversy against Arkansas that should be addressed at the college level,0.4920620533048869,29.0,"During the game against the Las Vegas Raiders, Dobbins left the game because of a hip-drop tackle. Lack of enforcement from the officials occurred. "
,,2025,,,,Controversy,Positive,,High,thecurrent.com,https://www.thecurrent.com/streaming-nfl-nba-mlb-nhl-measurement-nielsen,"NFL, NBA, MLB, NHL eye new measurement partners in wake of Nielsen controversy",0.2927680127034556,48.0,"With the issues about the TV rights deals, Merriman discussed the need for players to get paid more rather than the NFL make more money at their expense.  "
,,2025,,,,Controversy,Negative,,Medium,FOX Sports,https://www.foxsports.com/stories/nfl/inside-browns-qb-shedeur-sanders-nfl-draft-slide,What went wrong: How Shedeur Sanders' descent actually happened pre-draft,0.4926371530113324,4.0,Response to a fan about the draft pick ranking of another player
,,2025,,,,Controversy,Positive,,Medium,Sports Illustrated,https://www.si.com/nfl/good-bad-ugly-nfl-week-three-eagles-win-tush-push-controversy-continues,"The Good, Bad and Ugly of NFL Week 3: Eagles Win As Tush Push Controversy Continues",0.2315270193151326,46.0,"After losing in the Divisional Round, Allen emotionally reflects on his performance, affecting team's progression in the Playoffs. "
Justin Tucker,,2025,,,,Controversy,Negative,,High,ESPN,https://www.espn.com/nfl/story/_/id/45591537/ex-ravens-kicker-justin-tucker-gets-10-week-ban-nfl,Ex-Ravens kicker Justin Tucker gets 10-week ban from NFL,0.1853742000218078,43.0,"Brown posts another unpredictable tweet without any additional context or information, resulting in a stir in discussion. "
Lamar Jackson,,2025,,,,Controversy,Negative,,Medium,heavy.com,https://heavy.com/sports/nfl/baltimore-ravens/nfl-investigation-quarterback-lamar-jackson/,Ravens Face NFL Investigation Over Lamar Jackson Controversy,0.2062921883517845,43.0,"Brown posts another unpredictable tweet without any additional context or information, resulting in a stir in discussion. "
Patrick Mahomes,Playing,2025,,,,Controversy,Positive,,Medium,Yahoo Sports,https://sports.yahoo.com/nfl-says-controversial-penalties-against-chiefs-patrick-mahomes-were-called-correctly-190800015.html,NFL says controversial penalties against Chiefs' Patrick Mahomes were called correctly,0.2753519664275103,38.0,Has a playful interactionwith free agent WR Allen Lazard under the post increasing the anticipation for his return to the upcoming season
Trump,,2025,,,,Controversy,Positive,,Low,The Guardian,https://www.theguardian.com/sport/2025/oct/22/goodell-defends-bad-bunny-super-bowl-halftime-show,NFL will not reconsider Bad Bunny’s Super Bowl half-time show despite Trump backlash,0.2051788001276613,53.0,Answers question about his opinion when hearing Trump attending the Super Bowl LIX
,,2025,,,,Controversy,Negative,,Low,heavy.com,https://heavy.com/sports/nfl/kansas-city-chiefs/joe-montana-controversy-patrick-mahomes/,NFL Legend Sparks Controversy on Chiefs QB Patrick Mahomes,0.5037368752665994,38.0,Has a playful interactionwith free agent WR Allen Lazard under the post increasing the anticipation for his return to the upcoming season
Dolphins HC Mike McDaniel,,2025,,,,Controversy,Positive,,High,Yahoo Sports,https://sports.yahoo.com/article/dolphins-hc-mike-mcdaniel-asking-170242564.html,Dolphins HC Mike McDaniel asking NFL about controversial Josh Allen kneel play,0.3112612330765306,46.0,"After losing in the Divisional Round, Allen emotionally reflects on his performance, affecting team's progression in the Playoffs. "
,,2025,,,,Controversy,Positive,,Medium,The New York Times,https://www.nytimes.com/athletic/6744427/2025/10/23/nfl-cmo-bad-bunny-super-bowl-halftime-show/,NFL executive on Bad Bunny Super Bowl backlash: ‘Not everyone has to like everything we do’,0.1455440196053791,53.0,Answers question about his opinion when hearing Trump attending the Super Bowl LIX
Tom Brady,Retired,2025,,,,Controversy,Positive,,High,Fox News,https://www.foxnews.com/sports/tom-brady-calls-critics-his-roles-both-raiders-owner-fox-broadcaster-paranoid-distrustful,"Tom Brady calls critics of his roles as both Raiders owner, FOX broadcaster 'paranoid and distrustful'",0.4359243374007436,25.0,Had disagreements with his then-wife about retirement plans then pursue last year of playing professional football amid struggle with marriage
,,2025,,,,Controversy,Negative,,Medium,Yahoo Sports,https://sports.yahoo.com/articles/nfl-replay-official-explains-2-133553671.html,NFL replay official explains 2 controversial calls that went against Ravens,0.2095911535848479,56.0,Vents frustration of past 2025 season with the Baltimore Ravens with feelings that he wasn't used to his fullest potential
Antonio Brown's,,2025,,,,Controversy,Negative,,High,ESPN,https://www.espn.com/nfl/story/_/id/46991182/antonio-brown-extradition-trial,Antonio Brown's strange journey from NFL All-Pro to accused shooter,0.5262590695754188,43.0,"Brown posts another unpredictable tweet without any additional context or information, resulting in a stir in discussion. "
Steelers,,2025,,,,Controversy,Negative,,High,Yahoo Sports,https://sports.yahoo.com/articles/nfl-referee-explains-controversial-ending-144857646.html,NFL Referee Explains Controversial Ending To Lions vs. Steelers,0.1981682035534306,28.0,"Reaction to the $180 million contract extension of Aidan Hutchinson, making him one of those with highest non-quarterback average salaries"
,,2025,,,,Controversy,Positive,,High,WTTW,https://news.wttw.com/2025/05/29/chicago-bears-qb-caleb-williams-addresses-controversy-book-excerpt,Chicago Bears QB Caleb Williams Addresses Controversy From Book Excerpt,0.4030455727319322,33.0,Reaction to Lil Wayne's tweet after the Bears defeat Green Bay in the NFL Playoffs
Nick Emmanwori,,2025,,,,Controversy,Positive,,High,WCIV,https://abcnews4.com/news/local/nick-emmanwori-declares-for-nfl-draft-explains-citrus-bowl-controversy,"Nick Emmanwori declares for NFL draft, explains Citrus Bowl controversy",0.1423137753937481,59.0,Shares an encouraging message to draft prospects waiting to hear about NFL draft decisions
Teddy Bridgewater,,2025,,,,Controversy,Negative,,Medium,heavy.com,https://heavy.com/sports/nfl/tampa-bay-buccaneers/teddy-bridgewater-suspended-high-school-football/,Buccaneers QB Teddy Bridgewater Learns Fate in High School Football Controversy,0.1568682330540272,17.0,Throws shade at former coach Kevin Stefanski regarding their time working together under the Cleveland Brown
,,2025,,,,Controversy,Negative,,Low,Russell Street Report,https://russellstreetreport.com/2025/12/16/street-talk/a-catch-in-the-nfl-2025/,Ravens-Steelers Catch Controversy Reignites NFL Rule Debate,0.1812585420831024,37.0,First tweet in two years was to respond to controversial calls in the Bills vs. Broncos and Bears vs. Rams games
Roger Goodell,,2025,,,,Controversy,Negative,,High,Fox News,https://www.foxnews.com/sports/roger-goodell-stands-firm-bad-bunny-super-bowl-halftime-show-after-trump-calls-selection-ridiculous,Roger Goodell stands firm on Bad Bunny Super Bowl halftime show after Trump calls selection 'ridiculous',0.2574072816585429,62.0,NFL fans accussed officials of favoritism towards the Chiefs to which media has asked Kelce about allegation. 
WR Tyreek Hill,,2025,,,,Controversy,Mixed,,High,NFL.com,https://www.nfl.com/news/dolphins-wr-tyreek-hill-involved-in-domestic-incident-no-charges-filed,Dolphins WR Tyreek Hill involved in domestic incident; no charges filed,0.45840798790995,44.0,Made a remark on social media after a game where the Dolphins quarterback Tua Tagovailoa was benched
,,2025,,,,Controversy,Positive,,High,Yahoo Sports,https://sports.yahoo.com/article/troy-aikman-gets-honest-controversy-184617072.html,Troy Aikman Gets Honest About 'Controversy' With NFL Quarterback,0.3985883203609756,33.0,Reaction to Lil Wayne's tweet after the Bears defeat Green Bay in the NFL Playoffs
,,2025,,,,Controversy,Negative,,Medium,Sports Illustrated,https://www.si.com/nfl/eagles/onsi/news/shedeur-sanders-controversy-explained-were-eagles-involved-pat3,Shedeur Sanders Controversy Explained: Were Eagles Involved?,0.3096455442078111,4.0,Response to a fan about the draft pick ranking of another player
,,2025,,,,Controversy,Negative,,High,heavy.com,https://heavy.com/sports/nfl/buffalo-bills/nfl-under-fire-for-controversial-call-in-bills-patriots/,NFL Under Fire for Controversial Call in Bills-Patriots,0.3336283474230956,47.0,"Hearing about Josh Allen's emotional self-reflection on game, Dawkins becomes emotional defending the quarterback"
Shilo Sanders Made,,2025,,,,Controversy,Negative,,Medium,Fox News,https://www.outkick.com/sports/we-now-see-why-circus-follows-shedeur-shilo-sanders-brothers-made-nfl-teams-wary-both,We Now See Why The Circus That Follows Shedeur And Shilo Sanders Made Some NFL Teams Wary Of Both,0.3887918305194416,4.0,Response to a fan about the draft pick ranking of another player
,,2025,,,,Controversy,Mixed,,High,Detroit Free Press,https://www.freep.com/story/sports/nfl/lions/2025/10/23/nfl-refs-detroit-lions-controversial-call-kansas-city/86859607007/,NFL denies Lions' claim that refs had outside help in controversial penalty vs Chiefs,0.2223127055173906,28.0,"Reaction to the $180 million contract extension of Aidan Hutchinson, making him one of those with highest non-quarterback average salaries"
NFL Draft,,2026,,,,Controversy,Positive,,Medium,Yahoo Sports,https://sports.yahoo.com/nfl/breaking-news/article/2026-nfl-draft-amid-off-field-controversy-patriots-trade-up-for-another-left-tackle-024857086.html,"2026 NFL Draft: Amid off-field controversy, Patriots trade up for another left tackle",0.2261438442885977,7.0,Supports current New England Patriots' defender K'Lavon Chaisson
Walt Anderson,,2026,,,,Controversy,Neutral,,Medium,NFL.com,https://www.nfl.com/videos/nfl-rules-analyst-walt-anderson-breaks-down-controversial-ruling-on-ja-quan-mcmillian-s-int-on-brandin-cooks-nfl-gameday-morning,NFL rules analyst Walt Anderson breaks down controversial ruling on Ja'Quan McMillian's INT on Brandin Cooks | 'NFL GameDay Morning',0.1801296855335018,47.0,"Hearing about Josh Allen's emotional self-reflection on game, Dawkins becomes emotional defending the quarterback"
Steelers,,2026,,,,Controversy,Positive,,High,Steelers Wire,https://steelerswire.usatoday.com/story/sports/nfl/steelers/2026/02/24/steelers-aaron-rodgers-nfl-officiating-controversy/88850596007/,NFL admits controversial mistake regarding Steelers' Aaron Rodgers,0.1995558026251717,68.0,"Looked back on comments made previously about characterization of being ""immunized,"" resulting in some misleadment"
Aaron Rodgers,Playing,2026,,,,Controversy,Negative,,High,heavy.com,https://heavy.com/sports/nfl/pittsburgh-steelers/nfl-sparks-controversy-with-decision-on-steelers-qb-aaron-rodgers/,NFL Sparks Controversy With Decision on Steelers QB Aaron Rodgers,0.2904056835278686,68.0,"Looked back on comments made previously about characterization of being ""immunized,"" resulting in some misleadment"
,,2026,,,,Controversy,Negative,,Medium,Football Zebras,https://www.footballzebras.com/2026/03/nfl-officiating-negotiations-break-down-after-3-hours/,NFL officiating negotiations break down after 3 hours,0.1828232774321682,48.0,"With the issues about the TV rights deals, Merriman discussed the need for players to get paid more rather than the NFL make more money at their expense.  "
,,2026,,,,Controversy,Negative,,High,Yahoo Sports,https://sports.yahoo.com/articles/disgraced-super-bowl-champ-whose-143902124.html,"Disgraced Super Bowl Champ, Whose Leaked Mails Sparked Controversy, Now Faces NFL in Court",0.1475315234454119,48.0,"With the issues about the TV rights deals, Merriman discussed the need for players to get paid more rather than the NFL make more money at their expense.  "
Mike Vrabel,,2026,,,,Controversy,Negative,,Medium,NBC News,https://www.nbcnews.com/news/us-news/mike-vrabel-skip-draft-counseling-dianna-russini-scandal-rcna341599,Mike Vrabel to skip part of NFL draft for counseling in wake of Dianna Russini scandal,0.1484759498858555,7.0,Supports current New England Patriots' defender K'Lavon Chaisson
Mike Vrabel Statement Before,,2026,,,,Controversy,Negative,,Medium,NESN,https://nesn.com/new-england-patriots/news/patriots-release-mike-vrabel-statement-nfl-draft-amid-dianna-russini-scandal/22a3466af4ce15b307aec886,Patriots Release Mike Vrabel Statement Before NFL Draft Amid Dianna Russini Scandal,0.1867834964680464,7.0,Supports current New England Patriots' defender K'Lavon Chaisson
Maxx Crosby,Playing,2026,,,,Controversy,Negative,,Medium,Yahoo Sports,https://sports.yahoo.com/nfl/article/winners-and-losers-from-maxx-crosbytrey-hendrickson-controversy-dont-forget-the-raiders-maxx-shenanigans-164200365.html,Winners and losers from Maxx Crosby/Trey Hendrickson controversy: Don't forget the Raiders' Maxx shenanigans,0.5373648916298456,7.0,Supports current New England Patriots' defender K'Lavon Chaisson
,,2026,,,,Controversy,Negative,,Medium,Yahoo Sports,https://sports.yahoo.com/nfl/article/nfl-not-expecting-any-tush-push-ban-proposal-this-offseason-after-years-of-criticism-controversy-030423957.html,"NFL not expecting any tush push ban proposal this offseason after years of criticism, controversy",0.1778322105396555,46.0,"After losing in the Divisional Round, Allen emotionally reflects on his performance, affecting team's progression in the Playoffs. "
Eileen Gu Comment,,2026,,,,Controversy,Negative,,Medium,Yahoo Sports,https://sports.yahoo.com/articles/former-nfl-star-boomer-esiason-171715005.html,Former NFL Star Boomer Esiason Sparks Controversy With Eileen Gu Comment,0.1904630720125597,0.0,Instagram post celebrating July 4th sparked backlash due to political context and timing
Roger Goodell's,,2026,,,,Controversy,Negative,,Medium,Yahoo Sports,https://sports.yahoo.com/articles/roger-goodells-nfl-faces-major-195925900.html,Roger Goodell's NFL Faces Major Scandal After Drake Maye's Pain-Killer NewsFollowing Super Bowl 60,0.2115989666051889,21.0,Calls out a doctor's practices and capabilities after past experience being looked at by the doctor and negligence reports released about him
Bachelorette,,2026,,,,Controversy,Negative,,Medium,Yahoo,https://www.yahoo.com/entertainment/tv/articles/podcast-hosts-call-nfl-cancel-185857729.html,Podcast Hosts Call For NFL To Cancel Season After 'Bachelorette' Controversy,0.161244438083149,19.0,Issues problems with family's flight under Alaska Airlines when they worked to visit him
Colin Kaepernick,,2026,,,,Controversy,Positive,,High,Fortune,https://fortune.com/2026/02/10/colin-kaepernick-has-a-message-for-gen-z-dont-let-the-fear-of-backlash-silence-you-a-decade-on-from-nfl-kneeling/,"A decade after his NFL kneeling controversy, Colin Kaepernick has a message for Gen Z",0.1536344380982379,66.0,"Opens about mental health struggles during the quarantine, advising the importance of taking care of one's mental health"
,,2026,,,,Controversy,Negative,,Medium,Yahoo Sports,https://sports.yahoo.com/articles/super-bowl-lx-officiating-controversy-000917640.html,Super Bowl LX Officiating Controversy Starts Immediately [Video],0.3067914540400099,34.0,Traded to the Seattle Seahawks after desire to remain in the Rams; then becoming a rival to previous team in the Super Bowl
Fernando Mendoza Ranking,,2026,,,,Controversy,Positive,,High,Yahoo Sports,https://sports.yahoo.com/articles/former-nfl-scout-sparks-controversy-000000886.html,Former NFL Scout Sparks Controversy With Fernando Mendoza Ranking,0.2776158259310816,37.0,First tweet in two years was to respond to controversial calls in the Bills vs. Broncos and Bears vs. Rams games
Shawne Merriman,Retired,2026,,,,Controversy,Negative,,High,Fox News,https://www.foxnews.com/sports/ex-nfl-star-shawne-merriman-reacts-patriots-mike-vrabel-caught-scandal,Ex-NFL star Shawne Merriman reacts as Patriots' Mike Vrabel caught in scandal,0.2294479695289,48.0,"With the issues about the TV rights deals, Merriman discussed the need for players to get paid more rather than the NFL make more money at their expense.  "
Mike Vrabel,,2026,,,,Controversy,Positive,,Medium,Sports Business Journal,https://www.sportsbusinessjournal.com/Articles/2026/04/24/growing-vrabel-scandal-forcing-pats-to-react-sometimes-questionably/,"Growing scandal around Mike Vrabel forcing Patriots to react, sometimes questionably",0.1403873082041657,7.0,Supports current New England Patriots' defender K'Lavon Chaisson
Mike Vrabel,,2026,,,,Controversy,Positive,,Medium,Fox News,https://www.foxnews.com/sports/patriots-fully-support-mike-vrabel-latest-controversy-dianna-russini,Patriots say they 'fully support' Mike Vrabel amid latest in controversy involving Dianna Russini,0.1978957277721966,62.0,NFL fans accussed officials of favoritism towards the Chiefs to which media has asked Kelce about allegation. 
Trump Publicly Goes,,2026,,,,Controversy,Negative,,High,Yahoo Sports,https://sports.yahoo.com/articles/melania-trump-publicly-goes-against-014945954.html,Melania Trump Publicly Goes Against Her Husband Over NFL Controversy,0.2643770584355251,53.0,Answers question about his opinion when hearing Trump attending the Super Bowl LIX
Dianna Russini,,2026,,,,Controversy,Negative,,High,Yahoo Sports,https://sports.yahoo.com/articles/dianna-russini-lost-entire-nfl-182158950.html,Dianna Russini lost entire NFL media credibility after scandalous photos emerge,0.1553377736582009,25.0,Had disagreements with his then-wife about retirement plans then pursue last year of playing professional football amid struggle with marriage
Dianna Russini,,2026,,,,Controversy,Mixed,,Medium,ABC7 New York,https://abc7ny.com/post/dianna-russini-mike-vrabel-scandal-new-england-patriots-coach-speaks-nfl-draft-photos-published-reporter/18957749/,"Dianna Russini, Mike Vrabel scandal: New England Patriots coach speaks at NFL Draft after photos published of him with reporter",0.1468792341423391,68.0,"Looked back on comments made previously about characterization of being ""immunized,"" resulting in some misleadment"
Mike Vrabel Amid Dianna Russini,,2026,,,,Controversy,Negative,,High,heavy.com,https://heavy.com/sports/nfl/new-england-patriots/mike-vrabel-dianna-russini-albert-breer/,NFL Insider Speaks out on Patriots’ Mike Vrabel Amid Dianna Russini Controversy,0.1411070508450498,5.0,Made a racist tweet about white NFL playerss
Steve Tisch,,2026,,,,Controversy,Negative,,Medium,The New York Times,https://www.nytimes.com/athletic/7042708/2026/02/13/steve-tisch-jeffrey-epstein-new-york-giants-role/,Steve Tisch is embroiled in the Jeffrey Epstein scandal. What is his role with the Giants? - The Athletic,0.1601802571049995,30.0,"Reaction to mistake made by Jude McAtamney, aiding in Giants' loss"
JC Tretter,,2026,,,,Controversy,Positive,,High,The New York Times,https://www.nytimes.com/athletic/7111818/2026/03/17/nflpa-jc-tretter-executive-director-elected/,NFLPA elects JC Tretter as executive director 8 months after he resigned from union - The Athletic,0.1529659274110156,58.0,Voices opinion of the NFLPA that designed the then-new COVID-19 rules restricting unvaccinated players from playing 
Draft,,2026,,,,Controversy,Positive,,Medium,A to Z Sports,https://atozsports.com/nfl-draft/3-round-2026-nfl-mock-draft-raiders-ravens-recover-maxx-crosby-controversy-first-wave-of-nfl-free-agency-jeremiyah-love-carnell-tate-rueben-bain-jr/,3-Round 2026 NFL Mock Draft: Raiders and Ravens recover from Maxx Crosby controversy following first wave of NFL Free Agency,0.1823378484662147,7.0,Supports current New England Patriots' defender K'Lavon Chaisson
,,2026,,,,Controversy,Negative,,Medium,Sportico.com,https://www.sportico.com/law/analysis/2026/mike-vrabel-photos-dianna-russini-legal-implications-1234890984/,"Vrabel Photos Test Realities of NFL Privacy, Workplace Conduct",0.1463586082362558,48.0,"With the issues about the TV rights deals, Merriman discussed the need for players to get paid more rather than the NFL make more money at their expense.  "
,,2026,,,,Controversy,Negative,,High,Sports Illustrated,https://www.si.com/nfl/nfl-labor-dispute-with-refs-explained,Everything to Know About the NFL-Referee Labor Dispute As CBA Expiration Nears,0.2237556986575208,48.0,"With the issues about the TV rights deals, Merriman discussed the need for players to get paid more rather than the NFL make more money at their expense.  "
,,2026,,,,Controversy,Negative,,Medium,Fox News,https://www.outkick.com/sports/only-thing-can-save-super-bowl-lx-great-football-game-make-us-forget-other-nfl-crap,Only Thing That Can Save Super Bowl LX Is A Great Football Game To Make Us Forget The Other NFL Crap,0.2369736448793961,53.0,Answers question about his opinion when hearing Trump attending the Super Bowl LIX
Ole Miss',,2026,,,,Controversy,Negative,,High,The Clarion-Ledger,https://www.clarionledger.com/story/sports/college/ole-miss/2026/02/25/zxavian-harris-nfl-combine-lane-kiffin-lsu-ole-miss/88866631007/,"Ole Miss' Zxavian Harris continues Lane Kiffin criticism at NFL combine, per report",0.140089853716522,53.0,Answers question about his opinion when hearing Trump attending the Super Bowl LIX
,,2026,,,,Controversy,Positive,,Medium,ChiCitySports,https://www.chicitysports.com/chicago-bears-ian-cunningham-draft-controversy/,Chicago Bears draft controversy with NFL isn’t over,0.1606546991010194,70.0,"After previous comments made regarding his coaches which resulted in further discussion, Fields clarified his stance with his coaches and team."
Ben Dogra,,2026,,,,Controversy,Positive,,High,Sports Illustrated,https://www.si.com/onsi/athlete-lifestyle/business/nfl-loves-halftime-controversy-ex-super-agent-ben-dogra-says,"The NFL Loves Halftime Controversy, Ex Super-Agent Ben Dogra Says",0.1748552668993636,48.0,"With the issues about the TV rights deals, Merriman discussed the need for players to get paid more rather than the NFL make more money at their expense.  "
JC Tretter,,2026,,,,Controversy,Negative,,Medium,USA Today,https://www.usatoday.com/story/sports/nfl/columnist/bell/2026/03/19/nflpa-jc-tretter-union-controversy/89218580007/,"Scandal, secrecy and JC Tretter: This is what the NFLPA came up with? | Opinion",0.2040332516327034,58.0,Voices opinion of the NFLPA that designed the then-new COVID-19 rules restricting unvaccinated players from playing 
,,2026,,,,Controversy,Negative,,High,Hawaii News Now,https://www.hawaiinewsnow.com/2026/02/12/let-kids-play-legal-dispute-cancels-flag-football-league-hundreds-keiki/,‘Let the kids play’: Legal dispute cancels flag football league for hundreds of keiki,0.1417134906913764,25.0,Had disagreements with his then-wife about retirement plans then pursue last year of playing professional football amid struggle with marriage
,,2026,,,,Controversy,Negative,,Medium,Football Zebras,https://www.footballzebras.com/2026/04/nfl-players-and-officials-unions-meet-as-official-negotiations-with-the-nfl-remain-at-an-impasse/,NFL players and officials unions meet as official negotiations with the NFL remain at an impasse,0.1625932705697502,48.0,"With the issues about the TV rights deals, Merriman discussed the need for players to get paid more rather than the NFL make more money at their expense.  "
,,2026,,,,Controversy,Mixed,,Low,"ABC News - Breaking News, Latest News and Videos",https://abcnews.com/video/132363638/,"Video Reality TV leak, NFL controversy and 'Jeopardy!' streak dominate online chatter",0.2687581953933214,23.0,"Defending himself online after allegations of attacking a woman, resulting in arrest warrant being issued"
Brendan Sorsby,,2026,,,,Controversy,Negative,,Medium,ESPN,https://www.espn.com/college-football/story/_/id/48610760/texas-tech-brendan-sorsby-college-gambling-scandal,Brendan Sorsby and college football's first biggest gambling scandal,0.2359948458350561,67.0,"When advancing to the Super Bowl, Kittle brought back a popular meme cited by a Texas high school football player back in a 2014 interview."
NFL Draft,,2026,,,,Reflection,Positive,,Low,Musket Fire,https://musketfire.com/patriots-need-to-steer-clear-of-controversial-qb-prospect-late-in-2026-nfl-draft-01kprd0q39y3,Patriots need to steer clear of controversial QB prospect late in 2026 NFL Draft,0.1775489288319839,7.0,Supports current New England Patriots' defender K'Lavon Chaisson
Cleveland Browns,,2026,,,,Controversy,Positive,,Medium,Yahoo Sports,https://sports.yahoo.com/articles/cleveland-browns-created-quarterback-controversy-203851006.html,"Cleveland Browns have created quarterback controversy on Day 3 of the NFL Draft, and one name is likely getting pushed off the roster",0.2590275964458849,17.0,Throws shade at former coach Kevin Stefanski regarding their time working together under the Cleveland Brown
Eagles QB,,2026,,,,Controversy,Negative,,High,DAZN,https://www.dazn.com/en-US/news/american-football/jalen-hurts-backed-philadelphia-eagles-ignore-qb-draft-talk/1u6dfla5sl2wd1vsq7y81zj2b9,Eagles QB controversy? 13-year vet says Philly should be ‘all-in’ on Hurts,0.1934582831468955,26.0,He wasn't as involved in the game with Tampa Bay Buccaneers as desired; later posting cryptic message about his frustration;
Mike Vrabel,,2026,,,,Controversy,Negative,,High,USA Today,https://www.usatoday.com/story/sports/nfl/columnist/bell/2026/04/23/mike-vrabel-counseling-dianna-russini-photos/89764401007/,"Still laughing, Mike Vrabel? Patriots coach torches credibility as scandal grows | Opinion",0.1662959629874236,7.0,Supports current New England Patriots' defender K'Lavon Chaisson
,,2026,,,,Controversy,Positive,,Medium,Yahoo Sports,https://sports.yahoo.com/articles/nfl-rule-could-prevent-another-005238447.html,New NFL Rule Could Prevent Another Detroit Lions Controversy,0.1568279005193685,28.0,"Reaction to the $180 million contract extension of Aidan Hutchinson, making him one of those with highest non-quarterback average salaries"
