Date,Outlet,Headline,URL,Source_Type,Career_Phase,Manual_Narrative_Theme,Manual_Tone,Auto_Narrative_Theme,Auto_Tone,Theme_Agreement,Tone_Agreement,Similarity_Score,Notes,Collection_Method
2007-01-01,Seattle Times,The kid who could be king,,Traditional Media,Pre-NBA,Rising Superstar,Positive,Legacy Debate,Neutral,No,No,0.0,,Manual
2007-01-01,ESPN,Durant's workout raises eyebrows at camp,,Traditional Media,Pre-NBA,Rising Superstar,Positive,Legacy Debate,Neutral,No,No,0.0,,Manual
2007-06-28,KU Sports,"As expected, Oden, Durant go 1-2",,Traditional Media,Pre-NBA,Rising Superstar,Neutral,Legacy Debate,Neutral,No,Yes,0.0,,Manual
2009-01-01,The Oklahoman,Star Power: Comparisons grow between Kevin Durant and Lebron James,,Traditional Media,Thunder,Rising Superstar,Positive,Rising Superstar,Neutral,Yes,No,0.0,,Manual
2009-01-01,ESPN,Is OKC Thunder Kevin Durant the next big thing?,,Traditional Media,Thunder,Rising Superstar,Positive,Rising Superstar,Neutral,Yes,No,0.0,,Manual
2009-01-01,The Oklahoman,"For Kevin Durant, the shooting has never been this bad",,Traditional Media,Thunder,Redemption,Negative,Legacy Debate,Negative,No,Yes,0.0,"In his second season, expectations rise and slow stretches are faced with criticism",Manual
2009-01-01,The Oklahoman,OKC Thunder pups need to keep improving,,Traditional Media,Thunder,Redemption,Negative,Legacy Debate,Neutral,No,No,0.0,,Manual
2010-01-01,GQ,Why Kevin Durant Is The New Chosen One,,Traditional Media,Thunder,Rising Superstar,Positive,Rising Superstar,Neutral,Yes,No,0.0,Becoming star piece for a young Thunder team,Manual
2010-01-01,Twitter,Now everybody wants to play for the Heat and Lakers' - Durant,,Social Media,Thunder,Social Media Drama,Neutral,Legacy Debate,Neutral,No,Yes,0.0,Personal account about superteams - important for later,Manual
2010-01-01,NBA,Thunder Signs Durant to Multi-Year Extension,,Traditional Media,Thunder,Rising Superstar,Neutral,Legacy Debate,Neutral,No,Yes,0.0,,Manual
2012-01-01,Reddit,Is anyone else getting annoyed by Kevin Durant over the last few months?,,Social Media,Thunder,Social Media Drama,Negative,Legacy Debate,Neutral,No,No,0.0,Social media use more prominent - fan opinions,Manual
2012-01-01,The New York Times,The OKC Thunder's Fairy-Tale Rise,,Traditional Media,Thunder,Superstar,Positive,Legacy Debate,Neutral,No,No,0.0,,Manual
2014-01-01,USA Today,Why Kevin Durant will be the NBA MVP,,Traditional Media,Thunder,Superstar,Positive,Superstar,Positive,Yes,Yes,0.0,Durant wins MVP and becomes one of NBA's most dominant scorers,Manual
2015-01-01,GQ,Is Kevin Durant Looking Past the Thunder?,,Traditional Media,Thunder,Legacy Debate,Neutral,Legacy Debate,Neutral,Yes,Yes,0.0,,Manual
2015-01-01,Hoops Habit,Why OKC Should Trade KD,,Blog,Thunder,Legacy Debate,Negative,Legacy Debate,Neutral,Yes,No,0.0,,Manual
2016-07-04,Yahoo Sports,Kevin Durant : I never told Westbrook I'm Staying in OKC,,Traditional Media,Warriors,Villain Narrative,Neutral,Legacy Debate,Neutral,No,Yes,0.0,KD gets traded to the Warriors,Manual
2016-07-06,Elite Daily,Why Kevin Durant Is The Most Boring NBA Superstar Of The Modern Era,,Traditional Media,Warriors,Villain Narrative,Negative,Villain Narrative,Negative,Yes,Yes,0.0,,Manual
2017-01-01,Quora,Why do people think Kevin Durant joined a super team?,,Social Media,Warriors,Villain Narrative,Neutral,Villain Narrative,Positive,Yes,No,0.0,"2x Finals MVP awards with Warriors, validation",Manual
2017-01-01,YouTube,Kevin Durant says Warriors Aren't a Super Team,,Social Media,Warriors,Villain Narrative,Neutral,Villain Narrative,Neutral,Yes,Yes,0.0,,Manual
2017-01-01,ESPN,"The more you know about Kevin Durant, the more you can see how his star ascended",,Traditional Media,Warriors,Superstar,Positive,Legacy Debate,Neutral,No,No,0.0,,Manual
2017-01-01,ESPN,Kevin Durant's decision in the summer of 2016 fuels Warriors' 16-1 run to 2017 title,,Traditional Media,Warriors,Superstar,Neutral,Legacy Debate,Neutral,No,Yes,0.0,,Manual
2017-01-20,Banter Sports,I Still Hate Kevin Durant,,Blog,Warriors,Villain Narrative,Negative,Villain Narrative,Negative,Yes,Yes,0.0,,Manual
2017-05-30,Sports Illustrated,Kevin Durant's Twitter Antics Prove His Critics Right,,Traditional Media,Warriors,Social Media Drama,Negative,Social Media Drama,Neutral,Yes,No,0.0,,Manual
2018-01-01,Quora,Is Kevin Durant a 'snake'?,,Social Media,Warriors,Villain Narrative,Negative,Villain Narrative,Negative,Yes,Yes,0.0,,Manual
2018-01-01,NBC Bay Area,Kevin Durant Is Out Here Commenting on Snake Posts on Social Media Again,,Traditional Media,Warriors,Social Media Drama,Negative,Social Media Drama,Negative,Yes,Yes,0.0,,Manual
2018-01-01,ESPN,Kevin Durant says media often portrays him as 'the sensitive one',,Traditional Media,Warriors,Social Media Drama,Neutral,Social Media Drama,Neutral,Yes,Yes,0.0,,Manual
2018-01-01,NBC Bay Area,"Kevin Durant Dealing With More Drama, and He Didn't Join Warriors for That",,Traditional Media,Warriors,Social Media Drama,Neutral,Legacy Debate,Neutral,No,Yes,0.0,,Manual
2018-01-01,Quora,Why does Kevin Durant say inappropriate things to fans?,,Social Media,Warriors,Social Media Drama,Negative,Social Media Drama,Neutral,Yes,No,0.0,,Manual
2018-11-20,Reddit,Warriors became alarmed when Kevin Durant didn't feel joy winning rings - Brian Windhorst | The Jump,,Social Media,Warriors,Legacy Debate,Negative,Legacy Debate,Neutral,Yes,No,0.0,,Manual
2019-01-01,Medium,Kevin Durant and the quiet pursuit of becoming the Greatest Scorer Ever,,Blog,Warriors,Superstar,Positive,Legacy Debate,Positive,No,Yes,0.0,,Manual
2020-03-10,CBS Sports,Kevin Durant says he didn't take easy route to titles by joining Warriors: I 'earned' my rings in both Finals,,Traditional Media,Nets,Legacy Debate,Neutral,Villain Narrative,Neutral,No,Yes,0.0,Has to defend his championship seasons,Manual
2020-06-10,ESPN,"Kevin Durant defends legacy, decision to join Nets in Twitter exchanges",,Traditional Media,Nets,Legacy Debate,Neutral,Social Media Drama,Neutral,No,Yes,0.0,,Manual
2020-07-01,USA Today,6 times Kevin Durant owned his critics on social media,,Traditional Media,Warriors,Social Media Drama,Positive,Social Media Drama,Neutral,Yes,No,0.0,,Manual
2020-09-01,The Washington Post,Analysis | Remember Kevin Durant? The best player in the East is back for the Brooklyn Nets.,,Traditional Media,Nets,Redemption,Positive,Superstar,Positive,No,Yes,0.0,,Manual
2021-05-20,ESPN,NBA playoffs 2021: Kevin Durant reminded the world that he's capable of anything on the court,,Traditional Media,Nets,Redemption,Positive,Redemption,Neutral,Yes,No,0.0,"Achilles Injury, shaping career trajectory",Manual
2021-05-22,The New York Times,Kevin Durant and (Possibly) the Greatest Baskketball Team of All Time,,Traditional Media,Nets,Superstar,Positive,Legacy Debate,Positive,No,Yes,0.0,,Manual
2021-05-30,Yahoo Sports,Kevin Durant has no more dragons to slay,,Traditional Media,Nets,Redemption,Positive,Legacy Debate,Neutral,No,No,0.0,,Manual
2024-01-10,GiveMeSport,Durant's Disappointing Last 5 Years Since Leaving the Warriors,,Traditional Media,Suns,Legacy Debate,Negative,Legacy Debate,Negative,Yes,Yes,0.0,,Manual
2024-02-25,Bleacher Report,Does Kevin Durant Need to Salvage his Legacy?,,Traditional Media,Suns,Legacy Debate,Neutral,Legacy Debate,Neutral,Yes,Yes,0.0,,Manual
2024-03-01,Medium,Kevin Durant: One of the Most Influential Scorers in Basketball History,,Blog,Suns,Legacy Debate,Positive,Legacy Debate,Neutral,Yes,No,0.0,,Manual
2025-01-01,TrueHoop,Kevin Durant won't save the Rockets,,Traditional Media,Rockets,Legacy Debate,Negative,Villain Narrative,Negative,No,Yes,0.0,,Manual
2025-01-05,The Dream Shake,Let's give Kevin Durant's family the same privacy you'd also want for your family,,Traditional Media,Rockets,Social Media Drama,Neutral,Legacy Debate,Neutral,No,Yes,0.0,,Manual
2025-01-20,SB Nation,Kevin Durant's Twitter feed is the best thing about this Suns offseason,,Traditional Media,Suns,Social Media Drama,Negative,Social Media Drama,Positive,Yes,No,0.0,,Manual
2025-02-01,ESPN,"Kevin Durant hits 30,000 points: NBA players on what makes him an elite scorer",,Traditional Media,Suns,Legacy Debate,Positive,Superstar,Positive,No,Yes,0.0,,Manual
2025-02-15,Bleacher Report,Kevin Durant Says Social Media Trolling 'Helps the Game' amid 1st Season with Rockets,,Traditional Media,Rockets,Social Media Drama,Neutral,Social Media Drama,Neutral,Yes,Yes,0.0,,Manual
2025-02-20,Sports Illustrated,Rockets' Kevin Durant Defends Himself Against Bogus Social Media Claim,,Traditional Media,Suns,Social Media Drama,Neutral,Social Media Drama,Neutral,Yes,Yes,0.0,,Manual
2025-03-01,The Oklahoman,How does Kevin Durant feel about OKC Thunder fans still booing him? Here's what he said,,Traditional Media,Suns,Villain Narrative,Neutral,Villain Narrative,Neutral,Yes,Yes,0.0,,Manual
2025-03-15,AZ Central,"Kevin Durant criticism, 'ring-chaser' narrative follows him to Phoenix Suns. Is it fair?",,Traditional Media,Suns,Villain Narrative,Neutral,Villain Narrative,Neutral,Yes,Yes,0.0,,Manual
2025-04-25,Yahoo Sports,Kevin Durant's All-Time Ranking Could Have Been Higher Had He Made One Warriors Decision,,Traditional Media,Suns,Legacy Debate,Negative,Legacy Debate,Neutral,Yes,No,0.0,,Manual
"Oct 8, 2019",ESPN,"Kevin Durant says Knicks can't rely on past success, 'not as cool' with younger players",https://www.espn.com/nba/story/_/id/27799104/kevin-durant-says-knicks-rely-success-not-cool-younger-players,Traditional Media,Warriors,,,Rising Superstar,Positive,N/A,N/A,0.2866433352288349,Scraped via GoogleNews; classified by VADER + keyword rules,GoogleNews-Scraped + Rule-Based
"Aug 7, 2019",Yahoo Sports,"Kevin Durant on if the Warriors mishandled his calf injury: ‘Hell, no’",https://sports.yahoo.com/kevin-durant-on-if-the-warriors-mishandled-his-calf-injury-hell-no-211347829.html,Traditional Media,Warriors,,,Redemption,Positive,N/A,N/A,0.31774418131118615,Scraped via GoogleNews; classified by VADER + keyword rules,GoogleNews-Scraped + Rule-Based
"Dec 28, 2019",San Francisco Chronicle,"Memorable moments: Kevin Durant’s 3s kept Cavaliers at bay, lifted Warriors to titles",https://www.sfchronicle.com/sports/article/Memorable-moments-Kevin-Durant-s-daggers-kept-14931833.php,Traditional Media,Warriors,,,Redemption,Positive,N/A,N/A,0.327707532872081,Scraped via GoogleNews; classified by VADER + keyword rules,GoogleNews-Scraped + Rule-Based
"Aug 30, 2019",CBS Sports,Kevin Durant still thinks he should have made 2008 U.S. Olympic basketball team: 'I felt disrespected',https://www.cbssports.com/nba/news/kevin-durant-still-thinks-he-should-have-made-2008-u-s-olympic-basketball-team-i-felt-disrespected/,Traditional Media,Warriors,,,Superstar,Negative,N/A,N/A,0.45945951003660856,Scraped via GoogleNews; classified by VADER + keyword rules,GoogleNews-Scraped + Rule-Based
"Jul 2, 2019",The New York Times,‘I named your son WTF’: An oral history of Kevin Durant’s college days at Texas,https://www.nytimes.com/athletic/1057406/2019/07/02/i-named-your-son-wtf-an-oral-history-of-kevin-durants-college-days-at-texas/,Traditional Media,Warriors,,,Villain Narrative,Neutral,N/A,N/A,0.22954356109755422,Scraped via GoogleNews; classified by VADER + keyword rules,GoogleNews-Scraped + Rule-Based
"Jul 4, 2019",Elite Sports NY,'New York Knicks Disappointment' Is Not About Kevin Durant & Kyrie Irving,https://elitesportsny.com/2019/07/04/new-york-knicks-disappointment-is-not-about-kevin-durant-kyrie-irving/,Traditional Media,Warriors,,,Superstar,Negative,N/A,N/A,0.30231567224698297,Scraped via GoogleNews; classified by VADER + keyword rules,GoogleNews-Scraped + Rule-Based
"Apr 29, 2019",Andscape,"Kevin Durant is on fire, but what did you expect? He’s Kevin Durant",https://andscape.com/features/kevin-durant-is-on-fire-2019-nba-playoffs-rockets/,Traditional Media,Warriors,,,Superstar,Negative,N/A,N/A,0.3077754840989582,Scraped via GoogleNews; classified by VADER + keyword rules,GoogleNews-Scraped + Rule-Based
"Jun 11, 2019",SFGATE,"A 'distraught' Kevin Durant watched the end of Game 5, FaceTimed with Draymond Green",https://www.sfgate.com/warriors/article/Kevin-Durant-injury-Draymond-Green-Achilles-Jay-13968354.php,Traditional Media,Warriors,,,Redemption,Negative,N/A,N/A,0.23798467847282484,Scraped via GoogleNews; classified by VADER + keyword rules,GoogleNews-Scraped + Rule-Based
"Jun 11, 2019",The Detroit News,"'It's not fair': Kevin Durant returns, injures Achilles with free agency on horizon",https://www.detroitnews.com/story/sports/nba/2019/06/11/its-not-fair-kevin-durant-returns-injures-achilles-free-agency-horizon/1417019001/,Traditional Media,Warriors,,,Redemption,Positive,N/A,N/A,0.3317730969132369,Scraped via GoogleNews; classified by VADER + keyword rules,GoogleNews-Scraped + Rule-Based
"Jun 30, 2019",ESPN,"Brooklyn-bound: KD, Kyrie announce Nets moves",https://www.espn.com/nba/story/_/id/27091242/brooklyn-bound-kd-kyrie-announce-nets-moves,Traditional Media,Warriors,,,Superstar,Positive,N/A,N/A,0.2509786483028051,Scraped via GoogleNews; classified by VADER + keyword rules,GoogleNews-Scraped + Rule-Based
"Jun 12, 2019",San Francisco Chronicle,Who’s to blame? Maybe Warriors. Maybe Kevin Durant. Maybe you. Or nobody,https://www.sfchronicle.com/sports/annkillion/article/Who-s-to-blame-Maybe-Warriors-Maybe-Kevin-13975250.php,Traditional Media,Warriors,,,Redemption,Negative,N/A,N/A,0.2387928765686252,Scraped via GoogleNews; classified by VADER + keyword rules,GoogleNews-Scraped + Rule-Based
"Sep 10, 2019",CBS Sports,"Kevin Durant says he realized he was 'different' from rest of Warriors, still doesn't trust Thunder",https://www.cbssports.com/nba/news/kevin-durant-says-he-realized-he-was-different-from-rest-of-warriors-still-doesnt-trust-thunder/,Traditional Media,Warriors,,,Villain Narrative,Positive,N/A,N/A,0.24337539853386853,Scraped via GoogleNews; classified by VADER + keyword rules,GoogleNews-Scraped + Rule-Based
"Oct 31, 2019",ESPN,Kevin Durant says Draymond Green altercation factored into decision to leave Warriors,https://www.espn.com/nba/story/_/id/27974397/kevin-durant-says-draymond-green-altercation-factored-decision-leave-warriors,Traditional Media,Warriors,,,Villain Narrative,Positive,N/A,N/A,0.32425354308873156,Scraped via GoogleNews; classified by VADER + keyword rules,GoogleNews-Scraped + Rule-Based
"Apr 17, 2019",ESPN,"KD on Beverley matchup: ""I'm Kevin Durant. Y'all know who I am""",https://www.espn.com/video/clip/_/id/26548046,Traditional Media,Warriors,,,Superstar,Positive,N/A,N/A,0.3084559733897634,Scraped via GoogleNews; classified by VADER + keyword rules,GoogleNews-Scraped + Rule-Based
"Oct 23, 2019",ESPN,Warriors' Draymond Green opens up on tiff with Kevin Durant,https://www.espn.com/nba/story/_/id/27907426/warriors-draymond-green-opens-tiff-kevin-durant,Traditional Media,Warriors,,,Superstar,Positive,N/A,N/A,0.3411958260426629,Scraped via GoogleNews; classified by VADER + keyword rules,GoogleNews-Scraped + Rule-Based
"Jun 12, 2019",ESPN,Durant undergoes surgery for ruptured Achilles,https://www.espn.com/nba/story/_/id/26958458/durant-undergoes-surgery-ruptured-achilles,Traditional Media,Warriors,,,Social Media Drama,Negative,N/A,N/A,0.2847756395149363,Scraped via GoogleNews; classified by VADER + keyword rules,GoogleNews-Scraped + Rule-Based
"Jun 29, 2019",CBS Sports,"Kevin Durant free agency update: Warriors star expected to talk with four teams, including Knicks and Clippers, per report",https://www.cbssports.com/nba/news/kevin-durant-free-agency-update-warriors-star-expected-to-talk-with-four-teams-including-knicks-and-clippers-per/,Traditional Media,Warriors,,,Superstar,Positive,N/A,N/A,0.31308062132975817,Scraped via GoogleNews; classified by VADER + keyword rules,GoogleNews-Scraped + Rule-Based
"Jun 21, 2019",SFGATE,Warriors fans are reading way too much into Kevin Durant’s latest Instagram activity,https://www.sfgate.com/warriors/article/Kevin-Durant-free-agency-Instagram-NBA-Draft-2019-14028604.php,Traditional Media,Warriors,,,Social Media Drama,Positive,N/A,N/A,0.2975186272853392,Scraped via GoogleNews; classified by VADER + keyword rules,GoogleNews-Scraped + Rule-Based
"Sep 10, 2019",San Francisco Chronicle,Kevin Durant on his Warriors run: ‘I’ll never be one of those guys’,https://www.sfchronicle.com/warriors/article/Kevin-Durant-on-his-Warriors-run-I-ll-never-14428260.php,Traditional Media,Warriors,,,Social Media Drama,Positive,N/A,N/A,0.227130855432511,Scraped via GoogleNews; classified by VADER + keyword rules,GoogleNews-Scraped + Rule-Based
"Jun 11, 2019",San Francisco Chronicle,Kevin Durant’s Achilles injury: Shock waves hit NBA free agency and beyond,https://www.sfchronicle.com/sports/jenkins/article/Kevin-Durant-s-Achilles-injury-Shock-waves-hit-13968976.php,Traditional Media,Warriors,,,Redemption,Negative,N/A,N/A,0.24901265264220895,Scraped via GoogleNews; classified by VADER + keyword rules,GoogleNews-Scraped + Rule-Based
"Jun 12, 2019",SFGATE,Tom Brady and other stars wish Kevin Durant well after he announces he ruptured his Achilles,https://www.sfgate.com/warriors/article/Kevin-Durant-ruptured-achilles-surgery-warriors-IG-13973570.php,Traditional Media,Warriors,,,Social Media Drama,Positive,N/A,N/A,0.4106112539693064,Scraped via GoogleNews; classified by VADER + keyword rules,GoogleNews-Scraped + Rule-Based
"Jun 26, 2019",SFGATE,"Kevin Durant declines Warriors player option, will become unrestricted free agent",https://www.sfgate.com/warriors/article/Kevin-Durant-free-agency-player-option-decline-NBA-14051205.php,Traditional Media,Warriors,,,Superstar,Positive,N/A,N/A,0.34457070925918915,Scraped via GoogleNews; classified by VADER + keyword rules,GoogleNews-Scraped + Rule-Based
"Sep 10, 2019",Yahoo Sports,Kevin Durant says he'll 'never be attached' to Oklahoma City again,https://sports.yahoo.com/kevin-durant-says-hell-never-be-attached-to-oklahoma-city-again-163821010.html,Traditional Media,Warriors,,,Villain Narrative,Neutral,N/A,N/A,0.5446038626172124,Scraped via GoogleNews; classified by VADER + keyword rules,GoogleNews-Scraped + Rule-Based
"Jun 11, 2019",Yahoo Sports,Tiger Woods sympathizes with Kevin Durant: 'I've been there',https://sports.yahoo.com/tiger-woods-sympathizes-with-kevin-durant-ive-been-there-215522942.html,Traditional Media,Warriors,,,Superstar,Positive,N/A,N/A,0.22459353082729916,Scraped via GoogleNews; classified by VADER + keyword rules,GoogleNews-Scraped + Rule-Based
"Jul 1, 2019",ESPN,"Kevin Durant, Kyrie Irving and Brooklyn's rise from the ashes",https://www.espn.com/nba/story/_/id/27091191/kevin-durant-kyrie-irving-brooklyn-rise-ashes,Traditional Media,Warriors,,,Rising Superstar,Negative,N/A,N/A,0.24796049393195183,Scraped via GoogleNews; classified by VADER + keyword rules,GoogleNews-Scraped + Rule-Based
"Aug 8, 2019",SFGATE,Kevin Durant reportedly stopped talking to Warriors teammates during the season,https://www.sfgate.com/warriors/article/Kevin-Durant-Warriors-Nets-teammates-injury-return-14292029.php,Traditional Media,Warriors,,,Superstar,Positive,N/A,N/A,0.2601198291211789,Scraped via GoogleNews; classified by VADER + keyword rules,GoogleNews-Scraped + Rule-Based
"Jun 14, 2019",Yahoo Sports,Kevin Durant and the unfortunate history of Achilles injuries in the NBA,https://sports.yahoo.com/kevin-durant-and-the-unfortunate-history-of-achilles-injuries-in-the-nba-211506839.html,Traditional Media,Warriors,,,Redemption,Negative,N/A,N/A,0.3782580775479555,Scraped via GoogleNews; classified by VADER + keyword rules,GoogleNews-Scraped + Rule-Based
"Jul 1, 2019",SFGATE,"Kevin Durant posts farewell Instagram, quotes novelist Roman Payne",https://www.sfgate.com/warriors/article/Kevin-Durant-brooklyn-goodbye-to-warriors-14063878.php,Traditional Media,Warriors,,,Social Media Drama,Neutral,N/A,N/A,0.25595218707091005,Scraped via GoogleNews; classified by VADER + keyword rules,GoogleNews-Scraped + Rule-Based
"Oct 22, 2019",The Players' Tribune,Kevin Durant Returns | Knuckleheads Podcast,https://www.theplayerstribune.com/articles/kevin-durant-knuckleheads-podcast-season-two,Traditional Media,Warriors,,,Redemption,Negative,N/A,N/A,0.2285868522832437,Scraped via GoogleNews; classified by VADER + keyword rules,GoogleNews-Scraped + Rule-Based
"Sep 10, 2019",NBC Sports Bay Area & California,Kevin Durant rips into Warriors coach Steve Kerr's motion offense,https://www.nbcsportsbayarea.com/nba/golden-state-warriors/kevin-durant-rips-into-warriors-coach-steve-kerrs-motion-offense/1354593/,Traditional Media,Warriors,,,Villain Narrative,Positive,N/A,N/A,0.33283571737069884,Scraped via GoogleNews; classified by VADER + keyword rules,GoogleNews-Scraped + Rule-Based
"Jun 26, 2019",San Francisco Chronicle,Kevin Durant’s free agency: An in-depth breakdown of the superstar’s options,https://www.sfchronicle.com/warriors/article/Kevin-Durant-s-free-agency-An-in-depth-14054163.php,Traditional Media,Warriors,,,Redemption,Positive,N/A,N/A,0.2837544337702489,Scraped via GoogleNews; classified by VADER + keyword rules,GoogleNews-Scraped + Rule-Based
"Oct 1, 2019",Deadline,Winston Duke To Headline Apple’s Kevin Durant Drama Series ‘Swagger’ From Imagine & CBS TV Studios,https://deadline.com/2019/10/winston-duke-cast-star-swagger-apple-kevin-durant-drama-series-imagine-cbs-studios-1202748810/,Traditional Media,Warriors,,,Superstar,Negative,N/A,N/A,0.3613191701115304,Scraped via GoogleNews; classified by VADER + keyword rules,GoogleNews-Scraped + Rule-Based
"Jun 12, 2019",Andscape,Rudy Gay to old friend Kevin Durant: ‘Don’t be scared’,https://andscape.com/features/rudy-gay-to-old-friend-kevin-durant-dont-be-scared/,Traditional Media,Warriors,,,Social Media Drama,Positive,N/A,N/A,0.23566727154324277,Scraped via GoogleNews; classified by VADER + keyword rules,GoogleNews-Scraped + Rule-Based
"Jun 12, 2019",The Week,Kevin Durant confirmed he ruptured his Achilles. He already had successful surgery.,https://theweek.com/speedreads/846877/kevin-durant-confirmed-ruptured-achilles-already-successful-surgery,Traditional Media,Warriors,,,Redemption,Negative,N/A,N/A,0.2760153693225224,Scraped via GoogleNews; classified by VADER + keyword rules,GoogleNews-Scraped + Rule-Based
"Jun 12, 2019",checkupnewsroom.com,What This Sports Physical Therapist Hopes Parents Learn From Kevin Durant's Injury,https://www.checkupnewsroom.com/what-this-sports-physical-therapist-hopes-parents-learn-from-kevin-durants-injury/,Traditional Media,Warriors,,,Redemption,Negative,N/A,N/A,0.2619244405864057,Scraped via GoogleNews; classified by VADER + keyword rules,GoogleNews-Scraped + Rule-Based
"Jun 30, 2019",Sports Illustrated,Report: Kevin Durant to Announce Free Agency Decision on Instagram,https://www.si.com/nba/2019/06/30/kevin-durant-free-agency-decision-instagram-warriors-boardroom,Traditional Media,Warriors,,,Social Media Drama,Positive,N/A,N/A,0.32443016758453896,Scraped via GoogleNews; classified by VADER + keyword rules,GoogleNews-Scraped + Rule-Based
"Jul 1, 2019",GQ,Kevin Durant and the Sudden Arrival of the Brooklyn Nets,https://www.gq.com/story/kevin-durant-where-brooklyn-at,Traditional Media,Warriors,,,Social Media Drama,Positive,N/A,N/A,0.30394457727666113,Scraped via GoogleNews; classified by VADER + keyword rules,GoogleNews-Scraped + Rule-Based
"Jun 14, 2019",SFGATE,Kevin Durant FaceTimed Klay Thompson after ACL tear; the two have 'unfinished business',https://www.sfgate.com/warriors/article/Kevin-Durant-Klay-Thompson-injury-free-agency-ACL-13998385.php,Traditional Media,Warriors,,,Redemption,Negative,N/A,N/A,0.21905270281417946,Scraped via GoogleNews; classified by VADER + keyword rules,GoogleNews-Scraped + Rule-Based
"Jun 11, 2019",The Atlantic,Kevin Durant’s Disastrous Comeback: NBA Finals,https://www.theatlantic.com/entertainment/archive/2019/06/kevin-durants-disastrous-comeback-nba-finals-achilles/591454/,Traditional Media,Warriors,,,Redemption,Negative,N/A,N/A,0.26990120826390784,Scraped via GoogleNews; classified by VADER + keyword rules,GoogleNews-Scraped + Rule-Based
"Sep 10, 2019",The Guardian,'Some days I hate the NBA': Kevin Durant reflects on relationship with basketball,https://www.theguardian.com/sport/2019/sep/10/kevin-durant-oklahoma-city-thunder-nba-relationship,Traditional Media,Warriors,,,Villain Narrative,Positive,N/A,N/A,0.36246623061908684,Scraped via GoogleNews; classified by VADER + keyword rules,GoogleNews-Scraped + Rule-Based
"Jul 11, 2019",Yahoo Sports,Kevin Durant made the Warriors sweeten the sign-and-trade for D'Angelo Russell,https://sports.yahoo.com/kevin-durant-made-the-warriors-sweeten-the-signandtrade-for-d-angelo-russell-165200122.html,Traditional Media,Warriors,,,Superstar,Positive,N/A,N/A,0.2945599630822747,Scraped via GoogleNews; classified by VADER + keyword rules,GoogleNews-Scraped + Rule-Based
"Apr 26, 2019",GQ,"Warriors Superfan Guy Fieri Talks Kevin Durant, His Friendship with E-40, and Why He'll Miss Oracle Arena",https://www.gq.com/story/guy-fieri-takes-the-warriors-to-flavortown,Traditional Media,Warriors,,,Superstar,Positive,N/A,N/A,0.2857057105682188,Scraped via GoogleNews; classified by VADER + keyword rules,GoogleNews-Scraped + Rule-Based
"Jul 7, 2019",ESPN,Durant planning to switch to No. 7 with Nets,https://www.espn.com/nba/story/_/id/27142716/durant-planning-switch-no-7-nets,Traditional Media,Warriors,,,Social Media Drama,Positive,N/A,N/A,0.31119688844573595,Scraped via GoogleNews; classified by VADER + keyword rules,GoogleNews-Scraped + Rule-Based
"Jul 1, 2019",SFGATE,Kevin Durant reportedly left the Warriors partially because of fans not 'appreciating' him,https://www.sfgate.com/warriors/article/Kevin-Durant-free-agency-why-did-he-leave-fans-NBA-14065397.php,Traditional Media,Warriors,,,Villain Narrative,Neutral,N/A,N/A,0.3060274039138922,Scraped via GoogleNews; classified by VADER + keyword rules,GoogleNews-Scraped + Rule-Based
"Jun 21, 2019",SFGATE,"ESPN analyst blames Warriors for KD's injury, says it was 'misdiagnosed'",https://www.sfgate.com/warriors/article/Jay-Williams-blames-Warriors-for-KD-s-injury-13987776.php,Traditional Media,Warriors,,,Redemption,Positive,N/A,N/A,0.25910146430225106,Scraped via GoogleNews; classified by VADER + keyword rules,GoogleNews-Scraped + Rule-Based
"Nov 6, 2019",New York Post,Kevin Durant’s sideline presence making big Nets difference,https://nypost.com/2019/11/06/kevin-durants-sideline-presence-making-big-nets-difference/,Traditional Media,Warriors,,,Superstar,Positive,N/A,N/A,0.2279226319982726,Scraped via GoogleNews; classified by VADER + keyword rules,GoogleNews-Scraped + Rule-Based
"Jun 14, 2019",San Francisco Chronicle,"Warriors expected to offer injured Kevin Durant, Klay Thompson full max contracts",https://www.sfchronicle.com/warriors/article/Warriors-expected-to-offer-injured-Kevin-Durant-13998292.php,Traditional Media,Warriors,,,Superstar,Negative,N/A,N/A,0.27473826957545805,Scraped via GoogleNews; classified by VADER + keyword rules,GoogleNews-Scraped + Rule-Based
"Sep 11, 2019",SFGATE,Kevin Durant on the Warriors: 'I'm just different from the rest of the guys',https://www.sfgate.com/warriors/article/Kevin-Durant-Warriors-Nets-Kerr-Curry-different-14427911.php,Traditional Media,Warriors,,,Superstar,Positive,N/A,N/A,0.239517778836909,Scraped via GoogleNews; classified by VADER + keyword rules,GoogleNews-Scraped + Rule-Based
"Jul 1, 2019",Bleacher Report,Inside Kevin Durant and Kyrie Irving's Plot to Team Up in Brooklyn,https://bleacherreport.com/articles/2843699-inside-kevin-durant-and-kyrie-irvings-plot-to-team-up-in-brooklyn,Traditional Media,Warriors,,,Superstar,Negative,N/A,N/A,0.3530968751643865,Scraped via GoogleNews; classified by VADER + keyword rules,GoogleNews-Scraped + Rule-Based
"Jun 14, 2019",San Francisco Chronicle,"Warriors’ Bob Myers, Steve Kerr say keeping Kevin Durant part of game plan",https://www.sfchronicle.com/warriors/article/Warriors-Bob-Myers-Steve-Kerr-says-keeping-13999547.php,Traditional Media,Warriors,,,Villain Narrative,Positive,N/A,N/A,0.2590781822919974,Scraped via GoogleNews; classified by VADER + keyword rules,GoogleNews-Scraped + Rule-Based
"Sep 25, 2019",San Francisco Chronicle,Steve Kerr not offended by Kevin Durant’s criticism of Warriors’ offense,https://www.sfchronicle.com/warriors/article/Steve-Kerr-not-offended-by-Kevin-Durant-s-14464152.php,Traditional Media,Warriors,,,Villain Narrative,Negative,N/A,N/A,0.21088977527023833,Scraped via GoogleNews; classified by VADER + keyword rules,GoogleNews-Scraped + Rule-Based
"Jun 24, 2019",NetsDaily,Stein: Nets ‘exploring feasibility’ of signing DeAndre Jordan to lure Kevin Durant,https://www.netsdaily.com/2019/6/24/18715912/stein-nets-exploring-feasibility-of-signing-deandre-jordan-to-help-lure-kevin-durant,Traditional Media,Warriors,,,Social Media Drama,Positive,N/A,N/A,0.28622527497830186,Scraped via GoogleNews; classified by VADER + keyword rules,GoogleNews-Scraped + Rule-Based
"Jul 30, 2019",SFGATE,Kevin Durant's parting gift for SF is a work of art that you can ball on,https://www.sfgate.com/warriors/article/Kevin-Durant-mural-playground-Apexer-Hayes-Valley-14197154.php,Traditional Media,Warriors,,,Superstar,Positive,N/A,N/A,0.3951986915387369,Scraped via GoogleNews; classified by VADER + keyword rules,GoogleNews-Scraped + Rule-Based
"Sep 12, 2019",CBS Sports,Kevin Durant may have a better idea about what happiness is than you might think,https://www.cbssports.com/nba/news/kevin-durant-may-have-a-better-idea-about-what-happiness-is-than-you-might-think/,Traditional Media,Warriors,,,Superstar,Positive,N/A,N/A,0.2795679988405183,Scraped via GoogleNews; classified by VADER + keyword rules,GoogleNews-Scraped + Rule-Based
"Aug 28, 2019",SFGATE,Warriors' Joe Lacob doubles down on retiring Kevin Durant's number,https://www.sfgate.com/warriors/article/Kevin-Durant-Warriors-number-Joe-Lacob-retire-NBA-14389665.php,Traditional Media,Warriors,,,Superstar,Negative,N/A,N/A,0.2679175820593526,Scraped via GoogleNews; classified by VADER + keyword rules,GoogleNews-Scraped + Rule-Based
"Jun 24, 2019",The Seattle Times,"Warriors GM to meet soon with Kevin Durant, Klay Thompson",https://www.seattletimes.com/sports/nba/warriors-gm-to-meet-soon-with-kevin-durant-klay-thompson/,Traditional Media,Warriors,,,Superstar,Positive,N/A,N/A,0.2170553225878481,Scraped via GoogleNews; classified by VADER + keyword rules,GoogleNews-Scraped + Rule-Based
"Jul 1, 2019",USA Today,Analysis: Warriors' loss of Kevin Durant will hurt for years to come,https://www.usatoday.com/story/sports/nba/2019/06/30/kevin-durant-leaves-warriors/1614012001/,Traditional Media,Warriors,,,Redemption,Negative,N/A,N/A,0.37037531581215843,Scraped via GoogleNews; classified by VADER + keyword rules,GoogleNews-Scraped + Rule-Based
"Jul 1, 2019",ESPN,"Warriors thank Durant, say they will retire No. 35",https://www.espn.com/nba/story/_/id/27098829/warriors-thank-durant-say-retire-no-35,Traditional Media,Warriors,,,Superstar,Positive,N/A,N/A,0.303369731153277,Scraped via GoogleNews; classified by VADER + keyword rules,GoogleNews-Scraped + Rule-Based
"Mar 12, 2019",NBC Sports,Cavaliers explored signing Kevin Durant in 2016,https://www.nbcsports.com/nba/news/cavaliers-explored-signing-kevin-durant-in-2016,Traditional Media,Warriors,,,Superstar,Positive,N/A,N/A,0.30180616094109286,Scraped via GoogleNews; classified by VADER + keyword rules,GoogleNews-Scraped + Rule-Based
"Jun 26, 2019",Bergen Record,"Kevin Durant to opt out of contract with Warriors ahead of NBA free agency, per report",https://www.northjersey.com/story/sports/nba/knicks/2019/06/26/nba-free-agency-kevin-durant-opt-out-contract-warriors/1562813001/,Traditional Media,Warriors,,,Superstar,Positive,N/A,N/A,0.4589048752993529,Scraped via GoogleNews; classified by VADER + keyword rules,GoogleNews-Scraped + Rule-Based
"Oct 31, 2019",Laughing Place,TV Review – “The Boardroom: Free Agent Frenzy with Kevin Durant & Stephen A. Smith” on ESPN+,https://www.laughingplace.com/w/articles/2019/10/31/tv-review-the-boardroom-free-agent-frenzy-with-kevin-durant-stephen-a-smith-on-espn/,Traditional Media,Warriors,,,Superstar,Positive,N/A,N/A,0.2643094851100721,Scraped via GoogleNews; classified by VADER + keyword rules,GoogleNews-Scraped + Rule-Based
"Jun 27, 2019",New York Post,Kevin Durant is on the move — literally,https://nypost.com/2019/06/27/kevin-durant-is-on-the-move-literally/,Traditional Media,Warriors,,,Superstar,Positive,N/A,N/A,0.27754968017535825,Scraped via GoogleNews; classified by VADER + keyword rules,GoogleNews-Scraped + Rule-Based
"Jun 11, 2019",ESPN,Can the Warriors pull off this epic comeback without Kevin Durant?,https://www.espn.com/nba/story/_/id/26945259/can-warriors-pull-epic-comeback-kevin-durant,Traditional Media,Warriors,,,Redemption,Negative,N/A,N/A,0.32759623447640424,Scraped via GoogleNews; classified by VADER + keyword rules,GoogleNews-Scraped + Rule-Based
"Jun 13, 2019",San Francisco Chronicle,Kevin Durant injury fallout: Raptors fan’s GoFundMe page benefits KD charity,https://www.sfchronicle.com/warriors/article/Kevin-Durant-injury-fallout-Raptors-fan-s-13973450.php,Traditional Media,Warriors,,,Social Media Drama,Positive,N/A,N/A,0.28832450132395115,Scraped via GoogleNews; classified by VADER + keyword rules,GoogleNews-Scraped + Rule-Based
"Jun 13, 2019",USA Today,"Warriors honor Oakland, Kevin Durant with souvenir towel for fans",https://www.usatoday.com/story/sports/nba/warriors/2019/06/13/nba-finals-warriors-tribute-kevin-durant-oakland/1450793001/,Traditional Media,Warriors,,,Legacy Debate,Positive,N/A,N/A,0.2799299139742261,Scraped via GoogleNews; classified by VADER + keyword rules,GoogleNews-Scraped + Rule-Based
"Jun 13, 2019",New York Post,Kevin Durant’s close friend: ‘He’s going to come back 10 times better’,https://nypost.com/2019/06/13/kevin-durants-close-friend-hes-going-to-come-back-10-times-better/,Traditional Media,Warriors,,,Social Media Drama,Positive,N/A,N/A,0.24754115808491217,Scraped via GoogleNews; classified by VADER + keyword rules,GoogleNews-Scraped + Rule-Based
"Jun 12, 2019",Sports Illustrated,Kevin Durant Undergoes Successful Surgery for Ruptured Achilles,https://www.si.com/nba/2019/06/12/kevin-durant-achilles-injury-updates-mri-warriors-raptors,Traditional Media,Warriors,,,Social Media Drama,Positive,N/A,N/A,0.2867711310816054,Scraped via GoogleNews; classified by VADER + keyword rules,GoogleNews-Scraped + Rule-Based
"Jun 26, 2019",Sports Illustrated,Report: Kevin Durant Declines Player Option with Warriors to Become Free Agent,https://www.si.com/nba/2019/06/26/kevin-durant-declines-warriors-players-option-free-agency-decision,Traditional Media,Warriors,,,Superstar,Positive,N/A,N/A,0.3001658594044521,Scraped via GoogleNews; classified by VADER + keyword rules,GoogleNews-Scraped + Rule-Based
"Jun 30, 2019",CBS News,"Kevin Durant to sign NBA Free Agency contract with Brooklyn Nets, reportedly joined by Kyrie Irving and DeAndre Jordan",https://www.cbsnews.com/news/kevin-durant-two-time-nba-finals-mvp-to-sign-4-year-contract-with-brooklyn-nets-reported-today-2019-06-30/,Traditional Media,Warriors,,,Social Media Drama,Positive,N/A,N/A,0.3692145911560835,Scraped via GoogleNews; classified by VADER + keyword rules,GoogleNews-Scraped + Rule-Based
"Oct 31, 2019",ESPN Press Room,"Videos: NBA Superstar Kevin Durant Discusses Injuries, Departure From the Warriors & More on ESPN’s First Take",https://espnpressroom.com/us/press-releases/2019/10/videos-nba-superstar-kevin-durant-discusses-injuries-departure-from-the-warriors-more-on-espns-first-take/,Traditional Media,Warriors,,,Redemption,Positive,N/A,N/A,0.3303393944476767,Scraped via GoogleNews; classified by VADER + keyword rules,GoogleNews-Scraped + Rule-Based
"Jun 13, 2019",Andscape,Kevin Durant and the dehumanization of black athletes,https://andscape.com/features/kevin-durant-and-the-dehumanization-of-black-athletes/,Traditional Media,Warriors,,,Superstar,Neutral,N/A,N/A,0.2988652125398906,Scraped via GoogleNews; classified by VADER + keyword rules,GoogleNews-Scraped + Rule-Based
"Jan 30, 2019",The Oklahoman,Berry Tramel: Readers respond to Kevin Durant attending Nick Collison's celebration,https://www.oklahoman.com/story/sports/columns/berry-tramel/2019/01/30/most-fans-but-not-all-want-durant-to-stay-away/60475602007/,Traditional Media,Warriors,,,Villain Narrative,Positive,N/A,N/A,0.2697835084399501,Scraped via GoogleNews; classified by VADER + keyword rules,GoogleNews-Scraped + Rule-Based
"Jul 7, 2019",Golden State Of Mind,"Kevin Durant changes jersey number, references Warriors “brotherhood”",https://www.goldenstateofmind.com/2019/7/7/20685520/2019-nba-news-warriors-nets-kevin-durant-jersey-number,Traditional Media,Warriors,,,Social Media Drama,Negative,N/A,N/A,0.34762966416885654,Scraped via GoogleNews; classified by VADER + keyword rules,GoogleNews-Scraped + Rule-Based
"Jun 29, 2019",Bergen Record,"NBA rumors: Kevin Durant, Kawhi Leonard could join up with New York Knicks",https://www.northjersey.com/story/sports/nba/knicks/2019/06/29/nba-rumors-kevin-durant-kawhi-leonard-could-sign-new-york-knicks/1606331001/,Traditional Media,Warriors,,,Superstar,Positive,N/A,N/A,0.2956847455892015,Scraped via GoogleNews; classified by VADER + keyword rules,GoogleNews-Scraped + Rule-Based
"Jul 7, 2019",NetsDaily,IT’S OFFICIAL: Kevin Durant traded to Brooklyn Nets,https://www.netsdaily.com/2019/7/7/20685601/its-official-kevin-durant-traded-to-brooklyn-nets-in-s-t,Traditional Media,Warriors,,,Rising Superstar,Positive,N/A,N/A,0.358506150663643,Scraped via GoogleNews; classified by VADER + keyword rules,GoogleNews-Scraped + Rule-Based
"Jun 14, 2019",Chicago Sun-Times,"Social media-driven Kevin Durant should have listened to his body, the way Derrick Rose did his",https://chicago.suntimes.com/bulls/2019/6/14/18679401/kevin-durant-should-have-listened-to-his-body-the-way-derrick-rose-did-his-bulls-warriors,Traditional Media,Warriors,,,Redemption,Negative,N/A,N/A,0.2189089858561993,Scraped via GoogleNews; classified by VADER + keyword rules,GoogleNews-Scraped + Rule-Based
"Nov 22, 2019",University of Texas Athletics,Audio: Catching up with Kevin Durant,https://texaslonghorns.com/news/2019/11/22/mens-basketball-audio-catching-up-with-kevin-durant,Traditional Media,Warriors,,,Rising Superstar,Neutral,N/A,N/A,0.3653567597500758,Scraped via GoogleNews; classified by VADER + keyword rules,GoogleNews-Scraped + Rule-Based
"Jul 7, 2019",CBS Sports,"Kawhi Leonard tried to recruit Kevin Durant to Clippers before start of free agency, per report",https://www.cbssports.com/nba/news/kawhi-leonard-tried-to-recruit-kevin-durant-to-clippers-before-start-of-free-agency-per-report/,Traditional Media,Warriors,,,Villain Narrative,Positive,N/A,N/A,0.4127979487838884,Scraped via GoogleNews; classified by VADER + keyword rules,GoogleNews-Scraped + Rule-Based
"Jun 12, 2019",ABC7 Los Angeles,"Golden State Warriors' Kevin Durant confirms Achilles rupture, shares photo after surgery",https://abc7.com/post/durant-confirms-achilles-rupture-shares-photo-after-surgery/5343864/,Traditional Media,Warriors,,,Social Media Drama,Positive,N/A,N/A,0.343220507602111,Scraped via GoogleNews; classified by VADER + keyword rules,GoogleNews-Scraped + Rule-Based
"Jul 11, 2019",NetsDaily,How Kevin Durant secured a first round pick for the Nets,https://www.netsdaily.com/2019/7/11/20690610/how-kevin-durant-secured-a-first-round-pick-for-the-nets,Traditional Media,Warriors,,,Superstar,Positive,N/A,N/A,0.36856775793215557,Scraped via GoogleNews; classified by VADER + keyword rules,GoogleNews-Scraped + Rule-Based
"Jun 12, 2019",USA Today,Kevin Durant has surgery for torn right Achilles tendon,https://www.usatoday.com/story/sports/nba/2019/06/12/kevin-durant-surgery-torn-achilles-nba-finals/1417442001/,Traditional Media,Warriors,,,Social Media Drama,Negative,N/A,N/A,0.2780888502227907,Scraped via GoogleNews; classified by VADER + keyword rules,GoogleNews-Scraped + Rule-Based
"Sep 18, 2019",The New York Times,"Kevin Durant’s comments weren’t a criticism of the Warriors offense, he just didn’t want to be a part of it anymore",https://www.nytimes.com/athletic/1222291/2019/09/18/kevin-durants-comments-werent-a-criticism-of-the-warriors-offense-he-just-didnt-want-to-be-a-part-of-it-anymore/,Traditional Media,Warriors,,,Villain Narrative,Negative,N/A,N/A,0.24551182051979767,Scraped via GoogleNews; classified by VADER + keyword rules,GoogleNews-Scraped + Rule-Based
"Jun 12, 2019",USA Today,Opinion: Warriors' Kevin Durant buckling up for his longest year after Achilles injury,https://www.usatoday.com/story/sports/nba/playoffs/2019/06/12/kevin-durant-achilles-surgery-long-year-ahead/1438552001/,Traditional Media,Warriors,,,Redemption,Negative,N/A,N/A,0.3343853436135647,Scraped via GoogleNews; classified by VADER + keyword rules,GoogleNews-Scraped + Rule-Based
"May 30, 2019",NBC Bay Area,Warriors' Draymond Green Reveals What Sparked Kevin Durant Incident,https://www.nbcbayarea.com/news/sports/warriors__draymond_green_reveals_what_sparked_kevin_durant_incident_bay/188832/,Traditional Media,Warriors,,,Redemption,Positive,N/A,N/A,0.34019048668601454,Scraped via GoogleNews; classified by VADER + keyword rules,GoogleNews-Scraped + Rule-Based
"Jun 20, 2019",Bleacher Report,Windhorst: Kevin Durant Trade After Signing Warriors Contract 'Being Discussed',https://bleacherreport.com/articles/2841964-windhorst-kevin-durant-trade-after-signing-warriors-contract-being-discussed,Traditional Media,Warriors,,,Superstar,Positive,N/A,N/A,0.3502774448119199,Scraped via GoogleNews; classified by VADER + keyword rules,GoogleNews-Scraped + Rule-Based
"Jul 7, 2019",theScore,Nets officially acquire KD in sign-and-trade deal with Warr…,https://thescore.com/nba/news/1796007,Traditional Media,Warriors,,,Superstar,Positive,N/A,N/A,0.2931365602666697,Scraped via GoogleNews; classified by VADER + keyword rules,GoogleNews-Scraped + Rule-Based
"Feb 7, 2019",ESPN,Kevin Durant rips media's coverage of his pending free agency,https://www.espn.com/nba/story/_/id/25942871/kevin-durant-rips-media-coverage-pending-free-agency,Traditional Media,Warriors,,,Superstar,Positive,N/A,N/A,0.23230201155255342,Scraped via GoogleNews; classified by VADER + keyword rules,GoogleNews-Scraped + Rule-Based
"Jul 8, 2019",Hoops Rumors,"Nets, Warriors Complete Durant, Russell Sign-And-Trade",https://www.hoopsrumors.com/2019/07/nets-warriors-complete-durant-russell-sign-and-trade.html,Traditional Media,Warriors,,,Social Media Drama,Positive,N/A,N/A,0.3228132037510698,Scraped via GoogleNews; classified by VADER + keyword rules,GoogleNews-Scraped + Rule-Based
"Jul 7, 2019",slamonline.com,"Nets, Warriors Finalize Kevin Durant Sign-And-Trade",https://slamonline.com/nba/nets-warriors-finalize-kevin-durant-sign-and-trade/,Traditional Media,Warriors,,,Superstar,Positive,N/A,N/A,0.4775446567106474,Scraped via GoogleNews; classified by VADER + keyword rules,GoogleNews-Scraped + Rule-Based
"Jan 21, 2019",Blue Man Hoop,29 Blockbuster trades involving Kevin Durant,https://bluemanhoop.com/2019/01/21/golden-state-warriors-29-blockbuster-trades-involving-kevin-durant/,Traditional Media,Warriors,,,Superstar,Positive,N/A,N/A,0.35826373128241723,Scraped via GoogleNews; classified by VADER + keyword rules,GoogleNews-Scraped + Rule-Based
"May 13, 2019",Daily Express,"NBA news: LeBron James SHOCK trade, Kevin Durant and Kyrie Irving twist, Cavs confirm boss",https://www.express.co.uk/sport/othersport/1126601/NBA-news-LeBron-James-Kevin-Durant-Kyrie-Irving-Cleveland-Cavaliers-Lakers-Warriors-Celtic,Traditional Media,Warriors,,,Superstar,Negative,N/A,N/A,0.36621366675990735,Scraped via GoogleNews; classified by VADER + keyword rules,GoogleNews-Scraped + Rule-Based
"Jul 1, 2019",Sports Illustrated,The D'Angelo Russell Trade Sets Off Complications for Warriors,https://www.si.com/nba/2019/07/01/dangelo-russell-warriors-nets-trade-kevin-durant-nba-free-agency,Traditional Media,Warriors,,,Villain Narrative,Negative,N/A,N/A,0.32397339313455875,Scraped via GoogleNews; classified by VADER + keyword rules,GoogleNews-Scraped + Rule-Based
"Jul 11, 2019",New York Post,Kevin Durant refused to be traded straight up for D’Angelo Russell,https://nypost.com/2019/07/11/kevin-durant-refused-to-be-traded-straight-up-for-dangelo-russell/,Traditional Media,Warriors,,,Superstar,Positive,N/A,N/A,0.33963695817006023,Scraped via GoogleNews; classified by VADER + keyword rules,GoogleNews-Scraped + Rule-Based
"Jul 11, 2019",ESPN,"Players, teams use maximum leverage in deals this summer",https://www.espn.com/nba/story/_/id/27162365/players-teams-use-maximum-leverage-deals-summer,Traditional Media,Warriors,,,Superstar,Positive,N/A,N/A,0.2197346021353432,Scraped via GoogleNews; classified by VADER + keyword rules,GoogleNews-Scraped + Rule-Based
"Jul 2, 2019",ESPN,Why the collapse of the Warriors feels so abrupt,https://www.espn.com/nba/story/_/id/27100698/why-collapse-warriors-feels-abrupt,Traditional Media,Warriors,,,Social Media Drama,Negative,N/A,N/A,0.31374376533037396,Scraped via GoogleNews; classified by VADER + keyword rules,GoogleNews-Scraped + Rule-Based
"Jan 28, 2019",Audacy,Kevin Durant on Anthony Davis trade rumors: ‘Why not do what | 95.7 THE GAME,https://www.audacy.com/957thegame/articles/kevin-durant-anthony-davis-trade-rumors-why-not-do-what-you-want,Traditional Media,Warriors,,,Superstar,Positive,N/A,N/A,0.27996372964260546,Scraped via GoogleNews; classified by VADER + keyword rules,GoogleNews-Scraped + Rule-Based
"Feb 19, 2019",Daily Express,LeBron James: Kevin Durant can rival Lakers star as GOAT on one trade condition - Cowherd,https://www.express.co.uk/sport/othersport/1089605/LeBron-James-Kevin-Durant-can-rival-Lakers-star-as-GOAT-on-one-trade-condition-Cowherd,Traditional Media,Warriors,,,Legacy Debate,Positive,N/A,N/A,0.4293425278776077,Scraped via GoogleNews; classified by VADER + keyword rules,GoogleNews-Scraped + Rule-Based
"Feb 1, 2019",The Mercury News,Warriors mailbag: Warriors fans wondering once again about Kevin Durant’s future,https://www.mercurynews.com/2019/02/01/warriors-mailbag-warriors-fans-wondering-once-again-about-kevin-durants-future/,Traditional Media,Warriors,,,Superstar,Positive,N/A,N/A,0.2767336630895274,Scraped via GoogleNews; classified by VADER + keyword rules,GoogleNews-Scraped + Rule-Based
"Jun 12, 2019",Daily Express,Kevin Durant injury: Knicks turn trade attention to Kawhi Leonard with Anthony Davis snub,https://www.express.co.uk/sport/othersport/1139355/Kevin-Durant-injury-Kawhi-Leonard-Anthony-Davis-NBA-trade-news-Warriors-Raptors-NY-Knicks,Traditional Media,Warriors,,,Redemption,Negative,N/A,N/A,0.3655193362602617,Scraped via GoogleNews; classified by VADER + keyword rules,GoogleNews-Scraped + Rule-Based
"Jan 29, 2019",Basketball Forever,Kevin Durant Weighs In On Anthony Davis's Trade Request,https://basketballforever.com/2019/01/29/kevin-durant-weighs-in-on-anthony-daviss-trade-request,Traditional Media,Warriors,,,Superstar,Neutral,N/A,N/A,0.3105380732869949,Scraped via GoogleNews; classified by VADER + keyword rules,GoogleNews-Scraped + Rule-Based
"Jan 28, 2019",The Mercury News,Warriors report: Kevin Durant puts Anthony Davis trade request in perspective,https://www.mercurynews.com/2019/01/28/warriors-report-kevin-durant-puts-anthony-davis-trade-request-in-perspective/,Traditional Media,Warriors,,,Social Media Drama,Positive,N/A,N/A,0.21611082753030472,Scraped via GoogleNews; classified by VADER + keyword rules,GoogleNews-Scraped + Rule-Based
"Jun 30, 2019",The Mercury News,"Warriors consolation prize: A D’Angelo Russell, Steph Curry backcourt to open Chase Center",https://www.mercurynews.com/2019/06/30/warriors-consolation-prize-for-kevin-durant-leaving-dangelo-russel-and-others/,Traditional Media,Warriors,,,Redemption,Positive,N/A,N/A,0.30871680905359933,Scraped via GoogleNews; classified by VADER + keyword rules,GoogleNews-Scraped + Rule-Based
"Jul 5, 2019",The Mercury News,Warriors mailbag: What’s next for Warriors after Kevin Durant?,https://www.mercurynews.com/2019/07/05/warriors-mailbag-whats-next-for-warriors-after-kevin-durant/,Traditional Media,Warriors,,,Villain Narrative,Positive,N/A,N/A,0.3281335554982982,Scraped via GoogleNews; classified by VADER + keyword rules,GoogleNews-Scraped + Rule-Based
"Jun 29, 2019",slamonline.com,2019 Free Agency Briefing: Kevin Durant,https://slamonline.com/nba/2019-free-agency-briefing-kevin-durant/,Traditional Media,Warriors,,,Redemption,Positive,N/A,N/A,0.46575323332255075,Scraped via GoogleNews; classified by VADER + keyword rules,GoogleNews-Scraped + Rule-Based
"Jul 11, 2019",The Mercury News,Report: Kevin Durant forced Warriors to give Nets a first-round pick in sign-and-trade,https://www.mercurynews.com/2019/07/11/report-kevin-durant-forced-warriors-to-give-nets-a-first-round-pick-in-sign-and-trade/,Traditional Media,Warriors,,,Villain Narrative,Positive,N/A,N/A,0.3553654998419556,Scraped via GoogleNews; classified by VADER + keyword rules,GoogleNews-Scraped + Rule-Based
"Feb 7, 2019",Los Angeles Times,LeBron James and Kevin Durant sound off about different free agency matters,https://www.latimes.com/sports/lakers/la-sp-lebron-james-kevin-durant-media-20190207-story.html,Traditional Media,Warriors,,,Social Media Drama,Positive,N/A,N/A,0.29540486494724194,Scraped via GoogleNews; classified by VADER + keyword rules,GoogleNews-Scraped + Rule-Based
"Jan 18, 2019",Blue Man Hoop,Golden State Warriors not ranked as favorite to sign Kevin Durant this summer,https://bluemanhoop.com/2019/01/18/golden-state-warriors-not-ranked-favorite-sign-kevin-duran-summer/,Traditional Media,Warriors,,,Legacy Debate,Positive,N/A,N/A,0.2982685735721618,Scraped via GoogleNews; classified by VADER + keyword rules,GoogleNews-Scraped + Rule-Based
"Feb 9, 2019",Daily Express,NBA news: LA Clippers eye trade deals for both Kevin Durant and Kawhi Leonard,https://www.express.co.uk/sport/othersport/1084726/NBA-news-Kevin-Durant-Kawhi-Leonard-LA-Clippers-trade-latest,Traditional Media,Warriors,,,Superstar,Positive,N/A,N/A,0.34049604030794756,Scraped via GoogleNews; classified by VADER + keyword rules,GoogleNews-Scraped + Rule-Based
"Jun 30, 2019",ESPN,Sources: Warriors finalizing Russell acquisition,https://www.espn.com/nba/story/_/id/27093894/sources-warriors-finalizing-russell-acquisition,Traditional Media,Warriors,,,Superstar,Neutral,N/A,N/A,0.2692146641465314,Scraped via GoogleNews; classified by VADER + keyword rules,GoogleNews-Scraped + Rule-Based
"Jun 16, 2019",Beale Street Bears,Kevin Durant Should Confide in Memphis Grizzlies’ Mike Conley Amid Achilles Injury,https://bealestreetbears.com/2019/06/16/kevin-durant-memphis-grizzlies-mike-conley-achilles-injury/,Traditional Media,Warriors,,,Redemption,Negative,N/A,N/A,0.412721794555169,Scraped via GoogleNews; classified by VADER + keyword rules,GoogleNews-Scraped + Rule-Based
"Jun 26, 2019",The Detroit News,Wednesday's NBA: Kevin Durant declines $31.5M player option,https://www.detroitnews.com/story/sports/nba/2019/06/26/wednesdays-nba-kevin-durant-declines-31-5-m-player-option/1577323001/,Traditional Media,Warriors,,,Superstar,Neutral,N/A,N/A,0.3076584229210099,Scraped via GoogleNews; classified by VADER + keyword rules,GoogleNews-Scraped + Rule-Based
"Jul 11, 2019",TSN,Report: Durant forced GSW to trade first-round pick,https://www.tsn.ca/nba/report-kevin-durant-forced-golden-state-warriors-to-trade-first-round-pick-1.1335999,Traditional Media,Warriors,,,Rising Superstar,Negative,N/A,N/A,0.2630291456243435,Scraped via GoogleNews; classified by VADER + keyword rules,GoogleNews-Scraped + Rule-Based
"Mar 7, 2019",Business Insider,"The Kevin Durant-Kyrie Irving free agency hype is reaching a fever pitch, and the Knicks are heavily involved",https://www.businessinsider.com/kevin-durant-kyrie-irving-free-agency-rumors-knicks-2019-3,Traditional Media,Warriors,,,Villain Narrative,Positive,N/A,N/A,0.29298866643583216,Scraped via GoogleNews; classified by VADER + keyword rules,GoogleNews-Scraped + Rule-Based
"Jul 6, 2019",ESPN,How Kawhi pulled Paul George away from OKC,https://www.espn.com/nba/story/_/id/27130335/how-kawhi-pulled-paul-george-away-okc,Traditional Media,Warriors,,,Rising Superstar,Positive,N/A,N/A,0.2308285847419969,Scraped via GoogleNews; classified by VADER + keyword rules,GoogleNews-Scraped + Rule-Based
"Jun 11, 2019",Section 215,76ers should make surprise push for Kevin Durant if Jimmy Butler leaves,https://section215.com/2019/06/11/philadelphia-76ers-kevin-durant-jimmy-butler-free-agency/,Traditional Media,Warriors,,,Villain Narrative,Positive,N/A,N/A,0.3023817468430142,Scraped via GoogleNews; classified by VADER + keyword rules,GoogleNews-Scraped + Rule-Based
"Feb 16, 2019",USA Today,Kevin Durant glad Kristaps Porzingis 'in a better spot' but stays coy on Knicks speculation,https://www.usatoday.com/story/sports/nba/2019/02/16/kevin-durant-nba-all-star-game-kristaps-porzingis-knicks/2890861002/,Traditional Media,Warriors,,,Superstar,Positive,N/A,N/A,0.30125948523462204,Scraped via GoogleNews; classified by VADER + keyword rules,GoogleNews-Scraped + Rule-Based
"Feb 16, 2019",Basketball Forever,"Kevin Durant: Narrative He Didn't Want To Play With Westbrook 'Ignorant', 'Unfair'",https://basketballforever.com/2019/02/16/kevin-durant-narrative-he-didnt-want-to-play-with-westbrook-ignorant-unfair,Traditional Media,Warriors,,,Social Media Drama,Negative,N/A,N/A,0.3247993578639933,Scraped via GoogleNews; classified by VADER + keyword rules,GoogleNews-Scraped + Rule-Based
"Jul 1, 2019",Sky Sports,Kevin Durant joins Brooklyn Nets on $164m deal along with Kyrie Irving and DeAndre Jordan,https://www.skysports.com/nba/news/36244/11752199/kevin-durant-joins-brooklyn-nets-on-164m-deal-along-with-kyrie-irving-and-deandre-jordan,Traditional Media,Warriors,,,Social Media Drama,Negative,N/A,N/A,0.30653550243945615,Scraped via GoogleNews; classified by VADER + keyword rules,GoogleNews-Scraped + Rule-Based
"May 13, 2019",heavy.com,Knicks Could Trade Zion Williamson to Pair Anthony Davis With Kevin Durant & Kyrie Irving,https://heavy.com/sports/2019/05/ny-knicks-zion-williamson-kevin-durant-kyrie-irving-kd/,Traditional Media,Warriors,,,Rising Superstar,Negative,N/A,N/A,0.2720347744647679,Scraped via GoogleNews; classified by VADER + keyword rules,GoogleNews-Scraped + Rule-Based
"Feb 7, 2019",The Mercury News,"Kurtenbach: Kevin Durant found his voice, but make no mistake — he’s no victim",https://www.mercurynews.com/2019/02/07/kevin-durant-found-his-voice-but-make-no-mistake-hes-no-victim-golden-state-warriors/,Traditional Media,Warriors,,,Superstar,Negative,N/A,N/A,0.2751193827369255,Scraped via GoogleNews; classified by VADER + keyword rules,GoogleNews-Scraped + Rule-Based
"Jan 29, 2019",Daily Express,Kevin Durant makes Anthony Davis admission after trade request and TROLLS Donald Trump,https://www.express.co.uk/sport/othersport/1079214/Kevin-Durant-Anthony-Davis-trade-request-Pelicans-Donald-Trump-US-government-shutdown,Traditional Media,Warriors,,,Social Media Drama,Positive,N/A,N/A,0.276093154154112,Scraped via GoogleNews; classified by VADER + keyword rules,GoogleNews-Scraped + Rule-Based
"Mar 7, 2019",Daily Express,"LeBron James: Kevin Durant and Klay Thompson NOT joining Lakers, THIS player is better",https://www.express.co.uk/sport/othersport/1096795/LeBron-James-Los-Angeles-Lakers-free-agency-trade-Bradley-Beal-Klay-Thompson-Kevin-Durant,Traditional Media,Warriors,,,Rising Superstar,Positive,N/A,N/A,0.36742246314774224,Scraped via GoogleNews; classified by VADER + keyword rules,GoogleNews-Scraped + Rule-Based
"Feb 7, 2019",Sports Illustrated,Kevin Durant Just Wants to Play Basketball. But That’s Not How the NBA Works,https://www.si.com/nba/2019/02/07/kevin-durant-nba-free-agency-knicks-warriors-trade-deadline-kristaps-porzingis,Traditional Media,Warriors,,,Villain Narrative,Negative,N/A,N/A,0.24722658668916483,Scraped via GoogleNews; classified by VADER + keyword rules,GoogleNews-Scraped + Rule-Based
"Jan 31, 2019",Sports Illustrated,The Kristaps Porzingis Trade is All About Kevin Durant for the Knicks,https://www.si.com/nba/2019/01/31/kristaps-porzingis-knicks-mavericks-trade-kevin-durant-2019-nba-free-agency,Traditional Media,Warriors,,,Superstar,Negative,N/A,N/A,0.2858360058199314,Scraped via GoogleNews; classified by VADER + keyword rules,GoogleNews-Scraped + Rule-Based
"Feb 1, 2019",Sports Illustrated,The Porzingis Trade Was Smart—Even If Knicks Fans Are Losing Their Minds,https://www.si.com/nba/2019/02/01/knicks-trade-kristaps-porzingis-free-agency-kevin-durant-rumors,Traditional Media,Warriors,,,Superstar,Positive,N/A,N/A,0.32432352766519834,Scraped via GoogleNews; classified by VADER + keyword rules,GoogleNews-Scraped + Rule-Based
"Jan 25, 2019",Daily Express,"LeBron James: Lakers owner Buss drops Kevin Durant hint, reveals trade deadline plan",https://www.express.co.uk/sport/othersport/1077485/LeBron-James-Los-Angeles-Lakers-Jeanie-Buss-Kevin-Durant-trade-plans-NBA-news,Traditional Media,Warriors,,,Superstar,Positive,N/A,N/A,0.2668605662726682,Scraped via GoogleNews; classified by VADER + keyword rules,GoogleNews-Scraped + Rule-Based
"Jul 12, 2019",Fox Sports,How KD forced Warriors to pay ransom in NBA power move,https://www.foxsports.com.au/basketball/nba/how-kevin-durant-leveraged-the-golden-state-warriors-in-signandtrade-deal-report/news-story/a387fd2f3fe5caa3fbfaf97708b69872,Traditional Media,Warriors,,,Superstar,Positive,N/A,N/A,0.31344697422446743,Scraped via GoogleNews; classified by VADER + keyword rules,GoogleNews-Scraped + Rule-Based
"Mar 12, 2019",Sports Illustrated,"Report: LeBron James, Cavaliers Pursued Kevin Durant After 2016 Finals",https://www.si.com/nba/2019/03/12/lebron-james-recruited-kevin-durant-nba-free-agency-cleveland-cavaliers-2016,Traditional Media,Warriors,,,Villain Narrative,Positive,N/A,N/A,0.3678787383039861,Scraped via GoogleNews; classified by VADER + keyword rules,GoogleNews-Scraped + Rule-Based
"Jul 6, 2019",Business Insider,Kawhi Leonard reportedly impressed NBA superstars with his free agency recruiting and ultimately planted the seeds for the Clippers big summer,https://www.businessinsider.com/kawhi-leonard-recruited-paul-george-kevin-durant-free-agency-clippers-2019-7,Traditional Media,Warriors,,,Villain Narrative,Positive,N/A,N/A,0.3990315934787089,Scraped via GoogleNews; classified by VADER + keyword rules,GoogleNews-Scraped + Rule-Based
"Jul 7, 2019",ClutchPoints,What Longest Tenured Net ‘Hates’ On Kyrie Irving-Kevin Durant Acquisitions,https://clutchpoints.com/nba/brooklyn-nets/nets-news-caris-levert-comments-on-kyrie-irving-kevin-durant-acquisitions-dangelo-russell-trade,Traditional Media,Warriors,,,Superstar,Positive,N/A,N/A,0.26468261139539817,Scraped via GoogleNews; classified by VADER + keyword rules,GoogleNews-Scraped + Rule-Based
"Jan 25, 2019",International Business Times,"NBA Rumors: Kevin Durant Not A Fit For Lakers, Jeanie Buss Hints",https://www.ibtimes.com/nba-rumors-kevin-durant-not-fit-lakers-jeanie-buss-hints-2756058,Traditional Media,Warriors,,,Social Media Drama,Negative,N/A,N/A,0.29465199312102214,Scraped via GoogleNews; classified by VADER + keyword rules,GoogleNews-Scraped + Rule-Based
"Oct 3, 2019",Sky Sports,Golden State Warriors forced to begin new chapter after Kevin Durant exit,https://www.skysports.com/nba/news/36244/11826067/golden-state-warriors-forced-to-begin-new-chapter-after-kevin-durant-exit,Traditional Media,Warriors,,,Rising Superstar,Negative,N/A,N/A,0.3247970219864089,Scraped via GoogleNews; classified by VADER + keyword rules,GoogleNews-Scraped + Rule-Based
"Feb 11, 2019",Basketball Forever,Here Is Every Sign That Kevin Durant Is Going To The Knicks,https://basketballforever.com/2019/02/11/an-endless-list-of-signs-that-kevin-durant-is-heading-to-the-knicks,Traditional Media,Warriors,,,Villain Narrative,Positive,N/A,N/A,0.2900804606340842,Scraped via GoogleNews; classified by VADER + keyword rules,GoogleNews-Scraped + Rule-Based
"Feb 7, 2019",Fox Sports,Silent treatment means KD move ‘has never felt more real’,https://www.foxsports.com.au/basketball/nba/nba-kevin-durants-move-to-new-york-knicks-has-never-felt-more-real-amid-warriors-silent-treatment/news-story/52a5d9e1e62676d8e23685046a0d37bb,Traditional Media,Warriors,,,Superstar,Positive,N/A,N/A,0.2957669938233812,Scraped via GoogleNews; classified by VADER + keyword rules,GoogleNews-Scraped + Rule-Based
"Jun 9, 2019",CBS Sports,"NBA Finals 2019: Warriors' Kevin Durant has a career opportunity in front of him, but also a career to think about",https://www.cbssports.com/nba/news/nba-finals-2019-warriors-kevin-durant-has-a-career-opportunity-in-front-of-him-but-also-a-career-to-think-about/,Traditional Media,Warriors,,,Legacy Debate,Positive,N/A,N/A,0.2674067507220821,Scraped via GoogleNews; classified by VADER + keyword rules,GoogleNews-Scraped + Rule-Based
"Jul 5, 2019",The Mercury News,Kevin Durant’s legacy with Warriors also includes charitable impact,https://www.mercurynews.com/2019/07/05/kevin-durants-legacy-with-warriors-also-includes-charitable-impact/,Traditional Media,Warriors,,,Villain Narrative,Positive,N/A,N/A,0.3046178793391318,Scraped via GoogleNews; classified by VADER + keyword rules,GoogleNews-Scraped + Rule-Based
"Jan 8, 2019",ESPN,Clyde Frazier 'flabbergasted' by response to Kevin Durant criticism,https://www.espn.com/nba/story/_/id/25715147/new-york-knicks-legend-broadcaster-clyde-frazier-shocked-response-kevin-durant-criticism,Traditional Media,Warriors,,,Villain Narrative,Positive,N/A,N/A,0.29012814955356475,Scraped via GoogleNews; classified by VADER + keyword rules,GoogleNews-Scraped + Rule-Based
"May 28, 2019",Elite Sports NY,The New York Knicks Represent Kevin Durant's Immortal NBA Shot,https://elitesportsny.com/2019/05/28/new-york-knicks-represent-kevin-durant-immortal-nba-shot/,Traditional Media,Warriors,,,Superstar,Positive,N/A,N/A,0.34486650175716804,Scraped via GoogleNews; classified by VADER + keyword rules,GoogleNews-Scraped + Rule-Based
"Nov 22, 2019",PR Newswire,"The St. James Announces Kevin Durant MLK Classic, an Elite High School Basketball Showcase Celebrating the Life and Legacy of Dr. Martin Luther King, Jr.",https://www.prnewswire.com/news-releases/the-st-james-announces-kevin-durant-mlk-classic-an-elite-high-school-basketball-showcase-celebrating-the-life-and-legacy-of-dr-martin-luther-king-jr-300963975.html,Traditional Media,Warriors,,,Legacy Debate,Positive,N/A,N/A,0.3309047862959822,Scraped via GoogleNews; classified by VADER + keyword rules,GoogleNews-Scraped + Rule-Based
"Jun 13, 2019",Yahoo Sports,"With Kevin Durant out, Stephen Curry gets his NBA Finals moment",https://sports.yahoo.com/with-kevin-durant-out-stephen-curry-gets-his-nba-finals-moment-150205761.html,Traditional Media,Warriors,,,Superstar,Positive,N/A,N/A,0.24163241045540026,Scraped via GoogleNews; classified by VADER + keyword rules,GoogleNews-Scraped + Rule-Based
"May 2, 2019",The Johns Hopkins News-Letter,There’s more to a legacy than just championships,https://www.jhunewsletter.com/article/2019/05/theres-more-to-a-legacy-than-just-championships,Traditional Media,Warriors,,,Social Media Drama,Negative,N/A,N/A,0.31099233580055824,Scraped via GoogleNews; classified by VADER + keyword rules,GoogleNews-Scraped + Rule-Based
"Apr 11, 2019",The Ringer,"Kevin Durant Has Become the Ultimate Basketball Player, Like Him or Not",https://www.theringer.com/2019/04/11/nba/kevin-durant-ultimate-player,Traditional Media,Warriors,,,Social Media Drama,Positive,N/A,N/A,0.30393642121936243,Scraped via GoogleNews; classified by VADER + keyword rules,GoogleNews-Scraped + Rule-Based
"Jul 1, 2019",USA Today,Ex-teammate Kendrick Perkins: Kevin Durant 'finally got his own team' as face of the Nets,https://www.usatoday.com/story/sports/nba/nets/2019/07/01/nba-free-agency-warriors-miss-kevin-durant-former-teammate-says/1616205001/,Traditional Media,Warriors,,,Villain Narrative,Positive,N/A,N/A,0.2850457657742142,Scraped via GoogleNews; classified by VADER + keyword rules,GoogleNews-Scraped + Rule-Based
"Jun 26, 2019",Los Angeles Times,Kevin Durant could end up playing for the Clippers,https://www.latimes.com/sports/nba/la-sp-kevin-durant-free-agent-clippers-20190626-story.html,Traditional Media,Warriors,,,Superstar,Positive,N/A,N/A,0.3062096164783611,Scraped via GoogleNews; classified by VADER + keyword rules,GoogleNews-Scraped + Rule-Based
"Mar 1, 2019",Basketball Forever,Kevin Durant: 'The NBA Is Never Going To Fulfil Me',https://basketballforever.com/2019/03/01/kevin-durant-the-nba-is-never-going-to-fulfil-me,Traditional Media,Warriors,,,Villain Narrative,Positive,N/A,N/A,0.35980552224604956,Scraped via GoogleNews; classified by VADER + keyword rules,GoogleNews-Scraped + Rule-Based
"Apr 20, 2019",Per Sources,Russell Westbrook Must Change The Narrative On His Legacy,https://www.persources.com/russell-westbrook-legacy/,Traditional Media,Warriors,,,Villain Narrative,Negative,N/A,N/A,0.4893219820901368,Scraped via GoogleNews; classified by VADER + keyword rules,GoogleNews-Scraped + Rule-Based
"Jun 4, 2019",ESPN,Kevin Durant Biography,https://www.espn.com/nba/player/bio/_/id/3202/kevin-durant,Traditional Media,Warriors,,,Rising Superstar,Neutral,N/A,N/A,0.2633099403762399,Scraped via GoogleNews; classified by VADER + keyword rules,GoogleNews-Scraped + Rule-Based
"May 28, 2019",San Francisco Chronicle,Warriors’ Stephen Curry needs NBA Finals MVP stamp on his legacy,https://www.sfchronicle.com/sports/ostler/article/Warriors-Stephen-Curry-needs-NBA-Finals-MVP-13899250.php,Traditional Media,Warriors,,,Legacy Debate,Positive,N/A,N/A,0.4029268398034281,Scraped via GoogleNews; classified by VADER + keyword rules,GoogleNews-Scraped + Rule-Based
"Nov 6, 2019",ESPN,Steph Curry's place among all-time NBA greats is still being worked out,https://www.espn.com/nba/story/_/id/28016274/steph-curry-place-all-nba-greats-being-worked-out,Traditional Media,Warriors,,,Redemption,Positive,N/A,N/A,0.25294896887223306,Scraped via GoogleNews; classified by VADER + keyword rules,GoogleNews-Scraped + Rule-Based
"Oct 9, 2019",CBS Sports,Kevin Durant offers reason why Knicks don't land key free agents: They are 'not as cool' to younger players right now,https://www.cbssports.com/nba/news/kevin-durant-offers-reason-why-knicks-dont-land-key-free-agents-they-are-not-as-cool-to-younger-players-right-now/,Traditional Media,Warriors,,,Rising Superstar,Negative,N/A,N/A,0.31479466573097437,Scraped via GoogleNews; classified by VADER + keyword rules,GoogleNews-Scraped + Rule-Based
"May 4, 2019",Elite Sports NY,It’s Kevin Durant’s NBA and everyone else is just participating,https://elitesportsny.com/2019/05/04/its-kevin-durants-nba-everyone-else-is-just-participating/,Traditional Media,Warriors,,,Social Media Drama,Positive,N/A,N/A,0.4070781158087981,Scraped via GoogleNews; classified by VADER + keyword rules,GoogleNews-Scraped + Rule-Based
"Dec 30, 2019",Forbes,"Jay Williams Talks ‘Boardroom’ Show, Legacy Of Jordan Versus LeBron",https://www.forbes.com/sites/andyfrye/2020/12/30/jay-williams-talks-boardroom-show-legacy-of-jordan-versus-lebron/,Traditional Media,Warriors,,,Legacy Debate,Neutral,N/A,N/A,0.34988977423712625,Scraped via GoogleNews; classified by VADER + keyword rules,GoogleNews-Scraped + Rule-Based
"May 26, 2019",Per Sources,KD Should Leave Golden State This Summer,https://www.persources.com/kd-leave-golden-state/,Traditional Media,Warriors,,,Villain Narrative,Positive,N/A,N/A,0.39112253515636863,Scraped via GoogleNews; classified by VADER + keyword rules,GoogleNews-Scraped + Rule-Based
"Apr 19, 2019",OKC Thunder Wire,Lowe: Westbrook 'has to start winning in the playoffs' for his legacy,https://okcthunderwire.usatoday.com/2019/04/19/okc-thunder-russell-westbrook-playoff-success-legacy-zach-lowe-podcast/?utm_source=smg&utm_medium=wasabi&utm_content=recirc-manual-related/,Traditional Media,Warriors,,,Villain Narrative,Positive,N/A,N/A,0.38532721008275955,Scraped via GoogleNews; classified by VADER + keyword rules,GoogleNews-Scraped + Rule-Based
"Feb 18, 2019",Boston Herald,Kyrie Irving reflects on legacy after 6th All-Star appearance,https://www.bostonherald.com/2019/02/18/kyrie-irving-reflects-on-legacy-after-6th-all-star-appearance/,Traditional Media,Warriors,,,Legacy Debate,Positive,N/A,N/A,0.2586890441330605,Scraped via GoogleNews; classified by VADER + keyword rules,GoogleNews-Scraped + Rule-Based
"May 27, 2019",Daily Express,Kevin Durant to Knicks: Warriors star told to leave because of Steph Curry,https://www.express.co.uk/sport/othersport/1131893/Kevin-Durant-New-York-Knicks-Golden-State-Warriors-NBA-free-agency,Traditional Media,Warriors,,,Villain Narrative,Positive,N/A,N/A,0.31160562803033004,Scraped via GoogleNews; classified by VADER + keyword rules,GoogleNews-Scraped + Rule-Based
"May 24, 2019",The New York Times,Steph Curry’s undeniable legacy and his chance to join the NBA’s Mount Rushmore,https://www.nytimes.com/athletic/993869/2019/05/24/steph-currys-undeniable-legacy-and-his-chance-to-join-the-nbas-mount-rushmore/,Traditional Media,Warriors,,,Legacy Debate,Positive,N/A,N/A,0.2290073968074256,Scraped via GoogleNews; classified by VADER + keyword rules,GoogleNews-Scraped + Rule-Based
"Jun 14, 2019",The Week,Warriors' loss to Raptors is the end of an NBA era,https://theweek.com/articles/846419/end-nba-era,Traditional Media,Warriors,,,Superstar,Positive,N/A,N/A,0.2561809552545988,Scraped via GoogleNews; classified by VADER + keyword rules,GoogleNews-Scraped + Rule-Based
"Jun 4, 2019",Business Insider,The futures of Kevin Durant and Kawhi Leonard seem to be hanging on every twist and turn of the NBA Finals,https://www.businessinsider.com/kevin-durant-kawhi-leonard-free-agency-nba-finals-2019-6,Traditional Media,Warriors,,,Superstar,Positive,N/A,N/A,0.3760539352973169,Scraped via GoogleNews; classified by VADER + keyword rules,GoogleNews-Scraped + Rule-Based
"May 14, 2019",Hardwood Houdini,Kyrie’s decision will have a huge impact on his legacy,https://hardwoodhoudini.com/2019/05/14/kyries-decision-will-huge-impact-legacy/,Traditional Media,Warriors,,,Villain Narrative,Negative,N/A,N/A,0.26788800325221807,Scraped via GoogleNews; classified by VADER + keyword rules,GoogleNews-Scraped + Rule-Based
"Sep 9, 2019",CBS Sports,Russell Westbrook's fresh start with Rockets could determine his legacy after falling short of NBA title with Thunder,https://www.cbssports.com/nba/news/russell-westbrooks-fresh-start-with-rockets-could-determine-his-legacy-after-falling-short-of-nba-title-with-thunder/,Traditional Media,Warriors,,,Villain Narrative,Positive,N/A,N/A,0.4738613821825608,Scraped via GoogleNews; classified by VADER + keyword rules,GoogleNews-Scraped + Rule-Based
"Feb 15, 2019",New York Daily News,Rick Barry thinks Kevin Durant would be nuts to leave Warriors for Knicks,https://www.nydailynews.com/2019/02/15/rick-barry-thinks-kevin-durant-would-be-nuts-to-leave-warriors-for-knicks/,Traditional Media,Warriors,,,Villain Narrative,Positive,N/A,N/A,0.3152705748786783,Scraped via GoogleNews; classified by VADER + keyword rules,GoogleNews-Scraped + Rule-Based
"Apr 10, 2019",The Forest Scout,Has LeBron James Negatively Impacted His Legacy?,https://theforestscout.com/16964/in-between-the-lines/does-lebron-james-missing-the-nba-playoffs-this-year-negatively-impact-his-legacy/,Traditional Media,Warriors,,,Rising Superstar,Positive,N/A,N/A,0.3983635387869252,Scraped via GoogleNews; classified by VADER + keyword rules,GoogleNews-Scraped + Rule-Based
"Apr 2, 2019",Fadeaway World,3 Reasons Why Kevin Durant Will Not Join LeBron And The Lakers This Summer,https://fadeawayworld.net/reasons-why-kevin-durant-will-not-join-lebron-and-the-lakers-this-summer,Traditional Media,Warriors,,,Rising Superstar,Negative,N/A,N/A,0.32020844226110806,Scraped via GoogleNews; classified by VADER + keyword rules,GoogleNews-Scraped + Rule-Based
"Mar 4, 2019",HoopsHype,"Hall of Famer Earl Monroe on his legacy, recruiting stars to Knicks and more",https://www.hoopshype.com/story/sports/nba/2019/03/04/nba-rumors-knicks-new-york-earl-pearl-monroe-durant-kyrie-irving-zion-draft-legacy/82921530007/,Traditional Media,Warriors,,,Legacy Debate,Positive,N/A,N/A,0.29609351246082605,Scraped via GoogleNews; classified by VADER + keyword rules,GoogleNews-Scraped + Rule-Based
"Jun 29, 2019",Hartford Courant,"As Kemba Walker approaches NBA free agency, championships, legacy and money are all a part of the stakes",https://www.courant.com/2019/06/29/as-kemba-walker-approaches-nba-free-agency-championships-legacy-and-money-are-all-a-part-of-the-stakes/,Traditional Media,Warriors,,,Legacy Debate,Positive,N/A,N/A,0.21423325629497764,Scraped via GoogleNews; classified by VADER + keyword rules,GoogleNews-Scraped + Rule-Based
"Jun 4, 2019",The Mercury News,Steph Curry with thoughtful response on his legacy and jealousy among his peers,https://www.mercurynews.com/2019/06/04/steph-curry-with-thoughtful-response-on-his-legacy-and-jealousy-among-his-peers/,Traditional Media,Warriors,,,Legacy Debate,Positive,N/A,N/A,0.2310004965753185,Scraped via GoogleNews; classified by VADER + keyword rules,GoogleNews-Scraped + Rule-Based
"Jun 8, 2019",New York Post,NBA Finals: Kawhi Leonard's tale makes him one of a kind,https://nypost.com/2019/06/08/kawhi-leonards-nba-finals-tale-makes-him-one-of-a-kind/,Traditional Media,Warriors,,,Legacy Debate,Positive,N/A,N/A,0.2807049430626471,Scraped via GoogleNews; classified by VADER + keyword rules,GoogleNews-Scraped + Rule-Based
"Jun 28, 2019",USA Today,Kevin Durant free agency: The case for staying with the Warriors,https://ftw.usatoday.com/story/sports/nba/2019/06/28/nba-rumors-kevin-durant-warriors/81614181007/,Traditional Media,Warriors,,,Redemption,Positive,N/A,N/A,0.22959101227015205,Scraped via GoogleNews; classified by VADER + keyword rules,GoogleNews-Scraped + Rule-Based
"Dec 12, 2019",Complex,Nike Confirms Release Date for the 'Aunt Pearl' KD 12,https://www.complex.com/sneakers/a/riley-jones/nike-kd-12-aunt-pearl-release-date,Traditional Media,Warriors,,,Redemption,Negative,N/A,N/A,0.35567989989322735,Scraped via GoogleNews; classified by VADER + keyword rules,GoogleNews-Scraped + Rule-Based
"Dec 26, 2019",Andscape,Can new Knicks carry on the Puma legacy started by Clyde?,https://andscape.com/features/can-knicks-rj-barrett-kevin-knox-carry-on-puma-legacy-started-by-clyde-frazier/,Traditional Media,Warriors,,,Rising Superstar,Positive,N/A,N/A,0.38604801505114905,Scraped via GoogleNews; classified by VADER + keyword rules,GoogleNews-Scraped + Rule-Based
"Aug 16, 2019",Sports Illustrated,Mikhail Prokhorov Leaves a Complicated Legacy With the Nets,https://www.si.com/nba/2019/08/16/mikhail-prokhorov-brooklyn-nets-sale-owner-joseph-tsai-sean-marks,Traditional Media,Warriors,,,Villain Narrative,Negative,N/A,N/A,0.24823437093791298,Scraped via GoogleNews; classified by VADER + keyword rules,GoogleNews-Scraped + Rule-Based
"May 29, 2019",USA Today,"Opinion: Kevin Durant is all of us on social media, and he should never stop",https://www.usatoday.com/story/sports/columnist/dan-wolken/2019/05/29/kevin-durant-social-media-warriors-raptors-nba-finals/1274693001/,Traditional Media,Warriors,,,Superstar,Positive,N/A,N/A,0.25073038906059136,Scraped via GoogleNews; classified by VADER + keyword rules,GoogleNews-Scraped + Rule-Based
"Mar 15, 2019",SFGATE,Kevin Durant finally reveals why he had a burner social media account,https://www.sfgate.com/warriors/article/Kevin-Durant-burner-social-media-accounts-ESPN-13692834.php,Traditional Media,Warriors,,,Social Media Drama,Positive,N/A,N/A,0.3605806539162386,Scraped via GoogleNews; classified by VADER + keyword rules,GoogleNews-Scraped + Rule-Based
"Mar 15, 2019",ESPN,Durant opens up about infamous Twitter burner account,https://www.espn.com/video/clip/_/id/26272130,Traditional Media,Warriors,,,Social Media Drama,Positive,N/A,N/A,0.298116977066078,Scraped via GoogleNews; classified by VADER + keyword rules,GoogleNews-Scraped + Rule-Based
"Feb 11, 2019",ESPN Press Room,ESPN+ Exclusive: Kevin Durant’s Thirty Five Ventures and ESPN Present The Boardroom,https://espnpressroom.com/us/press-releases/2019/02/espn-exclusive-kevin-durants-thirty-five-ventures-and-espn-present-the-boardroom/,Traditional Media,Warriors,,,Superstar,Positive,N/A,N/A,0.4058791277046728,Scraped via GoogleNews; classified by VADER + keyword rules,GoogleNews-Scraped + Rule-Based
"Mar 14, 2019",Forbes,"Kevin Durant Dishes On McCollum Beef, Twitter Burner Accounts In Latest ‘Boardroom’ Episode",https://www.forbes.com/sites/kurtbadenhausen/2019/03/14/kevin-durant-dishes-on-twitter-burner-accounts-mccollum-beef-in-latest-boardroom-episode/,Traditional Media,Warriors,,,Social Media Drama,Negative,N/A,N/A,0.32914097677562715,Scraped via GoogleNews; classified by VADER + keyword rules,GoogleNews-Scraped + Rule-Based
"Jun 13, 2019",ABC7 San Francisco,Golden State Warriors' Klay Thompson writes touching Instagram tribute to Kevin Durant,https://abc7news.com/post/klay-thompson-writes-touching-tribute-to-kevin-durant/5345455/,Traditional Media,Warriors,,,Social Media Drama,Positive,N/A,N/A,0.2482801381623039,Scraped via GoogleNews; classified by VADER + keyword rules,GoogleNews-Scraped + Rule-Based
"May 24, 2019",San Francisco Chronicle,Warriors forward Kevin Durant explains why he’s been so active on social media,https://www.sfchronicle.com/warriors/article/Warriors-Kevin-Durant-explains-why-he-s-been-13895841.php,Traditional Media,Warriors,,,Social Media Drama,Negative,N/A,N/A,0.3307004749097077,Scraped via GoogleNews; classified by VADER + keyword rules,GoogleNews-Scraped + Rule-Based
"May 24, 2019",azcentral.com and The Arizona Republic,Phoenix family knows there's more to Kevin Durant's social media than feuds with trolls,https://www.azcentral.com/story/sports/nba/suns/2019/05/24/kevin-durant-social-media-feud-troll-phoenix-down-syndrome/1229501001/,Traditional Media,Warriors,,,Social Media Drama,Negative,N/A,N/A,0.29944443357154543,Scraped via GoogleNews; classified by VADER + keyword rules,GoogleNews-Scraped + Rule-Based
"Sep 24, 2019",NBC Sports Bay Area & California,Warriors' Draymond Green calls out Kevin Durant's brother on Instagram,https://www.nbcsportsbayarea.com/nba/golden-state-warriors/warriors-draymond-green-calls-out-kevin-durants-brother-on-instagram/1367461/,Traditional Media,Warriors,,,Social Media Drama,Positive,N/A,N/A,0.462674715909885,Scraped via GoogleNews; classified by VADER + keyword rules,GoogleNews-Scraped + Rule-Based
"Jun 11, 2019",Yahoo Sports,"Players, social media react to Raptors fans cheering Kevin Durant injury in Game 5",https://sports.yahoo.com/nba-finals-kevin-durant-injury-game-5-fans-cheering-toronto-raptors-reactions-024600888.html,Traditional Media,Warriors,,,Social Media Drama,Negative,N/A,N/A,0.287826028938431,Scraped via GoogleNews; classified by VADER + keyword rules,GoogleNews-Scraped + Rule-Based
"Jun 11, 2019",People.com,Drake Posts Tribute to Golden State Warriors' Kevin Durant After Injury: 'My Only Concern',https://people.com/sports/drake-posts-tribute-to-kevin-durant-injury/,Traditional Media,Warriors,,,Social Media Drama,Negative,N/A,N/A,0.3568789026846696,Scraped via GoogleNews; classified by VADER + keyword rules,GoogleNews-Scraped + Rule-Based
"Jun 7, 2019",SFGATE,Kevin Durant is freaking people out on Instagram again,https://www.sfgate.com/warriors/article/Kevin-Durant-Instagram-free-agency-injury-return-13961383.php,Traditional Media,Warriors,,,Social Media Drama,Negative,N/A,N/A,0.3059515569112137,Scraped via GoogleNews; classified by VADER + keyword rules,GoogleNews-Scraped + Rule-Based
"Mar 15, 2019",USA Today,Kevin Durant explains why he created burner accounts on social media,https://ftw.usatoday.com/story/sports/nba/2019/03/15/kevin-durant-burner-account/81646259007/,Traditional Media,Warriors,,,Social Media Drama,Positive,N/A,N/A,0.3724685881872529,Scraped via GoogleNews; classified by VADER + keyword rules,GoogleNews-Scraped + Rule-Based
"Jun 4, 2019",USA Today,Charles Barkley: Kevin Durant doesn't have 'the mental makeup to play in New York',https://www.usatoday.com/story/sports/nba/warriors/2019/06/04/kevin-durant-free-agency-advice-from-charles-barkley/1347053001/,Traditional Media,Warriors,,,Redemption,Positive,N/A,N/A,0.328236102660553,Scraped via GoogleNews; classified by VADER + keyword rules,GoogleNews-Scraped + Rule-Based
"Mar 15, 2019",NBC Sports Bay Area & California,Kevin Durant explains origin of burner account and why he created it,https://www.nbcsportsbayarea.com/nba/golden-state-warriors/kevin-durant-explains-origin-of-burner-account-and-why-he-created-it/1354287/,Traditional Media,Warriors,,,Social Media Drama,Negative,N/A,N/A,0.38515886078086636,Scraped via GoogleNews; classified by VADER + keyword rules,GoogleNews-Scraped + Rule-Based
"May 20, 2019",The Mercury News,‘Lemme chill’: Warriors’ Kevin Durant heeds jesting call to ‘calm down’ after social media dustup,https://www.mercurynews.com/2019/05/20/lemme-chill-warriors-kevin-durant-heeds-jesting-call-to-calm-down-after-social-media-dustup/,Traditional Media,Warriors,,,Rising Superstar,Negative,N/A,N/A,0.30697773637466685,Scraped via GoogleNews; classified by VADER + keyword rules,GoogleNews-Scraped + Rule-Based
"Apr 2, 2019",San Francisco Chronicle,"Draymond Green, Stephen Curry and Kevin Durant fined for criticizing refs",https://www.sfchronicle.com/warriors/article/Draymond-Green-Stephen-Curry-and-Kevin-Durant-13736011.php,Traditional Media,Warriors,,,Social Media Drama,Negative,N/A,N/A,0.26220888841283574,Scraped via GoogleNews; classified by VADER + keyword rules,GoogleNews-Scraped + Rule-Based
"Apr 2, 2019",The Guardian,'They're amazingly isolated': is social media making NBA players miserable?,https://www.theguardian.com/sport/2019/apr/02/nba-players-social-media-twitter-instagram,Traditional Media,Warriors,,,Social Media Drama,Negative,N/A,N/A,0.419128669757943,Scraped via GoogleNews; classified by VADER + keyword rules,GoogleNews-Scraped + Rule-Based
"May 20, 2019",The Mercury News,Kevin Durant blasts fan who was innocently celebrating the Warriors’ Game 3 victory,https://www.mercurynews.com/2019/05/20/kevin-durant-blasts-fan-who-was-innocently-celebrating-the-warriors-game-3-victory/,Traditional Media,Warriors,,,Redemption,Positive,N/A,N/A,0.27075064769375823,Scraped via GoogleNews; classified by VADER + keyword rules,GoogleNews-Scraped + Rule-Based
"Sep 10, 2019",12up.com,Kevin Durant is Once Again Arguing With Fans on Twitter Because He Can't Handle Criticism,https://www.12up.com/posts/kevin-durant-is-once-again-arguing-with-fans-on-twitter-because-he-can-t-handle-criticism-01dme5s2q1h8,Traditional Media,Warriors,,,Social Media Drama,Neutral,N/A,N/A,0.28325018004798885,Scraped via GoogleNews; classified by VADER + keyword rules,GoogleNews-Scraped + Rule-Based
"Jun 30, 2019",New York Post,"Nets blow up the NBA with Durant, Irving heist: ‘Paradigm shift’",https://nypost.com/2019/06/30/nets-kevin-durant-kyrie-irving-fantasy-is-happening/,Traditional Media,Warriors,,,Social Media Drama,Neutral,N/A,N/A,0.3193128469994701,Scraped via GoogleNews; classified by VADER + keyword rules,GoogleNews-Scraped + Rule-Based
"Mar 5, 2019",heavy.com,Kevin Durant’s Bald Spot Has Twitter Pulling No Punches on Warriors Star,https://heavy.com/sports/2019/03/kevin-durant-bald-spot-warriors-twitter/,Traditional Media,Warriors,,,Social Media Drama,Positive,N/A,N/A,0.300189332752786,Scraped via GoogleNews; classified by VADER + keyword rules,GoogleNews-Scraped + Rule-Based
"Mar 21, 2019",revolt.tv,"Kevin Durant's ""adopted brother"" Cliff Dixon shot and killed in Atlanta",https://www.revolt.tv/article/2019-03-21/94793/kevin-durants-adopted-brother-cliff-dixon-shot-and-killed-in-atlanta,Traditional Media,Warriors,,,Superstar,Negative,N/A,N/A,0.28515748333341484,Scraped via GoogleNews; classified by VADER + keyword rules,GoogleNews-Scraped + Rule-Based
"Jun 2, 2019",The Hollywood Reporter,Macaulay Culkin Responds to Drake Trolling Kevin Durant With ‘Home Alone’ Hoodie,https://www.hollywoodreporter.com/tv/tv-news/macaulay-culkin-responds-drake-trolling-kevin-durant-home-alone-hoodie-1215112/,Traditional Media,Warriors,,,Redemption,Neutral,N/A,N/A,0.3259566983705347,Scraped via GoogleNews; classified by VADER + keyword rules,GoogleNews-Scraped + Rule-Based
"May 31, 2019",E! News,"Watch Ben Simmons, Kevin Durant and More NBA Stars Read Mean Tweets",https://www.eonline.com/news/1045808/watch-ben-simmons-kevin-durant-and-more-nba-stars-read-mean-tweets,Traditional Media,Warriors,,,Social Media Drama,Positive,N/A,N/A,0.254590887351495,Scraped via GoogleNews; classified by VADER + keyword rules,GoogleNews-Scraped + Rule-Based
"Jun 12, 2019",New York Post,Kevin Durant confirms ruptured Achilles: ‘Road back starts now’,https://nypost.com/2019/06/12/kevin-durant-confirms-ruptured-achilles-road-back-starts-now/,Traditional Media,Warriors,,,Social Media Drama,Neutral,N/A,N/A,0.2490124031831238,Scraped via GoogleNews; classified by VADER + keyword rules,GoogleNews-Scraped + Rule-Based
"May 11, 2019",Sky Sports,Kevin Durant takes to Instagram to celebrate Golden State Warriors series win,https://www.skysports.com/basketball/news/36244/11716788/kevin-durant-takes-to-instagram-to-celebrate-golden-state-warriors-series-win,Traditional Media,Warriors,,,Social Media Drama,Positive,N/A,N/A,0.3713720455182375,Scraped via GoogleNews; classified by VADER + keyword rules,GoogleNews-Scraped + Rule-Based
"Jun 28, 2019",The Mercury News,Why Kevin Durant is no longer most hated player in NBA,https://www.mercurynews.com/2019/06/28/why-kevin-durant-is-no-longer-most-hated-player-in-nba/,Traditional Media,Warriors,,,Villain Narrative,Negative,N/A,N/A,0.40113834386644986,Scraped via GoogleNews; classified by VADER + keyword rules,GoogleNews-Scraped + Rule-Based
"Jun 12, 2019",Orange County Register,Warriors’ Kevin Durant undergoes surgery for ruptured Achilles,https://www.ocregister.com/warriors-kevin-durant-undergoes-surgery-for-ruptured-achilles/,Traditional Media,Warriors,,,Social Media Drama,Negative,N/A,N/A,0.27464328163164886,Scraped via GoogleNews; classified by VADER + keyword rules,GoogleNews-Scraped + Rule-Based
"Jun 11, 2019",New York Post,Drake’s Kevin Durant emotion didn’t end on the court,https://nypost.com/2019/06/11/drakes-kevin-durant-emotion-didnt-end-on-the-court/,Traditional Media,Warriors,,,Social Media Drama,Positive,N/A,N/A,0.2828620047333468,Scraped via GoogleNews; classified by VADER + keyword rules,GoogleNews-Scraped + Rule-Based
"Mar 22, 2019",Oxygen Official Site,Kevin Durant’s ‘Adopted Brother’ Shot And Killed Outside Of His Birthday Party At Georgia Nightclub,https://www.oxygen.com/crime-time/kevin-durants-adopted-brother-clifford-dixon-killed-outside-nightclub-birthday-party,Traditional Media,Warriors,,,Rising Superstar,Negative,N/A,N/A,0.2779655896284689,Scraped via GoogleNews; classified by VADER + keyword rules,GoogleNews-Scraped + Rule-Based
"Apr 2, 2019",CBS Sports,"Warriors' Stephen Curry, Kevin Durant, and Draymond Green fined by NBA for criticizing officials",https://www.cbssports.com/nba/news/warriors-stephen-curry-kevin-durant-and-draymond-green-fined-by-nba-for-criticizing-officials/,Traditional Media,Warriors,,,Superstar,Negative,N/A,N/A,0.353798116466353,Scraped via GoogleNews; classified by VADER + keyword rules,GoogleNews-Scraped + Rule-Based
"May 23, 2019",USA Today,Ranking Kevin Durant's most ridiculous online feuds,https://ftw.usatoday.com/story/sports/nba/2019/05/23/kevin-durant-online-feuds-ranked/81624883007/,Traditional Media,Warriors,,,Social Media Drama,Negative,N/A,N/A,0.27806735510152925,Scraped via GoogleNews; classified by VADER + keyword rules,GoogleNews-Scraped + Rule-Based
"Jun 11, 2019",The Globe and Mail,"Raptors fans’ cheers after Kevin Durant injury ‘overstated,’ Toronto mayor says",https://www.theglobeandmail.com/sports/basketball/article-raptors-fans-cheers-after-kevin-durant-injury-overstated-toronto/,Traditional Media,Warriors,,,Redemption,Positive,N/A,N/A,0.3348881690518119,Scraped via GoogleNews; classified by VADER + keyword rules,GoogleNews-Scraped + Rule-Based
"Jun 12, 2019",Sportsnet,Warriors’ Kevin Durant undergoes surgery for ruptured Achilles tendon,https://www.sportsnet.ca/basketball/nba/warriors-kevin-durant-undergoes-surgery-ruptured-achilles-tendon/,Traditional Media,Warriors,,,Social Media Drama,Negative,N/A,N/A,0.28814960280418667,Scraped via GoogleNews; classified by VADER + keyword rules,GoogleNews-Scraped + Rule-Based
"Jun 10, 2019",heavy.com,Drake’s Warriors Tattoos & Lyrics a Nod to Kevin Durant-Steph Curry Duo,https://heavy.com/sports/2019/06/drake-warriors-tattoos-kevin-durant-steph-curry-lyrics/,Traditional Media,Warriors,,,Social Media Drama,Positive,N/A,N/A,0.40783005192286903,Scraped via GoogleNews; classified by VADER + keyword rules,GoogleNews-Scraped + Rule-Based
"Jul 26, 2019",BroBible,Kevin Durant Gets Called Out By Rapper Kala Kalico For Allegedly Sliding Into Her DMs,https://brobible.com/sports/article/kevin-durant-kala-kalico-sliding-into-dms/,Traditional Media,Warriors,,,Social Media Drama,Positive,N/A,N/A,0.3175692465532781,Scraped via GoogleNews; classified by VADER + keyword rules,GoogleNews-Scraped + Rule-Based
"Jun 2, 2019",heavy.com,Drake’s Warriors Tattoos: Arm Band Confirms Steph Curry & Kevin Durant Ink,https://heavy.com/sports/2019/06/drake-warriors-tattoos-kevin-durant-steph-curry-tats-photos/,Traditional Media,Warriors,,,Superstar,Positive,N/A,N/A,0.2371813703062692,Scraped via GoogleNews; classified by VADER + keyword rules,GoogleNews-Scraped + Rule-Based
"Jun 28, 2019",TMZ,Kevin Durant Emerges In NYC with Bandaged Leg and Medical Scooter,https://www.tmz.com/2019/06/27/kevin-durant-injury-contract-video-cast-bandage-leg-scooter/,Traditional Media,Warriors,,,Redemption,Negative,N/A,N/A,0.30394000408013855,Scraped via GoogleNews; classified by VADER + keyword rules,GoogleNews-Scraped + Rule-Based
"Jun 2, 2019",CityNews Toronto,Drake turns trolling sights on injured Warriors star Kevin Durant,https://toronto.citynews.ca/2019/06/02/drake-turns-trolling-sights-on-injured-warriors-star-kevin-durant/,Traditional Media,Warriors,,,Social Media Drama,Negative,N/A,N/A,0.2159552879673592,Scraped via GoogleNews; classified by VADER + keyword rules,GoogleNews-Scraped + Rule-Based
"Mar 21, 2019",theJasmineBRAND,Kevin Durant’s Mother Reacts To Cliff Dixon’s Death: Our Family Was An Extension of His,https://thejasminebrand.com/2019/03/21/kevin-durants-mother-reacts-to-cliff-dixons-death-our-family-was-an-extension-of-his/,Traditional Media,Warriors,,,Superstar,Negative,N/A,N/A,0.45376661349039266,Scraped via GoogleNews; classified by VADER + keyword rules,GoogleNews-Scraped + Rule-Based
"Jun 15, 2020",Philadelphia Union,Kevin Durant Joins the Philadelphia Union As Investor and Community Partner,https://www.philadelphiaunion.com/news/kevin-durant-joins-philadelphia-union-investor-and-community-partner,Traditional Media,Nets,,,Superstar,Neutral,N/A,N/A,0.24068415152627967,Scraped via GoogleNews; classified by VADER + keyword rules,GoogleNews-Scraped + Rule-Based
"Dec 9, 2020",ESPN,Kevin Durant 'ready for anything' as first Brooklyn Nets games draw near in 2020-21 NBA season,https://www.espn.com/nba/story/_/id/30484825/kevin-durant-brooklyn-nets-expects-play-some-small-forward-center,Traditional Media,Nets,,,Superstar,Positive,N/A,N/A,0.2529658583990303,Scraped via GoogleNews; classified by VADER + keyword rules,GoogleNews-Scraped + Rule-Based
"Dec 13, 2020",Yahoo Sports,"Kevin Durant shines in return from Achilles injury, throws down dunk just seconds into debut",https://sports.yahoo.com/brooklyn-nets-kevin-durant-return-wizards-achilles-injury-kyrie-irving-steve-nash-001412587.html,Traditional Media,Nets,,,Redemption,Negative,N/A,N/A,0.2977050073080602,Scraped via GoogleNews; classified by VADER + keyword rules,GoogleNews-Scraped + Rule-Based
"Dec 2, 2020",CBS Sports,"Nets coach Steve Nash on how to manage Kevin Durant, Kyrie Irving after injuries: 'We have to be careful'",https://www.cbssports.com/nba/news/nets-coach-steve-nash-on-how-to-manage-kevin-durant-kyrie-irving-after-injuries-we-have-to-be-careful/,Traditional Media,Nets,,,Redemption,Positive,N/A,N/A,0.36931838238140224,Scraped via GoogleNews; classified by VADER + keyword rules,GoogleNews-Scraped + Rule-Based
"Sep 28, 2020",NetsDaily,"A look at Kevin Durant’s investments which are doing quite well, thank you very much",https://www.netsdaily.com/2020/9/28/21458407/a-look-at-kevin-durants-investments-which-are-doing-quite-well-thank-you-very-much,Traditional Media,Nets,,,Social Media Drama,Positive,N/A,N/A,0.23112040072211376,Scraped via GoogleNews; classified by VADER + keyword rules,GoogleNews-Scraped + Rule-Based
"Feb 18, 2020",TODAY.com,Kevin Durant's mom tearfully shares how her son 'saved' her life,https://www.today.com/video/kevin-durant-s-mom-chats-golden-state-warriors-and-his-injury-78928453530,Traditional Media,Nets,,,Social Media Drama,Positive,N/A,N/A,0.37016143354114367,Scraped via GoogleNews; classified by VADER + keyword rules,GoogleNews-Scraped + Rule-Based
"Dec 1, 2020",2K Newsroom,NBA® 2K Inks First of its Kind Partnership with Kevin Durant,https://newsroom.2k.com/news/nbar-2k-inks-first-of-its-kind-partnership-with-kevin-durant,Traditional Media,Nets,,,Superstar,Positive,N/A,N/A,0.4051507260138948,Scraped via GoogleNews; classified by VADER + keyword rules,GoogleNews-Scraped + Rule-Based
"Sep 10, 2020",ESPN,Nets' Kevin Durant 'excited' to be coached by Steve Nash,https://www.espn.com/nba/story/_/id/29854678/nets-kevin-durant-excited-coached-steve-nash,Traditional Media,Nets,,,Superstar,Positive,N/A,N/A,0.289842576225514,Scraped via GoogleNews; classified by VADER + keyword rules,GoogleNews-Scraped + Rule-Based
"May 4, 2020",CBS Sports,Kevin Durant injury update: Nets GM Sean Marks doesn't rule out K.D.'s return should the season resume,https://www.cbssports.com/nba/news/kevin-durant-injury-update-nets-gm-sean-marks-doesnt-rule-out-k-d-s-return-should-the-season-resume/,Traditional Media,Nets,,,Redemption,Negative,N/A,N/A,0.3468584425473054,Scraped via GoogleNews; classified by VADER + keyword rules,GoogleNews-Scraped + Rule-Based
"Jun 5, 2020",ESPN,Kevin Durant rules himself out for remainder of 2019-20 season: 'Best for me to wait',https://www.espn.com/nba/story/_/id/29273001/kevin-durant-rules-remainder-2019-20-season-best-wait,Traditional Media,Nets,,,Redemption,Positive,N/A,N/A,0.28051326136152865,Scraped via GoogleNews; classified by VADER + keyword rules,GoogleNews-Scraped + Rule-Based
"Dec 9, 2020",CBS Sports,Nets' Kevin Durant says he expects to play some center this season: 'I've just got to be ready for anything',https://www.cbssports.com/nba/news/nets-kevin-durant-says-he-expects-to-play-some-center-this-season-ive-just-got-to-be-ready-for-anything/,Traditional Media,Nets,,,Superstar,Positive,N/A,N/A,0.323373180433407,Scraped via GoogleNews; classified by VADER + keyword rules,GoogleNews-Scraped + Rule-Based
"Dec 21, 2020",ESPN,Brooklyn Nets' Kevin Durant says he doesn't anticipate added emotions when facing Golden State Warriors,https://www.espn.com/nba/story/_/id/30574319/brooklyn-nets-kevin-durant-says-anticipate-added-emotions-facing-golden-state-warriors,Traditional Media,Nets,,,Superstar,Positive,N/A,N/A,0.31435061660416935,Scraped via GoogleNews; classified by VADER + keyword rules,GoogleNews-Scraped + Rule-Based
"May 17, 2020",CBS Sports,Kevin Durant says Michael Jordan would be 'the best player in the league' in today's NBA,https://www.cbssports.com/nba/news/kevin-durant-says-michael-jordan-would-be-the-best-player-in-the-league-in-todays-nba/,Traditional Media,Nets,,,Superstar,Positive,N/A,N/A,0.3760914519748762,Scraped via GoogleNews; classified by VADER + keyword rules,GoogleNews-Scraped + Rule-Based
"Dec 28, 2020",ESPN,"Brooklyn Nets' Kevin Durant, Kyrie Irving to sit out Monday's game vs. Memphis Grizzlies",https://www.espn.com/nba/story/_/id/30613232/brooklyn-nets-kevin-durant-sit-monday-game-vs-memphis-grizzlies,Traditional Media,Nets,,,Redemption,Negative,N/A,N/A,0.35942877808693446,Scraped via GoogleNews; classified by VADER + keyword rules,GoogleNews-Scraped + Rule-Based
"May 5, 2020",ESPN,Nets GM: Kevin Durant's return '$110 million question',https://www.espn.com/nba/story/_/id/29138190/brooklyn-nets-gm-kevin-durant-return-110m-question,Traditional Media,Nets,,,Redemption,Positive,N/A,N/A,0.301076227775499,Scraped via GoogleNews; classified by VADER + keyword rules,GoogleNews-Scraped + Rule-Based
"Dec 13, 2020",ESPN,"'Nervous' Kevin Durant shines in return from injury, calls Brooklyn Nets debut 'good step'",https://www.espn.com/nba/story/_/id/30516446/nervous-kevin-durant-shines-return-injury-calls-brooklyn-nets-debut-good-step,Traditional Media,Nets,,,Redemption,Negative,N/A,N/A,0.2638988814237912,Scraped via GoogleNews; classified by VADER + keyword rules,GoogleNews-Scraped + Rule-Based
"Dec 22, 2020",ESPN,Kevin Durant returns in grand style as Brooklyn Nets open season with emphatic home win,https://www.espn.com/nba/story/_/id/30585569/kevin-durant-returns-grand-style-brooklyn-nets-open-season-emphatic-home-win,Traditional Media,Nets,,,Redemption,Positive,N/A,N/A,0.23885369996749584,Scraped via GoogleNews; classified by VADER + keyword rules,GoogleNews-Scraped + Rule-Based
"Jun 4, 2020",ESPN,Report: Kevin Durant buys minority stake in MLS' Philadelphia Union,https://www.espn.com/nba/story/_/id/29269375/report-kevin-durant-buys-minority-stake-mls-philadelphia-union,Traditional Media,Nets,,,Superstar,Neutral,N/A,N/A,0.25338061121510014,Scraped via GoogleNews; classified by VADER + keyword rules,GoogleNews-Scraped + Rule-Based
"Jun 15, 2020",ESPN,Why NBA star Kevin Durant invested in MLS team Philadelphia Union: 'It just made sense',https://www.espn.com/soccer/story/_/id/37584136/just-made-sense,Traditional Media,Nets,,,Legacy Debate,Positive,N/A,N/A,0.2077078267400374,Scraped via GoogleNews; classified by VADER + keyword rules,GoogleNews-Scraped + Rule-Based
"Dec 31, 2020",CBS Sports,"Kevin Durant takes on bigger playmaking role with Spencer Dinwiddie out, setting up Nets and his case for MVP",https://www.cbssports.com/nba/news/kevin-durant-takes-on-bigger-playmaking-role-with-spencer-dinwiddie-out-setting-up-nets-and-his-case-for-mvp/,Traditional Media,Nets,,,Superstar,Positive,N/A,N/A,0.28015992978177867,Scraped via GoogleNews; classified by VADER + keyword rules,GoogleNews-Scraped + Rule-Based
"Jun 15, 2020",The Guardian,NBA All-Star Kevin Durant buys 5% stake in MLS's Philadelphia Union,https://www.theguardian.com/football/2020/jun/15/kevin-durant-philadelphia-union-stake-ownership-nba-mls-soccer,Traditional Media,Nets,,,Superstar,Positive,N/A,N/A,0.25893643666996247,Scraped via GoogleNews; classified by VADER + keyword rules,GoogleNews-Scraped + Rule-Based
"Jun 5, 2020",Andscape,Kevin Durant’s black pride is stronger than ever: ‘This is about our culture’,https://andscape.com/features/kevin-durants-black-pride-is-stronger-than-ever/,Traditional Media,Nets,,,Superstar,Positive,N/A,N/A,0.24417573638134862,Scraped via GoogleNews; classified by VADER + keyword rules,GoogleNews-Scraped + Rule-Based
"Sep 14, 2020",Inquirer.com,Kevin Durant blames Sixers' revolving roster for Joel Embiid and Ben Simmons' struggles | Off the Dribble,https://www.inquirer.com/newsletters/sixers/kevin-durant-joel-embiid-ben-simmons-philadelphia-76ers-newsletter-20200914.html,Traditional Media,Nets,,,Superstar,Negative,N/A,N/A,0.24254493193923976,Scraped via GoogleNews; classified by VADER + keyword rules,GoogleNews-Scraped + Rule-Based
"Apr 27, 2020",NetsDaily,Secrets of the ‘Extra Work Crew’: Chris Chiozza dishes on Kevin Durant’s workouts,https://www.netsdaily.com/2020/4/27/21238856/secrets-of-the-extra-work-crew-chris-chiozza-dishes-on-kevin-durants-workouts,Traditional Media,Nets,,,Superstar,Positive,N/A,N/A,0.38755472966722426,Scraped via GoogleNews; classified by VADER + keyword rules,GoogleNews-Scraped + Rule-Based
"Dec 18, 2020",BBVA,"Kevin Durant visits Austin school where his foundation, BBVA Compass are building court",https://www.bbva.com/en/sustainability/kevin-durant-visits-austin-school-foundation-bbva-compass-building-court/,Traditional Media,Nets,,,Superstar,Positive,N/A,N/A,0.45350344567369677,Scraped via GoogleNews; classified by VADER + keyword rules,GoogleNews-Scraped + Rule-Based
"Jul 1, 2020",Philadelphia Union,Bid now on signed Kevin Durant items to benefit Philadelphia Union Foundation,https://www.philadelphiaunion.com/news/bid-now-signed-kevin-durant-items-benefit-philadelphia-union-foundation,Traditional Media,Nets,,,Superstar,Positive,N/A,N/A,0.3381100858865278,Scraped via GoogleNews; classified by VADER + keyword rules,GoogleNews-Scraped + Rule-Based
"Jun 15, 2020",ESPN,NBA star Kevin Durant buys stake in MLS side Philadelphia Union,https://www.espn.com/soccer/story/_/id/37584137/nba-star-kevin-durant-buys-stake-mls-side-philadelphia-union,Traditional Media,Nets,,,Legacy Debate,Neutral,N/A,N/A,0.25562838172789365,Scraped via GoogleNews; classified by VADER + keyword rules,GoogleNews-Scraped + Rule-Based
"Dec 22, 2020",SFGATE,Kevin Durant sounds like he's on good terms with Draymond Green,https://www.sfgate.com/warriors/article/Warriors-Nets-Kevin-Durant-Draymond-nba-15822349.php,Traditional Media,Nets,,,Redemption,Positive,N/A,N/A,0.29047663190829676,Scraped via GoogleNews; classified by VADER + keyword rules,GoogleNews-Scraped + Rule-Based
"Dec 21, 2020",San Francisco Chronicle,Warriors’ Curry on his time with Durant: ‘The great ones bring the best out of you’,https://www.sfchronicle.com/warriors/article/Warriors-Curry-on-his-time-with-Durant-The-15820710.php,Traditional Media,Nets,,,Superstar,Positive,N/A,N/A,0.24844060471131868,Scraped via GoogleNews; classified by VADER + keyword rules,GoogleNews-Scraped + Rule-Based
"Dec 1, 2020",ESPN,"Kevin Durant suits up as Brooklyn Nets open training camp, says he's feeling 'good' and not holding back",https://www.espn.com/nba/story/_/id/30430705/kevin-durant-suits-brooklyn-nets-open-training-camp-says-feeling-good-not-holding-back,Traditional Media,Nets,,,Redemption,Negative,N/A,N/A,0.3469023607271922,Scraped via GoogleNews; classified by VADER + keyword rules,GoogleNews-Scraped + Rule-Based
"Jan 1, 2021",BasketballNews.com,Examining Maryland's failure to recruit local talent,https://www.basketballnews.com/stories/nba-dmv-prince-george-county-pg-maryland-terps-terrapins-kevin-durant-jeff-green-dermarr-johnson-victor-oladipo-etan-thomas-gary-williams-mark-turgeon-hunter-dickinson,Traditional Media,Nets,,,Superstar,Positive,N/A,N/A,0.28010549726127326,Scraped via GoogleNews; classified by VADER + keyword rules,GoogleNews-Scraped + Rule-Based
"Oct 7, 2020",HoopsHype,The worst players ever at the Draft Combine's bench press test,https://www.hoopshype.com/story/sports/nba/draft/2020/10/07/kevin-durant-players-bench-press-nba-draft-combine/75656574007/,Traditional Media,Nets,,,Rising Superstar,Negative,N/A,N/A,0.42091961485343227,Scraped via GoogleNews; classified by VADER + keyword rules,GoogleNews-Scraped + Rule-Based
"Sep 10, 2020",Daily Knicks,Kevin Durant explains why he didn’t go to the Knicks in 2019,https://dailyknicks.com/2020/09/10/kevin-durant-explains-why-he-didnt-go-to-knicks-2019/,Traditional Media,Nets,,,Superstar,Positive,N/A,N/A,0.3383652056245886,Scraped via GoogleNews; classified by VADER + keyword rules,GoogleNews-Scraped + Rule-Based
"Oct 9, 2020",ESPN Press Room,NBA Superstar Kevin Durant Joins Detail Exclusively on ESPN+,https://espnpressroom.com/us/press-releases/2020/10/nba-superstar-kevin-durant-joins-detail-exclusively-on-espn/,Traditional Media,Nets,,,Superstar,Positive,N/A,N/A,0.3975157012091554,Scraped via GoogleNews; classified by VADER + keyword rules,GoogleNews-Scraped + Rule-Based
"Feb 6, 2020",NBC Sports Bay Area & California,How Kevin Durant's sign-and-trade exit brought Warriors myriad assets,https://www.nbcsportsbayarea.com/nba/golden-state-warriors/how-kevin-durants-sign-and-trade-exit-brought-warriors-myriad-assets/1351727/,Traditional Media,Nets,,,Villain Narrative,Positive,N/A,N/A,0.26426841514496197,Scraped via GoogleNews; classified by VADER + keyword rules,GoogleNews-Scraped + Rule-Based
"Dec 14, 2020",Sky Sports,'Anxious' Kevin Durant reflects on Brooklyn Nets debut after frustrating wait,https://www.skysports.com/nba/news/36244/12161261/anxious-kevin-durant-reflects-on-brooklyn-nets-debut-after-frustrating-wait,Traditional Media,Nets,,,Social Media Drama,Negative,N/A,N/A,0.2585584124192076,Scraped via GoogleNews; classified by VADER + keyword rules,GoogleNews-Scraped + Rule-Based
"Dec 25, 2020",Longhorns Wire,A look at Kevin Durant performances on Christmas in the NBA,https://longhornswire.usatoday.com/story/sports/college/longhorns/mens-basketball/2020/12/25/kevin-durant-texas-longhorns-basketball-christmas-day-nba/78860148007/,Traditional Media,Nets,,,Villain Narrative,Positive,N/A,N/A,0.40359701821030025,Scraped via GoogleNews; classified by VADER + keyword rules,GoogleNews-Scraped + Rule-Based
"Jun 15, 2020",Inquirer.com,"Kevin Durant becomes an owner of the Philadelphia Union to make an impact in Chester, not just in soccer",https://www.inquirer.com/soccer/kevin-durant-philadelphia-union-owner-mls-major-league-soccer-20200615.html,Traditional Media,Nets,,,Superstar,Neutral,N/A,N/A,0.25886534230099156,Scraped via GoogleNews; classified by VADER + keyword rules,GoogleNews-Scraped + Rule-Based
"Jun 7, 2020",Sky Sports,Kevin Durant won't play for the Brooklyn Nets if the 2019-20 NBA season resumes.,https://www.skysports.com/nba/news/36244/12002128/kevin-durant-wont-play-for-brooklyn-nets-if-nba-season-resumes,Traditional Media,Nets,,,Redemption,Negative,N/A,N/A,0.3375917091019933,Scraped via GoogleNews; classified by VADER + keyword rules,GoogleNews-Scraped + Rule-Based
"May 15, 2020",WUSA9,This documentary explains why Prince George's County produces top athletes in the NBA,https://www.wusa9.com/article/sports/kevin-durant-documentary-to-showcase-prince-georges-county-as-an-nba-player-hotbed/65-06e4f525-ec6b-4752-a468-c295a5e09eb1,Traditional Media,Nets,,,Superstar,Positive,N/A,N/A,0.4259353167330166,Scraped via GoogleNews; classified by VADER + keyword rules,GoogleNews-Scraped + Rule-Based
"Sep 3, 2020",ESPN,"NBA debate: How does Steve Nash fit with Kevin Durant, Kyrie Irving and the Brooklyn Nets?",https://www.espn.com/nba/story/_/id/29800869/nba-debate-how-does-steve-nash-fit-kevin-durant-kyrie-irving-brooklyn-nets,Traditional Media,Nets,,,Legacy Debate,Positive,N/A,N/A,0.40547834456374277,Scraped via GoogleNews; classified by VADER + keyword rules,GoogleNews-Scraped + Rule-Based
"Dec 25, 2020",New York Post,Kevin Durant already showing MVP flashes,https://nypost.com/2020/12/25/kevin-durant-already-showing-mvp-flashes/,Traditional Media,Nets,,,Superstar,Positive,N/A,N/A,0.2717784616449371,Scraped via GoogleNews; classified by VADER + keyword rules,GoogleNews-Scraped + Rule-Based
"Jun 5, 2020",Crossing Broad,Six Thoughts on Kevin Durant Buying a Philadelphia Union Minority Stake,https://www.crossingbroad.com/news/six-thoughts-on-kevin-durant-buying-a-philadelphia-union-minority-stake/,Traditional Media,Nets,,,Superstar,Neutral,N/A,N/A,0.31605920822040473,Scraped via GoogleNews; classified by VADER + keyword rules,GoogleNews-Scraped + Rule-Based
"Jun 25, 2020",NetsDaily,Kevin Durant on Bubble: ‘That situation looks crazy right now’,https://www.netsdaily.com/2020/6/26/21304001/kevin-durant-on-bubble-that-situation-looks-crazy-right-now,Traditional Media,Nets,,,Superstar,Positive,N/A,N/A,0.30322696189105264,Scraped via GoogleNews; classified by VADER + keyword rules,GoogleNews-Scraped + Rule-Based
"Sep 10, 2020",FanDuel,FanDuel and Kevin Durant's Boardroom Announce Exclusive Partnership,https://www.fanduel.com/research/theduel/fanduel-kevin-durants-boardroom-announce-exclusive-partnership-01fw1kz3mxy8,Traditional Media,Nets,,,Superstar,Positive,N/A,N/A,0.26979090925513655,Scraped via GoogleNews; classified by VADER + keyword rules,GoogleNews-Scraped + Rule-Based
"Oct 11, 2020",CBS Sports,Kevin Durant says he didn't take easy route to titles by joining Warriors: I 'earned' my rings in both Finals,https://www.cbssports.com/nba/news/kevin-durant-says-he-didnt-take-easy-route-to-titles-by-joining-warriors-i-earned-my-rings-in-both-finals/,Traditional Media,Nets,,,Villain Narrative,Positive,N/A,N/A,0.5105402853184539,Scraped via GoogleNews; classified by VADER + keyword rules,GoogleNews-Scraped + Rule-Based
"Dec 20, 2020",Nets Wire,"Kevin Durant salary: See Durant's NBA earnings history, year-by-year",https://netswire.usatoday.com/story/sports/nba/nets/2020/12/20/kevin-durant-salary-history-year-by-year/77284578007/,Traditional Media,Nets,,,Redemption,Negative,N/A,N/A,0.3242863041037441,Scraped via GoogleNews; classified by VADER + keyword rules,GoogleNews-Scraped + Rule-Based
"Jun 30, 2020",Forbes,Kevin Durant Could Score A $15 Million Payday If Uber Buys Postmates,https://www.forbes.com/sites/kurtbadenhausen/2020/06/30/kevin-durant-scores-15-million-payday-with-potential-uber-buy-of-postmates/,Traditional Media,Nets,,,Social Media Drama,Positive,N/A,N/A,0.2524479891755955,Scraped via GoogleNews; classified by VADER + keyword rules,GoogleNews-Scraped + Rule-Based
"Dec 13, 2020",Forbes,"552 Days After Achilles Injury, Kevin Durant Debuts For Brooklyn Nets: ‘I Feel Like A Player Again’",https://www.forbes.com/sites/adamzagoria/2020/12/13/after-552-days-kevin-durant-returns-for-nets-in-first-game-since-achilles-injury-i-feel-like-a-player-again-it-was-a-good-first-step/,Traditional Media,Nets,,,Redemption,Positive,N/A,N/A,0.32298360969930306,Scraped via GoogleNews; classified by VADER + keyword rules,GoogleNews-Scraped + Rule-Based
"Jul 15, 2020",University of Texas Athletics,Limited edition Nike Kevin Durant (KD) Texas Longhorns shirts available beginning July 15,https://texaslonghorns.com/news/2020/7/15/mens-basketball-limited-edition-nike-kevin-durant-kd-texas-longhorns-shirts-available-beginning-july-15,Traditional Media,Nets,,,Social Media Drama,Negative,N/A,N/A,0.45675802703954926,Scraped via GoogleNews; classified by VADER + keyword rules,GoogleNews-Scraped + Rule-Based
"Dec 10, 2020",The New York Times,"Kevin Durant, Steve Nash and all the Nets under the most pressure this season",https://www.nytimes.com/athletic/2252469/2020/12/10/nets-pressure/,Traditional Media,Nets,,,Redemption,Positive,N/A,N/A,0.31375903394858295,Scraped via GoogleNews; classified by VADER + keyword rules,GoogleNews-Scraped + Rule-Based
"Jun 4, 2020",CBS Sports,"Kevin Durant purchases a minority stake in Philadelphia Union of MLS, per report",https://www.cbssports.com/nba/news/kevin-durant-purchases-a-minority-stake-in-philadelphia-union-of-mls-per-report/,Traditional Media,Nets,,,Superstar,Neutral,N/A,N/A,0.3194494237718215,Scraped via GoogleNews; classified by VADER + keyword rules,GoogleNews-Scraped + Rule-Based
"May 12, 2020",NBC Sports Bay Area & California,Steph Curry ahead of Kevin Durant on ESPN's all-time best NBA players list,https://www.nbcsportsbayarea.com/nba/golden-state-warriors/steph-curry-ahead-of-kevin-durant-on-espns-all-time-best-nba-players-list/1363222/,Traditional Media,Nets,,,Legacy Debate,Positive,N/A,N/A,0.2886695770211106,Scraped via GoogleNews; classified by VADER + keyword rules,GoogleNews-Scraped + Rule-Based
"Mar 4, 2020",FOX Sports,Kevin Durant is opening up a soul food joint,https://www.foxsports.com/stories/nba/kevin-durant-is-opening-up-a-soul-food-joint,Traditional Media,Nets,,,Villain Narrative,Positive,N/A,N/A,0.33662261898788065,Scraped via GoogleNews; classified by VADER + keyword rules,GoogleNews-Scraped + Rule-Based
"Apr 1, 2020",ESPN Philippines,Nets' Kevin Durant leads field of 16 in NBA 2K20 tournament on ESPN,https://www.espn.ph/nba/story/_/id/28978225/nets-kevin-durant-leads-field-16-nba-2k20-tournament-espn,Traditional Media,Nets,,,Superstar,Neutral,N/A,N/A,0.43057809608609937,Scraped via GoogleNews; classified by VADER + keyword rules,GoogleNews-Scraped + Rule-Based
"Dec 29, 2020",NBC Sports Bay Area & California,Zaza recalls Steph-KD shooting contests in Warriors practice,https://www.nbcsportsbayarea.com/nba/golden-state-warriors/zaza-recalls-steph-kd-shooting-contests-in-warriors-practice/1130004/,Traditional Media,Nets,,,Social Media Drama,Positive,N/A,N/A,0.3980361452142775,Scraped via GoogleNews; classified by VADER + keyword rules,GoogleNews-Scraped + Rule-Based
"Feb 13, 2020",NBC Sports Boston,The Enes Kanter Show: Kanter sounds off on Kevin Durant for OKC remarks,https://www.nbcsportsboston.com/nba/boston-celtics/the-enes-kanter-show-kanter-sounds-off-on-kevin-durant-for-okc-remarks/335899/,Traditional Media,Nets,,,Villain Narrative,Negative,N/A,N/A,0.24576073983536037,Scraped via GoogleNews; classified by VADER + keyword rules,GoogleNews-Scraped + Rule-Based
"Nov 19, 2020",New York Post,Nets starting to believe Kevin Durant ‘is back again’,https://nypost.com/2020/11/19/kevin-durants-nets-workouts-drawing-rave-reviews/,Traditional Media,Nets,,,Redemption,Positive,N/A,N/A,0.27072237928826076,Scraped via GoogleNews; classified by VADER + keyword rules,GoogleNews-Scraped + Rule-Based
"May 13, 2020",CBS Sports,"Top 15 NBA players of all time: Kevin Durant, Kawhi Leonard and the active stars most likely to join the list",https://www.cbssports.com/nba/news/top-15-nba-players-of-all-time-kevin-durant-kawhi-leonard-and-the-active-stars-most-likely-to-join-the-list/,Traditional Media,Nets,,,Superstar,Positive,N/A,N/A,0.37076159328249436,Scraped via GoogleNews; classified by VADER + keyword rules,GoogleNews-Scraped + Rule-Based
"Dec 17, 2020",New York Amsterdam News,Kevin Durant makes his long awaited return from injury,https://amsterdamnews.com/news/2020/12/17/kevin-durant-makes-his-long-awaited-return-injury/,Traditional Media,Nets,,,Redemption,Negative,N/A,N/A,0.21227108454983104,Scraped via GoogleNews; classified by VADER + keyword rules,GoogleNews-Scraped + Rule-Based
"May 11, 2020",ESPN,From the archives: Kevin Durant savors getting the better of LeBron James,https://www.espn.com/nba/story/_/id/29159495/from-archives-kevin-durant-savors-getting-better-lebron-james,Traditional Media,Nets,,,Superstar,Positive,N/A,N/A,0.31812020933227486,Scraped via GoogleNews; classified by VADER + keyword rules,GoogleNews-Scraped + Rule-Based
"Nov 11, 2020",NetsDaily,Mazzeo: Kevin Durant recruiting Serge Ibaka,https://www.netsdaily.com/2020/11/11/21561806/mazzeo-kevin-durant-recruiting-serge-ibaka-to-nets,Traditional Media,Nets,,,Villain Narrative,Positive,N/A,N/A,0.25703304937294297,Scraped via GoogleNews; classified by VADER + keyword rules,GoogleNews-Scraped + Rule-Based
"May 19, 2020",Bleacher Report,"Kevin Durant, Russell Wilson to Participate in Barack Obama's Virtual Graduation",https://bleacherreport.com/articles/2892471-kevin-durant-russell-wilson-to-participate-in-barack-obamas-virtual-graduation,Traditional Media,Nets,,,Rising Superstar,Neutral,N/A,N/A,0.2954373815269879,Scraped via GoogleNews; classified by VADER + keyword rules,GoogleNews-Scraped + Rule-Based
"Feb 11, 2020",NBC Sports Bay Area & California,How Kevin Durant choosing Nets helped Warriors acquire Andrew Wiggins,https://www.nbcsportsbayarea.com/nba/golden-state-warriors/how-kevin-durant-choosing-nets-helped-warriors-acquire-andrew-wiggins/1351713/,Traditional Media,Nets,,,Superstar,Positive,N/A,N/A,0.27178215793756483,Scraped via GoogleNews; classified by VADER + keyword rules,GoogleNews-Scraped + Rule-Based
"Nov 27, 2020",Bleacher Report,"Nets' Kevin Durant Says Michael Jordan Is 'God Level,' Best NBA Scorer Ever",https://bleacherreport.com/articles/2920003-nets-kevin-durant-says-michael-jordan-is-god-level-best-nba-scorer-ever,Traditional Media,Nets,,,Social Media Drama,Positive,N/A,N/A,0.3672890806261841,Scraped via GoogleNews; classified by VADER + keyword rules,GoogleNews-Scraped + Rule-Based
"Jun 7, 2020",South China Morning Post,How does NBA All-Star Kevin Durant spend his millions?,https://www.scmp.com/magazines/style/celebrity/article/3087759/look-and-learn-lebron-james-see-how-nba-all-star-kevin,Traditional Media,Nets,,,Superstar,Positive,N/A,N/A,0.3396355893535404,Scraped via GoogleNews; classified by VADER + keyword rules,GoogleNews-Scraped + Rule-Based
"Dec 14, 2020",amNewYork,Kevin Durant Relishes Nets Debut After 17-Month Wait,https://www.amny.com/sports/kevin-durant-relishes-nets-debut-after-17-month-hiatus/,Traditional Media,Nets,,,Superstar,Positive,N/A,N/A,0.23135974636772333,Scraped via GoogleNews; classified by VADER + keyword rules,GoogleNews-Scraped + Rule-Based
"Mar 4, 2020",FOX Sports,"Back-to-back titles, and Finals MVPs, for Kevin Durant",https://www.foxsports.com/stories/nba/back-to-back-titles-and-finals-mvps-for-kevin-durant,Traditional Media,Nets,,,Superstar,Positive,N/A,N/A,0.3195225390144805,Scraped via GoogleNews; classified by VADER + keyword rules,GoogleNews-Scraped + Rule-Based
"Dec 24, 2020",New York Post,"Kyrie Irving, Kevin Durant lead Nets into Christmas Day showdown",https://nypost.com/2020/12/24/kyrie-irving-kevin-durant-lead-nets-into-christmas-day-showdown/,Traditional Media,Nets,,,Superstar,Positive,N/A,N/A,0.28361458459828975,Scraped via GoogleNews; classified by VADER + keyword rules,GoogleNews-Scraped + Rule-Based
"Sep 25, 2020",PRINT Magazine,Kevin Durant Foundation & Timothy Goodman Hit the Court for the Community,https://www.printmag.com/design-inspiration/kevin-durant-foundation-timothy-goodman-hit-the-court-for-the-community/,Traditional Media,Nets,,,Social Media Drama,Positive,N/A,N/A,0.2965403418952844,Scraped via GoogleNews; classified by VADER + keyword rules,GoogleNews-Scraped + Rule-Based
"Sep 10, 2020",NBC Sports,Kevin Durant: ‘I never planned on it — going to the Knicks’,https://www.nbcsports.com/nba/news/kevin-durant-i-never-planned-on-it-going-to-the-knicks,Traditional Media,Nets,,,Superstar,Positive,N/A,N/A,0.23304005295386826,Scraped via GoogleNews; classified by VADER + keyword rules,GoogleNews-Scraped + Rule-Based
"Jun 25, 2020",NBC4 Washington,Brooklyn Nets star Kevin Durant says he wouldn't play in Orlando if healthy,https://www.nbcwashington.com/news/sports/nbcsports/brooklyn-nets-star-kevin-durant-says-he-wouldnt-play-in-orlando-if-healthy/2344768/,Traditional Media,Nets,,,Social Media Drama,Neutral,N/A,N/A,0.282837107525252,Scraped via GoogleNews; classified by VADER + keyword rules,GoogleNews-Scraped + Rule-Based
"May 12, 2020",Elite Sports NY,Kevin Durant Part Of Unofficial 'Superstar' Conference Call On Coronavirus,https://elitesportsny.com/2020/05/12/brooklyn-nets-news-kevin-durant-part-of-nba-superstars-united-front/,Traditional Media,Nets,,,Superstar,Positive,N/A,N/A,0.299903941171541,Scraped via GoogleNews; classified by VADER + keyword rules,GoogleNews-Scraped + Rule-Based
"Apr 4, 2020",ESPN,Derrick Jones Jr. upsets Kevin Durant in NBA 2K Players tourney,https://www.espn.com/esports/story/_/id/28993897/derrick-jones-jr-upsets-kevin-durant-nba-2k-players-tourney,Traditional Media,Nets,,,Superstar,Negative,N/A,N/A,0.4522940550287941,Scraped via GoogleNews; classified by VADER + keyword rules,GoogleNews-Scraped + Rule-Based
"Apr 23, 2020",CBS Sports,Draymond Green says Warriors would have traded him if it meant keeping Kevin Durant,https://www.cbssports.com/nba/news/draymond-green-says-warriors-would-have-traded-him-if-it-meant-keeping-kevin-durant/,Traditional Media,Nets,,,Villain Narrative,Negative,N/A,N/A,0.4026561465196322,Scraped via GoogleNews; classified by VADER + keyword rules,GoogleNews-Scraped + Rule-Based
"May 6, 2020",amNewYork,Does it make sense for Kevin Durant to return to Nets if NBA resumes this fall?,https://www.amny.com/sports/does-it-make-sense-for-kevin-durant-to-return-to-nets-if-nba-resumes-this-fall/,Traditional Media,Nets,,,Redemption,Positive,N/A,N/A,0.3269199930422963,Scraped via GoogleNews; classified by VADER + keyword rules,GoogleNews-Scraped + Rule-Based
"Dec 22, 2020",NBC Sports Bay Area & California,KD thinks Livingston is perfect fit in Warriors' front office,https://www.nbcsportsbayarea.com/nba/golden-state-warriors/kd-thinks-livingston-is-perfect-fit-in-warriors-front-office/1129611/,Traditional Media,Nets,,,Superstar,Positive,N/A,N/A,0.2895812068821071,Scraped via GoogleNews; classified by VADER + keyword rules,GoogleNews-Scraped + Rule-Based
"Apr 28, 2020",ESPN,KD finds out that rushing the QB is hard,https://www.espn.com/video/clip/_/id/29108229,Traditional Media,Nets,,,Superstar,Negative,N/A,N/A,0.3070074594551107,Scraped via GoogleNews; classified by VADER + keyword rules,GoogleNews-Scraped + Rule-Based
"Oct 21, 2020",Lakers Daily,Kevin Durant praises LeBron James’ and Rajon Rondo’s abilities to destroy zone defenses,https://lakersdaily.com/kevin-durant-praises-lebron-james-and-rajon-rondos-abilities-to-destroy-zone-defenses/,Traditional Media,Nets,,,Social Media Drama,Positive,N/A,N/A,0.2915070274214637,Scraped via GoogleNews; classified by VADER + keyword rules,GoogleNews-Scraped + Rule-Based
"Mar 29, 2020",NBC Sports Bay Area & California,Kevin Durant's first NBA title actually was start of his Warriors end,https://www.nbcsportsbayarea.com/nba/golden-state-warriors/kevin-durants-first-nba-title-actually-was-start-of-his-warriors-end/1354846/,Traditional Media,Nets,,,Superstar,Positive,N/A,N/A,0.27827684811591746,Scraped via GoogleNews; classified by VADER + keyword rules,GoogleNews-Scraped + Rule-Based
"Sep 16, 2020",nothinbutnets.com,Nets: Kevin Durant takes clear shot at Rudy Gobert’s defense on JJ Redick’s podcast,https://nothinbutnets.com/2020/09/16/nets-kevin-durant-shot-rudy-gobert/,Traditional Media,Nets,,,Superstar,Positive,N/A,N/A,0.2755431351503968,Scraped via GoogleNews; classified by VADER + keyword rules,GoogleNews-Scraped + Rule-Based
"Nov 16, 2020",ABC13 Houston,"James Harden wants reunion with Kevin Durant, sources say",https://abc13.com/post/james-harden-to-get-traded-brooklyn-nets-houston-rockets-trade-kevin-durant-nba/8013697/,Traditional Media,Nets,,,Villain Narrative,Negative,N/A,N/A,0.3740675698132207,Scraped via GoogleNews; classified by VADER + keyword rules,GoogleNews-Scraped + Rule-Based
"Jan 10, 2020",The Oklahoman,"Thunder: Kevin Durant, Kendrick Perkins trade Twitter jabs during Russell Westbrook return",https://www.oklahoman.com/story/sports/columns/2020/01/10/thunder-kevin-durant-kendrick-perkins-trade-twitter-jabs-during-russell-westbrook-return/60369814007/,Traditional Media,Nets,,,Social Media Drama,Negative,N/A,N/A,0.4328576630939482,Scraped via GoogleNews; classified by VADER + keyword rules,GoogleNews-Scraped + Rule-Based
"Dec 9, 2020",Sky Sports,James Harden: Kevin Durant dismisses rumours linking Brooklyn Nets with former team-mate,https://www.skysports.com/nba/news/36244/12156438/james-harden-kevin-durant-dismisses-rumours-linking-brooklyn-nets-with-former-team-mate,Traditional Media,Nets,,,Villain Narrative,Positive,N/A,N/A,0.46720697437950065,Scraped via GoogleNews; classified by VADER + keyword rules,GoogleNews-Scraped + Rule-Based
"Sep 14, 2020",The Strickland,Revisiting the Kristaps Porzingis trade — The Strickland: A New York Knicks Site Guaranteed To Make 'Em Jump,https://www.thestrick.land/strick/revisiting-the-knicks-mavericks-kristaps-porzingis-trade,Traditional Media,Nets,,,Superstar,Negative,N/A,N/A,0.33928763134000695,Scraped via GoogleNews; classified by VADER + keyword rules,GoogleNews-Scraped + Rule-Based
"Nov 16, 2020",Houston Chronicle,Smith: James Harden wants out of Houston. The Rockets should decide his future.,https://www.houstonchronicle.com/texas-sports-nation/brian-t-smith/article/Rockets-James-Harden-trade-brian-t-smith-column-15730491.php,Traditional Media,Nets,,,Legacy Debate,Positive,N/A,N/A,0.36270816028404823,Scraped via GoogleNews; classified by VADER + keyword rules,GoogleNews-Scraped + Rule-Based
"Feb 6, 2020",ESPN,Kevin Durant and Stephen Curry embrace after Nets' win vs. Warriors,https://www.espn.com.au/nba/story/_/id/28644233/kevin-durant-stephen-curry-embrace-nets-win-vs-warriors,Traditional Media,Nets,,,Superstar,Positive,N/A,N/A,0.30831369076133563,Scraped via GoogleNews; classified by VADER + keyword rules,GoogleNews-Scraped + Rule-Based
"Dec 14, 2020",CBS Sports,"Biggest 2020-21 NBA storylines, including James Harden's future with Rockets, Kevin Durant and new-look Nets",https://www.cbssports.com/nba/news/biggest-2020-21-nba-storylines-including-james-hardens-future-with-rockets-kevin-durant-and-new-look-nets/,Traditional Media,Nets,,,Superstar,Positive,N/A,N/A,0.25538723130373664,Scraped via GoogleNews; classified by VADER + keyword rules,GoogleNews-Scraped + Rule-Based
"Mar 16, 2020",ESPN,Rich Kleiman: Kevin Durant playing in summer 'not very realistic',https://www.espn.com/nba/story/_/id/28910527/rich-kleiman-kevin-durant-playing-summer-not-very-realistic,Traditional Media,Nets,,,Social Media Drama,Positive,N/A,N/A,0.39896594012651854,Scraped via GoogleNews; classified by VADER + keyword rules,GoogleNews-Scraped + Rule-Based
"Dec 8, 2020",ESPN,"Sources: Houston Rockets' James Harden open to being traded to Philadelphia 76ers, other NBA contenders",https://www.espn.com/nba/story/_/id/30477567/sources-houston-rockets-james-harden-open-being-traded-philadelphia-76ers-other-contenders,Traditional Media,Nets,,,Redemption,Neutral,N/A,N/A,0.3527089123440254,Scraped via GoogleNews; classified by VADER + keyword rules,GoogleNews-Scraped + Rule-Based
"Nov 13, 2020",Ahn Fire Digital,Report: Former teammate of James Harden and Kevin Durant claims Nets reunion rumors are true,https://ahnfiredigital.com/nba/brooklyn-nets/report-former-teammate-of-james-harden-and-kevin-durant-claims-nets-reunion-rumors-are-true/,Traditional Media,Nets,,,Superstar,Positive,N/A,N/A,0.5344254699280772,Scraped via GoogleNews; classified by VADER + keyword rules,GoogleNews-Scraped + Rule-Based
"Nov 17, 2020",Sky Sports,"James Harden: All-Star guard rejects Houston Rockets contract extension, seeks Brooklyn Nets trade",https://www.skysports.com/nba/news/36244/12134452/james-harden-all-star-guard-rejects-houston-rockets-contract-extension-seeks-brooklyn-nets-trade,Traditional Media,Nets,,,Superstar,Negative,N/A,N/A,0.43096351675765604,Scraped via GoogleNews; classified by VADER + keyword rules,GoogleNews-Scraped + Rule-Based
"Dec 28, 2020",bolavip.com,"NBA Player Profile: Kevin Durant – Biography, height, position, wingspan",https://bolavip.com/en/nba/kevin-durant-biography-height-position-wingspan-20201227-0002.html,Traditional Media,Nets,,,Villain Narrative,Positive,N/A,N/A,0.4012839500285237,Scraped via GoogleNews; classified by VADER + keyword rules,GoogleNews-Scraped + Rule-Based
"Feb 4, 2020",AJC.com,Hawks trade-target Capela would help them now and later,https://www.ajc.com/blog/mike-check/hawks-trade-target-clint-capela-would-help-them-now-and-later/8vlH5Fx8bXwf1nWqCGJmuM/,Traditional Media,Nets,,,Rising Superstar,Positive,N/A,N/A,0.326123491056403,Scraped via GoogleNews; classified by VADER + keyword rules,GoogleNews-Scraped + Rule-Based
"Jan 16, 2020",Cavaliers Nation,3 Ideal Trades the Cavs Should Pursue for Kevin Love,https://cavaliersnation.com/2020/01/16/3-ideal-trades-cavs-should-pursue-kevin-love/,Traditional Media,Nets,,,Rising Superstar,Positive,N/A,N/A,0.24191223939801274,Scraped via GoogleNews; classified by VADER + keyword rules,GoogleNews-Scraped + Rule-Based
"Aug 16, 2020",The Oklahoman,Tramel: OKC Thunder's original sin of James Harden always shadows franchise,https://www.oklahoman.com/story/sports/columns/berry-tramel/2020/08/16/tramel-okc-thunders-original-sin-of-james-harden-always-shadows-franchsie/60387063007/,Traditional Media,Nets,,,Villain Narrative,Positive,N/A,N/A,0.36838149743045523,Scraped via GoogleNews; classified by VADER + keyword rules,GoogleNews-Scraped + Rule-Based
"Nov 10, 2020",Ahn Fire Digital,Report: Russell Westbrook drawing trade interest from Clippers and Knicks,https://ahnfiredigital.com/nba/houston-rockets/report-russell-westbrook-drawing-trade-interest-from-clippers-and-knicks/,Traditional Media,Nets,,,Superstar,Positive,N/A,N/A,0.49225374747125294,Scraped via GoogleNews; classified by VADER + keyword rules,GoogleNews-Scraped + Rule-Based
"Apr 5, 2020",Golden Gate Sports,Warriors: Does Kevin Durant’s number belong in the rafters?,https://goldengatesports.com/2020/04/05/golden-state-warriors-kevin-durant-number-rafters/,Traditional Media,Nets,,,Superstar,Negative,N/A,N/A,0.44973223983818966,Scraped via GoogleNews; classified by VADER + keyword rules,GoogleNews-Scraped + Rule-Based
"Dec 18, 2020",Ahn Fire Digital,"Report: Rockets looking to trade James Harden ‘sooner than later,’ looking into 3-team deals",https://ahnfiredigital.com/nba/houston-rockets/report-rockets-looking-trade-james-harden-sooner-later-houston-looking-3-team-deals/,Traditional Media,Nets,,,Social Media Drama,Positive,N/A,N/A,0.32242663758451795,Scraped via GoogleNews; classified by VADER + keyword rules,GoogleNews-Scraped + Rule-Based
"Feb 18, 2020",12up.com,James Harden Straight up Says He'd Have a Ring by Now if Thunder Didn't Trade Him in 2012,https://www.12up.com/posts/james-harden-if-thunder-didn-t-trade-him-in-2012-win-nba-title-01e1dbwhnbh9,Traditional Media,Nets,,,Villain Narrative,Positive,N/A,N/A,0.3272583616397025,Scraped via GoogleNews; classified by VADER + keyword rules,GoogleNews-Scraped + Rule-Based
"Apr 27, 2020",The Oklahoman,What if the Thunder's trade for Tyson Chandler hadn't been rescinded? It might have cost OKC an NBA title.,https://www.oklahoman.com/story/sports/columns/berry-tramel/2020/04/27/okc-thunder-rescinded-tyson-chandler-trade-might-have-cost-okc-an-nba-title/60402636007/,Traditional Media,Nets,,,Villain Narrative,Positive,N/A,N/A,0.2638033292968384,Scraped via GoogleNews; classified by VADER + keyword rules,GoogleNews-Scraped + Rule-Based
"May 29, 2020",Basketball Forever,"Bradley Beal Flattered by Nets Interest, Says He's Happy in Washington",https://basketballforever.com/2020/05/29/bradley-beal-flattered-by-nets-interest-says-hes-happy-in-washington,Traditional Media,Nets,,,Rising Superstar,Positive,N/A,N/A,0.227760491162579,Scraped via GoogleNews; classified by VADER + keyword rules,GoogleNews-Scraped + Rule-Based
"Jan 18, 2020",Fadeaway World,Comparing Brandon Ingram And Kevin Durant At Age 22: They Are Identical,https://fadeawayworld.net/comparing-brandon-ingram-and-kevin-durant-at-age-22,Traditional Media,Nets,,,Rising Superstar,Positive,N/A,N/A,0.30212424858650505,Scraped via GoogleNews; classified by VADER + keyword rules,GoogleNews-Scraped + Rule-Based
"Dec 21, 2020",Lakers Daily,Anthony Davis points out why Kyle Kuzma’s new contract could unlock his potential,https://lakersdaily.com/anthony-davis-points-out-why-kyle-kuzmas-new-contract-could-unlock-his-potential/,Traditional Media,Nets,,,Superstar,Positive,N/A,N/A,0.27847796642392747,Scraped via GoogleNews; classified by VADER + keyword rules,GoogleNews-Scraped + Rule-Based
"Dec 12, 2020",Fadeaway World,"Kevin Durant Wanted The Thunder To Draft Devin Booker In 2015: ""We Called Devin. We Wanted Devin In OKC. I Wanted Him.""",https://fadeawayworld.net/kevin-durant-wanted-the-thunder-to-draft-devin-booker-in-2015-we-called-devin-we-wanted-devin-in-okc-i-wanted-him,Traditional Media,Nets,,,Villain Narrative,Positive,N/A,N/A,0.48231984656996413,Scraped via GoogleNews; classified by VADER + keyword rules,GoogleNews-Scraped + Rule-Based
"Mar 18, 2020",Page Six,Exclusive | Drake self-isolates after partying with Kevin Durant before coronavirus diagnosis,https://pagesix.com/2020/03/18/drake-self-isolates-after-partying-with-kevin-durant-ahead-of-coronavirus-diagnosis/,Traditional Media,Nets,,,Social Media Drama,Positive,N/A,N/A,0.30400612054434645,Scraped via GoogleNews; classified by VADER + keyword rules,GoogleNews-Scraped + Rule-Based
"Oct 22, 2020",Fadeaway World,If Giannis Antetokounmpo Joins The Golden State Warriors He Will Become Kevin Durant 2.0,https://fadeawayworld.net/if-giannis-antetokounmpo-joins-the-golden-state-warriors-he-will-become-kevin-durant-2-0,Traditional Media,Nets,,,Villain Narrative,Negative,N/A,N/A,0.25118486818386104,Scraped via GoogleNews; classified by VADER + keyword rules,GoogleNews-Scraped + Rule-Based
"Feb 6, 2020",USA Today,Warriors trade D'Angelo Russell to Timberwolves for Andrew Wiggins,https://www.usatoday.com/story/sports/nba/2020/02/06/timberwolves-warriors-trade-dangelo-russell-andrew-wiggins/4680402002/,Traditional Media,Nets,,,Superstar,Positive,N/A,N/A,0.22748221277221553,Scraped via GoogleNews; classified by VADER + keyword rules,GoogleNews-Scraped + Rule-Based
"Nov 6, 2020",Fadeaway World,NBA Rumors: Brooklyn Nets Can Create The Real Superteam With James Harden,https://fadeawayworld.net/nba-trade-rumors/brooklyn-nets/nba-rumors-brooklyn-nets-can-create-the-real-superteam-with-james-harden,Traditional Media,Nets,,,Superstar,Positive,N/A,N/A,0.41780958657410433,Scraped via GoogleNews; classified by VADER + keyword rules,GoogleNews-Scraped + Rule-Based
"Jan 19, 2020",Air Alamo,San Antonio Spurs would be wise to pursue a D’Angelo Russell trade with Golden State,https://airalamo.com/2020/01/19/san-antonio-spurs-wise-pursue-dangelo-russell/,Traditional Media,Nets,,,Rising Superstar,Negative,N/A,N/A,0.32286669599185963,Scraped via GoogleNews; classified by VADER + keyword rules,GoogleNews-Scraped + Rule-Based
"Sep 5, 2020",Fadeaway World,The Brooklyn Nets Can Create A Superteam Next Season: 7 Best Trade Targets,https://fadeawayworld.net/nba-trade-rumors/brooklyn-nets/the-brooklyn-nets-can-create-a-superteam-next-season-7-best-trade-targets,Traditional Media,Nets,,,Redemption,Positive,N/A,N/A,0.36983760050440756,Scraped via GoogleNews; classified by VADER + keyword rules,GoogleNews-Scraped + Rule-Based
"Jan 26, 2020",Fadeaway World,How Trading Serge Ibaka Changed The Oklahoma City Franchise Forever,https://fadeawayworld.net/how-trading-serge-ibaka-changed-the-oklahoma-city-franchise-forever,Traditional Media,Nets,,,Villain Narrative,Positive,N/A,N/A,0.34953696926636163,Scraped via GoogleNews; classified by VADER + keyword rules,GoogleNews-Scraped + Rule-Based
"Aug 15, 2020",Fadeaway World,The Perfect Blockbuster Trade: Golden State Warriors Can Create A Splash Brothers 3.0,https://fadeawayworld.net/nba-trade-rumors/golden-state-warriors/the-perfect-blockbuster-trade-golden-state-warriors-can-create-a-splash-brothers-3-0,Traditional Media,Nets,,,Redemption,Negative,N/A,N/A,0.3461649789645575,Scraped via GoogleNews; classified by VADER + keyword rules,GoogleNews-Scraped + Rule-Based
"Jun 8, 2020",Fadeaway World,"Warriors Should Trade Klay Thompson For Giannis Antetokounmpo, Says NBA Insider",https://fadeawayworld.net/warriors-should-trade-klay-thompson-for-giannis-antetokounmpo-says-nba-insider,Traditional Media,Nets,,,Rising Superstar,Negative,N/A,N/A,0.28911439831432695,Scraped via GoogleNews; classified by VADER + keyword rules,GoogleNews-Scraped + Rule-Based
"Apr 12, 2020",Cavaliers Nation,Andre Drummond Teaming Up With JBL to Provide Headphones to Schools for Virtual Classes,https://cavaliersnation.com/2020/04/12/andre-drummond-donating-headphones-schools-virtual-classes/,Traditional Media,Nets,,,Social Media Drama,Neutral,N/A,N/A,0.1855868505250931,Scraped via GoogleNews; classified by VADER + keyword rules,GoogleNews-Scraped + Rule-Based
"Feb 23, 2020",uSports.org,Don C X Nike KD 12: Kevin Durant & Don C Collaboration Pays Tribute To Chicago,https://usports.org/don-c-x-nike-kd-12-kevin-durant-don-c-collaboration-pays-tribute-to-chicago/,Traditional Media,Nets,,,Superstar,Positive,N/A,N/A,0.25369675960506544,Scraped via GoogleNews; classified by VADER + keyword rules,GoogleNews-Scraped + Rule-Based
"Jan 10, 2020",ESPN,"Kevin Durant defends legacy, decision to join Nets in Twitter exchanges",https://www.espn.com/nba/story/_/id/28457705/kevin-durant-defends-legacy-decision-join-nets-twitter-exchanges,Traditional Media,Nets,,,Social Media Drama,Positive,N/A,N/A,0.30644007950360963,Scraped via GoogleNews; classified by VADER + keyword rules,GoogleNews-Scraped + Rule-Based
"Jan 10, 2020",Business Insider,Kevin Durant snapped back at a former teammate who said Russell Westbrook was the best player in Thunder history,https://www.businessinsider.com/kevin-durant-kendrick-perkins-feud-over-okc-thunder-legacy-westbrook-2020-1,Traditional Media,Nets,,,Social Media Drama,Positive,N/A,N/A,0.4399032411523639,Scraped via GoogleNews; classified by VADER + keyword rules,GoogleNews-Scraped + Rule-Based
"Jan 29, 2020",The New York Times,Kevin Durant on Kobe Bryant: ‘I felt like I knew him close my whole life’,https://www.nytimes.com/athletic/1568708/2020/01/29/kevin-durant-on-kobe-bryant-i-felt-like-i-knew-him-close-my-whole-life/,Traditional Media,Nets,,,Superstar,Positive,N/A,N/A,0.24493410178504618,Scraped via GoogleNews; classified by VADER + keyword rules,GoogleNews-Scraped + Rule-Based
"Apr 26, 2020",The Oklahoman,Thunder Legacy Series: Anthony Morrow remembers highs and lows of 2015-16 season,https://www.oklahoman.com/story/sports/columns/2020/04/26/thunder-legacy-series-anthony-morrow-remembers-highs-and-lows-of-2015-16-season/60403688007/,Traditional Media,Nets,,,Villain Narrative,Negative,N/A,N/A,0.2724981909796101,Scraped via GoogleNews; classified by VADER + keyword rules,GoogleNews-Scraped + Rule-Based
"Nov 18, 2020",Fadeaway World,5 Ways Kevin Durant Can Enter The GOAT Conversation,https://fadeawayworld.net/5-ways-kevin-durant-can-enter-the-goat-conversation,Traditional Media,Nets,,,Legacy Debate,Positive,N/A,N/A,0.4515361708506536,Scraped via GoogleNews; classified by VADER + keyword rules,GoogleNews-Scraped + Rule-Based
"May 22, 2020",Lakers Daily,Title or Bust: Why NBA Returning This Season Will Make or Break LeBron’s Legacy,https://lakersdaily.com/why-nba-returning-this-season-could-make-break-lebrons-legacy/,Traditional Media,Nets,,,Social Media Drama,Positive,N/A,N/A,0.31801189027822147,Scraped via GoogleNews; classified by VADER + keyword rules,GoogleNews-Scraped + Rule-Based
"Jun 30, 2020",ESPN Philippines,The legacy of LeBron James' peak efficiency with the Miami Heat,https://www.espn.ph/nba/story/_/id/29385016/the-legacy-lebron-james-peak-efficiency-miami-heat,Traditional Media,Nets,,,Legacy Debate,Positive,N/A,N/A,0.4179471218448297,Scraped via GoogleNews; classified by VADER + keyword rules,GoogleNews-Scraped + Rule-Based
"May 14, 2020",WTOP,"Former Oxon Hill, Georgetown player Mike Sweetney on Prince George’s County basketball, Durant documentary",https://wtop.com/nba/2020/05/former-oxon-hill-georgetown-player-mike-sweetney-on-prince-georges-county-basketball-durant-documentary/,Traditional Media,Nets,,,Social Media Drama,Neutral,N/A,N/A,0.42933664097387847,Scraped via GoogleNews; classified by VADER + keyword rules,GoogleNews-Scraped + Rule-Based
"Apr 26, 2020",OKC Thunder Wire,Anthony Morrow reveals 1st text to Kevin Durant after joining Warriors,https://okcthunderwire.usatoday.com/story/sports/nba/thunder/2020/04/26/anthony-morrow-reveals-1st-text-to-kevin-durant-after-joining-warriors/77365744007/,Traditional Media,Nets,,,Villain Narrative,Negative,N/A,N/A,0.27343321657810615,Scraped via GoogleNews; classified by VADER + keyword rules,GoogleNews-Scraped + Rule-Based
"Jan 26, 2020",Yahoo Sports,"Kobe Bryant's daughter, 13-year-old Gianna, spoke of continuing father's legacy",https://sports.yahoo.com/kobe-bryant-daughter-13-year-old-gianna-was-prepared-to-continue-fathers-legacy-225950045.html,Traditional Media,Nets,,,Legacy Debate,Neutral,N/A,N/A,0.28576118247017573,Scraped via GoogleNews; classified by VADER + keyword rules,GoogleNews-Scraped + Rule-Based
"Sep 22, 2020",ESPN,Anthony Davis is building his legacy in these NBA playoffs,https://www.espn.com/nba/story/_/id/29937994/anthony-davis-building-legacy-nba-playoffs,Traditional Media,Nets,,,Social Media Drama,Positive,N/A,N/A,0.2478947604147614,Scraped via GoogleNews; classified by VADER + keyword rules,GoogleNews-Scraped + Rule-Based
"Jan 27, 2020",The Oklahoman,Kobe Bryant's on-court legacy 'intersected' with the Thunder's at pivotal moments,https://www.oklahoman.com/story/sports/nba/thunder/2020/01/27/kobe-bryants-on-court-legacy-intersected-with-the-thunders-at-pivotal-moments/60370942007/,Traditional Media,Nets,,,Villain Narrative,Positive,N/A,N/A,0.2937552353582872,Scraped via GoogleNews; classified by VADER + keyword rules,GoogleNews-Scraped + Rule-Based
"Dec 29, 2020",Business Insider,"VIDEO: Nike Commercial With Naomi Osaka, Kevin Durant, Sabrina Ionescu",https://www.businessinsider.com/video-nike-commercial-naomi-osaka-kevin-durant-sabrina-ionescu-kobe-2020-12,Traditional Media,Nets,,,Redemption,Negative,N/A,N/A,0.2731525608501474,Scraped via GoogleNews; classified by VADER + keyword rules,GoogleNews-Scraped + Rule-Based
"Aug 2, 2020",The New York Times,The Thunder’s front-office diversity has a history and a legacy,https://www.nytimes.com/athletic/1966612/2020/08/02/the-thunders-front-office-diversity-has-a-history-and-a-legacy/,Traditional Media,Nets,,,Villain Narrative,Positive,N/A,N/A,0.3464189675178271,Scraped via GoogleNews; classified by VADER + keyword rules,GoogleNews-Scraped + Rule-Based
"Apr 22, 2020",OKC Thunder Wire,Kendrick Perkins: I would have prevented 3-1 series loss to Warriors,https://okcthunderwire.usatoday.com/story/sports/nba/thunder/2020/04/22/kendrick-perkins-i-would-have-prevented-3-1-series-loss-to-warriors/77365821007/,Traditional Media,Nets,,,Social Media Drama,Negative,N/A,N/A,0.3337926705627265,Scraped via GoogleNews; classified by VADER + keyword rules,GoogleNews-Scraped + Rule-Based
"Jul 1, 2020",ESPN,NBA debate: The legacy of LeBron's Decision,https://www.espn.com/nba/story/_/id/29385150/nba-debate-legacy-lebron-decision,Traditional Media,Nets,,,Redemption,Positive,N/A,N/A,0.363808395114175,Scraped via GoogleNews; classified by VADER + keyword rules,GoogleNews-Scraped + Rule-Based
"May 3, 2020",The Oklahoman,Thunder Legacy Series: Nenad Krstic saw 'great potential' in first OKC team,https://www.oklahoman.com/story/sports/columns/2020/05/03/thunder-legacy-series-nenad-krstic-saw-great-potential-in-first-okc-team/60402413007/,Traditional Media,Nets,,,Villain Narrative,Positive,N/A,N/A,0.25149886640340163,Scraped via GoogleNews; classified by VADER + keyword rules,GoogleNews-Scraped + Rule-Based
"Oct 15, 2020",ESPN,What's the legacy of Daryl Morey's Houston Rockets?,https://www.espn.com.au/nba/story/_/id/30121610/legacy-daryl-morey-houston-rockets,Traditional Media,Nets,,,Legacy Debate,Neutral,N/A,N/A,0.3104459465135928,Scraped via GoogleNews; classified by VADER + keyword rules,GoogleNews-Scraped + Rule-Based
"May 17, 2020",ESPN,How 'The Last Dance' changed the way we think about Michael Jordan,https://www.espn.com/nba/story/_/id/29180240/how-last-dance-changed-way-think-michael-jordan,Traditional Media,Nets,,,Legacy Debate,Positive,N/A,N/A,0.41963546655533684,Scraped via GoogleNews; classified by VADER + keyword rules,GoogleNews-Scraped + Rule-Based
"Jan 10, 2020",USA Today,"After fiery Twitter exchange, Kendrick Perkins questions why Kevin Durant cares so much",https://www.usatoday.com/story/sports/nba/2020/01/10/kendrick-perkins-radio-interview-kevin-durant-twitter-feud/4433588002/,Traditional Media,Nets,,,Social Media Drama,Positive,N/A,N/A,0.3729243497611735,Scraped via GoogleNews; classified by VADER + keyword rules,GoogleNews-Scraped + Rule-Based
"May 17, 2020",Business Insider,ESPN's 'The Last Dance' has given modern NBA fans a unique look at Steve Kerr,https://www.businessinsider.com/steve-kerr-background-journey-to-nba-chicago-bulls-spurs-warriors-2020-5,Traditional Media,Nets,,,Rising Superstar,Positive,N/A,N/A,0.2708160658027664,Scraped via GoogleNews; classified by VADER + keyword rules,GoogleNews-Scraped + Rule-Based
"Aug 5, 2020",Inside the Hall,Class of 2022 guard Kamari Lands continues family legacy at La Lumiere,https://www.insidethehall.com/2020/08/05/class-of-2022-guard-kamari-lands-continues-family-legacy-at-la-lumiere/,Traditional Media,Nets,,,Legacy Debate,Neutral,N/A,N/A,0.24135362115427678,Scraped via GoogleNews; classified by VADER + keyword rules,GoogleNews-Scraped + Rule-Based
"Jan 28, 2020",Newsweek,Kobe Bryant’s Life and Legacy | Opinion,https://www.newsweek.com/kobe-bryants-life-legacy-opinion-1484477,Traditional Media,Nets,,,Legacy Debate,Negative,N/A,N/A,0.27913741607136283,Scraped via GoogleNews; classified by VADER + keyword rules,GoogleNews-Scraped + Rule-Based
"Jan 26, 2020",The New York Times,"Kobe Bryant’s ‘Mamba Mentality’ is his legacy, but so is his mentoring of LeBron James, Kyrie Irving and others",https://www.nytimes.com/athletic/1562560/2020/01/26/kobe-bryants-mamba-mentality-is-his-legacy-but-so-is-his-mentoring-of-lebron-james-kyrie-irving-and-others/,Traditional Media,Nets,,,Social Media Drama,Positive,N/A,N/A,0.2538618142143863,Scraped via GoogleNews; classified by VADER + keyword rules,GoogleNews-Scraped + Rule-Based
"Nov 30, 2020",San Francisco Chronicle,Second-round pick Nico Mannion hopes to build family legacy with Warriors,https://www.sfchronicle.com/warriors/article/2nd-round-pick-Nico-Mannion-hopes-to-build-family-15764791.php,Traditional Media,Nets,,,Rising Superstar,Positive,N/A,N/A,0.24695665829636435,Scraped via GoogleNews; classified by VADER + keyword rules,GoogleNews-Scraped + Rule-Based
"Apr 11, 2020",DW.com,The 'Fever Game' that changed Nowitzki's legacy,https://www.dw.com/en/the-fever-game-that-changed-dirk-nowitzkis-legacy/a-53095778,Traditional Media,Nets,,,Legacy Debate,Negative,N/A,N/A,0.2695012659743297,Scraped via GoogleNews; classified by VADER + keyword rules,GoogleNews-Scraped + Rule-Based
"Jan 29, 2020",Sir Charles In Charge,Kobe Bryant changed the fandom of the NBA for the better,https://sircharlesincharge.com/2020/01/29/kobe-bryant-changed-fandom-nba-better/,Traditional Media,Nets,,,Legacy Debate,Positive,N/A,N/A,0.22451123016712463,Scraped via GoogleNews; classified by VADER + keyword rules,GoogleNews-Scraped + Rule-Based
"Jan 18, 2020",The Springfield Student,The legend of hoops in the DMV,http://scstudentmedia.com/the-legend-of-hoops-in-the-dmv/,Traditional Media,Nets,,,Social Media Drama,Positive,N/A,N/A,0.4173296998617981,Scraped via GoogleNews; classified by VADER + keyword rules,GoogleNews-Scraped + Rule-Based
"Jul 4, 2020",Fadeaway World,Kevin Durant On Winning Championships With Warriors: ‘Wipe The Tears’,https://fadeawayworld.net/kevin-durant-on-winning-chips-with-warriors-wipe-the-tears,Traditional Media,Nets,,,Villain Narrative,Positive,N/A,N/A,0.23977938340237243,Scraped via GoogleNews; classified by VADER + keyword rules,GoogleNews-Scraped + Rule-Based
"Jan 26, 2020",The Oklahoman,In memory: Photos and videos of Kobe Bryant in Oklahoma City,https://www.oklahoman.com/story/sports/nba/2020/01/26/in-memory-photos-of-kobe-bryant-in-oklahoma-city/60371035007/,Traditional Media,Nets,,,Villain Narrative,Negative,N/A,N/A,0.32249457678922855,Scraped via GoogleNews; classified by VADER + keyword rules,GoogleNews-Scraped + Rule-Based
"Jul 7, 2020",Yahoo Sports,Patrick Mahomes didn't give up leverage. His historic deal was about long-term security and leaving a legacy,https://sports.yahoo.com/patrick-mahomes-historic-deal-is-about-longterm-security-and-leaving-a-legacy-233932380.html,Traditional Media,Nets,,,Rising Superstar,Positive,N/A,N/A,0.2511210769337653,Scraped via GoogleNews; classified by VADER + keyword rules,GoogleNews-Scraped + Rule-Based
"May 4, 2020",Australian Broadcasting Corporation,The Last Dance dives into the sketchier side of Michael Jordan's legacy,https://www.abc.net.au/news/2020-05-05/michael-jordan-legacy-the-last-dance-episodes-5-and-6/12216260,Traditional Media,Nets,,,Legacy Debate,Negative,N/A,N/A,0.406823744915294,Scraped via GoogleNews; classified by VADER + keyword rules,GoogleNews-Scraped + Rule-Based
"Jan 28, 2020",Metro.co.uk,Kevin Durant on why he didn't post Kobe Bryant tribute on social media,https://metro.co.uk/2020/01/28/kevin-durant-kobe-bryant-death-tribute-12142100/,Traditional Media,Nets,,,Social Media Drama,Negative,N/A,N/A,0.29305617018775343,Scraped via GoogleNews; classified by VADER + keyword rules,GoogleNews-Scraped + Rule-Based
"Dec 12, 2020",ESPN,Aleksej Pokusevski,https://www.espn.com.au/nba/player/_/id/4683018/aleksej-pokusevski,Traditional Media,Nets,,,Rising Superstar,Neutral,N/A,N/A,0.47538181636802795,Scraped via GoogleNews; classified by VADER + keyword rules,GoogleNews-Scraped + Rule-Based
"Nov 24, 2020",The Oklahoman,"How Steven Adams created countless memories with OKC Thunder? Stache Bros, flip flops and a 3-point shimmy",https://www.oklahoman.com/story/sports/columns/jenni-carlson/2020/11/24/how-steven-adams-created-countless-memories-with-okc-thunder-stache-bros-flip-flops-and-point-shimmy/314247007/,Traditional Media,Nets,,,Villain Narrative,Positive,N/A,N/A,0.28650352124116213,Scraped via GoogleNews; classified by VADER + keyword rules,GoogleNews-Scraped + Rule-Based
"Feb 12, 2020",Yahoo News Singapore,Kenya pledges 'valley of peace' legacy as veteran leader Moi buried,https://sg.news.yahoo.com/kenya-pledges-valley-peace-legacy-152731225.html,Traditional Media,Nets,,,Villain Narrative,Positive,N/A,N/A,0.19300499871508248,Scraped via GoogleNews; classified by VADER + keyword rules,GoogleNews-Scraped + Rule-Based
"Feb 3, 2020",Forbes,Black In Business: Celebrating The Legacy Of Black Entrepreneurship,https://www.forbes.com/sites/ruthumoh/2020/02/03/celebrating-black-history-month-2020/,Traditional Media,Nets,,,Legacy Debate,Positive,N/A,N/A,0.3247268770687408,Scraped via GoogleNews; classified by VADER + keyword rules,GoogleNews-Scraped + Rule-Based
"Dec 5, 2020",Fadeaway World,5 Ways Kawhi Leonard Can Enter The GOAT Conversation,https://fadeawayworld.net/5-ways-kawhi-leonard-can-enter-the-goat-conversation,Traditional Media,Nets,,,Social Media Drama,Positive,N/A,N/A,0.33111241938185587,Scraped via GoogleNews; classified by VADER + keyword rules,GoogleNews-Scraped + Rule-Based
"Dec 8, 2020",Houston Chronicle,Texans protect Chad Hansen on practice squad after big game,https://www.houstonchronicle.com/texas-sports-nation/texans/article/Texans-protect-Chad-Hansen-practice-squad-15785704.php,Traditional Media,Nets,,,Superstar,Positive,N/A,N/A,0.5013332335862588,Scraped via GoogleNews; classified by VADER + keyword rules,GoogleNews-Scraped + Rule-Based
"Feb 14, 2020",Yahoo News Singapore,"INTERVIEW: Looking back at their legacy, Magne Furuholmen now fully embraces a-ha as a pop band",https://sg.news.yahoo.com/interview-legacy-magne-furuholmen-music-aha-pop-band-095613652.html,Traditional Media,Nets,,,Legacy Debate,Negative,N/A,N/A,0.17774992462884737,Scraped via GoogleNews; classified by VADER + keyword rules,GoogleNews-Scraped + Rule-Based
"Aug 18, 2020",ComingSoon.net,Space Jam 2 Teaser Reveals First Look at New Tune Squad Jersey,https://www.comingsoon.net/movies/trailers/1145634-space-jam-2-teaser-tune-squad-jersey,Traditional Media,Nets,,,Social Media Drama,Negative,N/A,N/A,0.4813851212587671,Scraped via GoogleNews; classified by VADER + keyword rules,GoogleNews-Scraped + Rule-Based
"Dec 1, 2020",Fox Sports,Incredible legacy Bogut leaves behind — and the trade that changed the NBA forever,https://www.foxsports.com.au/basketball/nba/nba-2020-andrew-bogut-retires-nbl-rogues-bogues-podcast/news-story/1da2a62b9a69093c4083cee7e1c1781d,Traditional Media,Nets,,,Villain Narrative,Positive,N/A,N/A,0.3124860148645181,Scraped via GoogleNews; classified by VADER + keyword rules,GoogleNews-Scraped + Rule-Based
"Dec 4, 2020",Yahoo News Singapore,Putting a modern twist on Peranakan heirlooms: Homegrown jeweller Poh Heng celebrates heritage,https://sg.news.yahoo.com/putting-a-modern-twist-on-peranakan-heirlooms-jeweller-poh-heng-heritage-074526555.html,Traditional Media,Nets,,,Legacy Debate,Positive,N/A,N/A,0.34082057482148354,Scraped via GoogleNews; classified by VADER + keyword rules,GoogleNews-Scraped + Rule-Based
"Oct 17, 2020",EssentiallySports,Oklahoma City Thunder 2012 NBA Finals Core- Where are They Now?,https://www.essentiallysports.com/nba-news-oklahoma-city-thunder-2012-finals-core-where-are-they-now/,Traditional Media,Nets,,,Villain Narrative,Positive,N/A,N/A,0.365895453442311,Scraped via GoogleNews; classified by VADER + keyword rules,GoogleNews-Scraped + Rule-Based
"Jan 10, 2020",USA Today,6 times Kevin Durant owned his critics on social media,https://ftw.usatoday.com/story/sports/nba/2020/01/10/kevin-durants-greatest-hits-on-twitter/81567548007/,Traditional Media,Nets,,,Social Media Drama,Negative,N/A,N/A,0.2366238528060463,Scraped via GoogleNews; classified by VADER + keyword rules,GoogleNews-Scraped + Rule-Based
"Aug 29, 2020",NBC Sports Bay Area & California,KD explains why he still uses burner account on Twitter,https://www.nbcsportsbayarea.com/nba/golden-state-warriors/kd-explains-why-he-still-uses-burner-account-on-twitter/1120058/,Traditional Media,Nets,,,Social Media Drama,Neutral,N/A,N/A,0.4246297774340794,Scraped via GoogleNews; classified by VADER + keyword rules,GoogleNews-Scraped + Rule-Based
"Feb 6, 2020",CBS Sports,"Kevin Durant talks Twitter burner accounts, Kyrie Irving and the Knicks in wide-ranging sit down",https://www.cbssports.com/nba/news/kevin-durant-talks-twitter-burner-accounts-kyrie-irving-and-the-knicks-in-wide-ranging-sit-down/,Traditional Media,Nets,,,Social Media Drama,Neutral,N/A,N/A,0.39246245114052164,Scraped via GoogleNews; classified by VADER + keyword rules,GoogleNews-Scraped + Rule-Based
"Oct 2, 2020",Front Office Sports,Live… From Instagram: How Athletes are Breaking News on Social Media,https://frontofficesports.com/athletes-signings-social-media/,Traditional Media,Nets,,,Social Media Drama,Positive,N/A,N/A,0.45603368169545283,Scraped via GoogleNews; classified by VADER + keyword rules,GoogleNews-Scraped + Rule-Based
"Jan 10, 2020",Cavaliers Nation,Former Cavs Big Man Puts Kevin Durant in His Place in Latest Twitter Beef,https://cavaliersnation.com/2020/01/10/former-cavs-big-man-kevin-durant-place-twitter-beef/,Traditional Media,Nets,,,Social Media Drama,Positive,N/A,N/A,0.4107353122041348,Scraped via GoogleNews; classified by VADER + keyword rules,GoogleNews-Scraped + Rule-Based
"Jun 19, 2020",The Oklahoman,OKC Thunder: Has Kendrick Perkins ended feud with Kevin Durant?,https://www.oklahoman.com/story/sports/columns/berry-tramel/2020/06/19/perk-speaks-with-passion-to-old-pal-durant/60395429007/,Traditional Media,Nets,,,Social Media Drama,Positive,N/A,N/A,0.2503527649815397,Scraped via GoogleNews; classified by VADER + keyword rules,GoogleNews-Scraped + Rule-Based
"Feb 6, 2020",Sports Illustrated,Kevin Durant Still Uses a Burner Account to Respond to Haters Online,https://www.si.com/nba/2020/02/06/kevin-durant-burner-account-matt-barnes-video,Traditional Media,Nets,,,Social Media Drama,Negative,N/A,N/A,0.35060532427163343,Scraped via GoogleNews; classified by VADER + keyword rules,GoogleNews-Scraped + Rule-Based
"Nov 5, 2020",slamonline.com,Kevin Durant Defends Chris Paul’s Hall of Fame Status,https://slamonline.com/nba/kevin-durant-defends-chris-pauls-hall-of-fame-status/,Traditional Media,Nets,,,Rising Superstar,Positive,N/A,N/A,0.33699288108408654,Scraped via GoogleNews; classified by VADER + keyword rules,GoogleNews-Scraped + Rule-Based
"Mar 27, 2020",Forbes,Kevin Durant’s Business Partner Rich Kleiman On How Star Athletes Are Handling The Coronavirus Crisis.,https://www.forbes.com/sites/stevenbertoni/2020/03/27/kevin-durants-business-partner-rich-kleiman-on-how-star-athletes-are-handling-the-coronavirus-crisis/,Traditional Media,Nets,,,Social Media Drama,Positive,N/A,N/A,0.3105939461294831,Scraped via GoogleNews; classified by VADER + keyword rules,GoogleNews-Scraped + Rule-Based
"Dec 22, 2020",Andscape,The ballers who missed the NBA bubble are ready to continue the fight,https://andscape.com/features/the-ballers-who-missed-the-nba-bubble-are-ready-to-continue-the-fight/,Traditional Media,Nets,,,Superstar,Negative,N/A,N/A,0.2939484233067209,Scraped via GoogleNews; classified by VADER + keyword rules,GoogleNews-Scraped + Rule-Based
"Aug 26, 2020",Nets Wire,Kevin Durant explains why he still has a Twitter burner account,https://netswire.usatoday.com/story/sports/nba/nets/2020/08/26/kevin-durant-explains-why-he-still-has-a-twitter-burner-account/77286354007/,Traditional Media,Nets,,,Social Media Drama,Positive,N/A,N/A,0.4970979860096735,Scraped via GoogleNews; classified by VADER + keyword rules,GoogleNews-Scraped + Rule-Based
"Jan 15, 2020",The Oklahoman,Kevin Durant's Twitter war with former Thunder teammate Kendrick Perkins is quite revealing,https://www.oklahoman.com/story/sports/columns/berry-tramel/2020/01/15/durants-twitter-war-with-perkins-is-quite-revealing/60368232007/,Traditional Media,Nets,,,Social Media Drama,Negative,N/A,N/A,0.2711661163749728,Scraped via GoogleNews; classified by VADER + keyword rules,GoogleNews-Scraped + Rule-Based
"Apr 14, 2020",Bleacher Report,Kevin Durant Reportedly Accused Writer of Trying to 'Rile Up' Steph Curry Fans,https://bleacherreport.com/articles/2886618-kevin-durant-reportedly-accused-writer-of-trying-to-rile-up-steph-curry-fans,Traditional Media,Nets,,,Superstar,Negative,N/A,N/A,0.2605556794385275,Scraped via GoogleNews; classified by VADER + keyword rules,GoogleNews-Scraped + Rule-Based
"Mar 30, 2020",New York Post,Rihanna teases Kevin Durant over coronavirus diagnosis,https://nypost.com/2020/03/30/rihanna-teases-kevin-durant-over-coronavirus-diagnosis-on-instagram/,Traditional Media,Nets,,,Social Media Drama,Positive,N/A,N/A,0.22116784826432076,Scraped via GoogleNews; classified by VADER + keyword rules,GoogleNews-Scraped + Rule-Based
"Mar 4, 2020",FOX Sports,Kevin Durant opens restaurant in Oklahoma City,https://www.foxsports.com/stories/other/kevin-durant-opens-restaurant-in-oklahoma-city,Traditional Media,Nets,,,Villain Narrative,Positive,N/A,N/A,0.3435085327881898,Scraped via GoogleNews; classified by VADER + keyword rules,GoogleNews-Scraped + Rule-Based
"Jun 19, 2020",nothinbutnets.com,Kevin Durant: Nets Star Calls Out Kendrick Perkins for Kyrie Irving Criticism,https://nothinbutnets.com/2020/06/19/nets-kendrick-perkins-literally-cries-in-response-to-kevin-durant-calling-him-a-sellout/,Traditional Media,Nets,,,Villain Narrative,Negative,N/A,N/A,0.23866046594669826,Scraped via GoogleNews; classified by VADER + keyword rules,GoogleNews-Scraped + Rule-Based
"Aug 25, 2020",Fadeaway World,"Kevin Durant: ""I Have A Burner Twitter Account Still""",https://fadeawayworld.net/nba-media/kevin-durant-i-have-a-burner-twitter-account-still-2,Traditional Media,Nets,,,Social Media Drama,Positive,N/A,N/A,0.512669467558158,Scraped via GoogleNews; classified by VADER + keyword rules,GoogleNews-Scraped + Rule-Based
"Feb 9, 2020",Blue Man Hoop,Kevin Durant speaks on time with Warriors; Beef with Draymond Green,https://bluemanhoop.com/2020/02/09/kevin-durant-speaks-time-warriors-beef-draymond-green/,Traditional Media,Nets,,,Superstar,Positive,N/A,N/A,0.27985845674682863,Scraped via GoogleNews; classified by VADER + keyword rules,GoogleNews-Scraped + Rule-Based
"Jan 9, 2020",Fadeaway World,Kevin Durant’s Most Bizarre Tweets Of All Time,https://fadeawayworld.net/kevin-durants-most-bizarre-tweets-of-all-time,Traditional Media,Nets,,,Social Media Drama,Positive,N/A,N/A,0.2818086026008735,Scraped via GoogleNews; classified by VADER + keyword rules,GoogleNews-Scraped + Rule-Based
"Mar 19, 2020",papermag.com,Surgeon General Asks Kylie Jenner to Help Fight COVID-19,https://www.papermag.com/kylie-jenner-says-stay-home,Traditional Media,Nets,,,Superstar,Positive,N/A,N/A,0.38781134469879885,Scraped via GoogleNews; classified by VADER + keyword rules,GoogleNews-Scraped + Rule-Based
"Jan 10, 2020",USA Today,Kevin Durant and Kendrick Perkins got into a very personal late-night Twitter fight,https://ftw.usatoday.com/story/sports/nba/2020/01/10/kevin-durant-kendrick-perkins-twitter-fight/81567576007/,Traditional Media,Nets,,,Social Media Drama,Negative,N/A,N/A,0.2879866509673107,Scraped via GoogleNews; classified by VADER + keyword rules,GoogleNews-Scraped + Rule-Based
"Apr 16, 2020",Fox Sports,‘Don’t kiss Steph’s a** at my expense’: How KD’s jealousy sparked stunning blow up,https://www.foxsports.com.au/basketball/dont-kiss-stephs-a-at-my-expense-how-kds-curry-jealousy-made-reporter-explode/news-story/f09016e8086c7e1af2e66b5ccfccc5f5,Traditional Media,Nets,,,Rising Superstar,Positive,N/A,N/A,0.248388221111695,Scraped via GoogleNews; classified by VADER + keyword rules,GoogleNews-Scraped + Rule-Based
"Mar 4, 2020",TMZ,'Snacks' Lee Gets Signed Jersey From Kevin Durant After Viral 3-Pointer,https://www.tmz.com/2020/03/04/snacks-lee-thomas-jackson-state-basketball-kevin-durant/,Traditional Media,Nets,,,Superstar,Positive,N/A,N/A,0.2918079202059151,Scraped via GoogleNews; classified by VADER + keyword rules,GoogleNews-Scraped + Rule-Based
"Mar 17, 2020",Reign of Troy,Kevin Durant pictured with USC football player before coronavirus test,https://reignoftroy.com/2020/03/17/kevin-durant-usc-football-defensive-lineman-coronavirus/,Traditional Media,Nets,,,Social Media Drama,Positive,N/A,N/A,0.2938826255047192,Scraped via GoogleNews; classified by VADER + keyword rules,GoogleNews-Scraped + Rule-Based
"Mar 19, 2020",Business Insider,"Coronavirus: US Surgeon General Asks Kylie Jenner, Influencers to Help",https://www.businessinsider.com/coronavirus-surgeon-general-calls-on-kylie-jenner-influencers-millenials-teens-2020-3,Traditional Media,Nets,,,Rising Superstar,Positive,N/A,N/A,0.2852474525065583,Scraped via GoogleNews; classified by VADER + keyword rules,GoogleNews-Scraped + Rule-Based
"Aug 25, 2020",Sportscasting,Kevin Durant Admits He Still Uses Burner Accounts 3 Years After Getting Embarrassingly Caught,https://www.sportscasting.com/news/kevin-durant-admits-he-still-uses-burner-accounts-3-years-after-getting-embarrassingly-caught/,Traditional Media,Nets,,,Social Media Drama,Negative,N/A,N/A,0.5202672830486766,Scraped via GoogleNews; classified by VADER + keyword rules,GoogleNews-Scraped + Rule-Based
"May 8, 2020",12up.com,Kevin Durant Reignites Petty Twitter War With Tone-Deaf Comment about Being Too Sensitive,https://www.12up.com/posts/kevin-durant-petty-twitter-war-tone-deaf-comment-being-too-sensitive-01e7tthfqdry,Traditional Media,Nets,,,Social Media Drama,Negative,N/A,N/A,0.3049477771857101,Scraped via GoogleNews; classified by VADER + keyword rules,GoogleNews-Scraped + Rule-Based
"May 17, 2020",USA Today,Kevin Durant used an Instagram comment to jab back at Warriors GM,https://ftw.usatoday.com/story/sports/nba/2020/05/17/warriors-kevin-durant-gm-bob-myers-instagram-burn/81545145007/,Traditional Media,Nets,,,Social Media Drama,Positive,N/A,N/A,0.23505125189258674,Scraped via GoogleNews; classified by VADER + keyword rules,GoogleNews-Scraped + Rule-Based
"Mar 20, 2020",Fox Business,Kylie Jenner delivers coronavirus-related social media messages,https://www.foxbusiness.com/lifestyle/kylie-jenner-ups-coronavirus-related-social-media-presence,Traditional Media,Nets,,,Social Media Drama,Neutral,N/A,N/A,0.2851783946966273,Scraped via GoogleNews; classified by VADER + keyword rules,GoogleNews-Scraped + Rule-Based
"Aug 25, 2020",Business Insider,Jack Dorsey says he doesn't use any Facebook products and that he and Mark Zuckerberg have 'different approaches',https://www.businessinsider.com/jack-dorsey-doesnt-use-facebook-apps-mark-zuckerberg-critique-2020-8,Traditional Media,Nets,,,Social Media Drama,Positive,N/A,N/A,0.3185271072190421,Scraped via GoogleNews; classified by VADER + keyword rules,GoogleNews-Scraped + Rule-Based
"Aug 31, 2020",Fadeaway World,NBA Twitter Destroys Kevin Durant After His Tweet,https://fadeawayworld.net/nba-twitter-destroys-kevin-durant-after-his-tweet,Traditional Media,Nets,,,Social Media Drama,Negative,N/A,N/A,0.237059331863129,Scraped via GoogleNews; classified by VADER + keyword rules,GoogleNews-Scraped + Rule-Based
"Jul 16, 2020",Fadeaway World,NBA Rumors: Kevin Durant Wants Mark Jackson To Coach The Brooklyn Nets,https://fadeawayworld.net/nba-rumors-kevin-durant-wants-mark-jackson-to-coach-brooklyn-nets,Traditional Media,Nets,,,Social Media Drama,Negative,N/A,N/A,0.36696363300056356,Scraped via GoogleNews; classified by VADER + keyword rules,GoogleNews-Scraped + Rule-Based
"Jul 8, 2020",Fadeaway World,Kevin Durant Caught 'Liking' An IG Photo Of Anti-Semite Louis Farrakhan Posted By DeSean Jackson,https://fadeawayworld.net/kevin-durant-caught-liking-an-ig-photo-of-anti-semite-louis-farrakhan-posted-by-desean-jackson,Traditional Media,Nets,,,Social Media Drama,Positive,N/A,N/A,0.23127749544429063,Scraped via GoogleNews; classified by VADER + keyword rules,GoogleNews-Scraped + Rule-Based
"Mar 19, 2020",Page Six,Surgeon general asks for Kylie Jenner's help to fight coronavirus,https://pagesix.com/2020/03/19/surgeon-general-jerome-adams-asks-for-kylie-jenners-help-to-fight-coronavirus/,Traditional Media,Nets,,,Superstar,Positive,N/A,N/A,0.2956178556294649,Scraped via GoogleNews; classified by VADER + keyword rules,GoogleNews-Scraped + Rule-Based
"Feb 20, 2020",TotalProSports,"Kevin Durant Explains Why His Hair is Nappy Looking During Games, Says The Memes Are Funny (VIDEO)",https://www.totalprosports.com/nba/kevin-durant-explains-why-his-hair-is-nappy-looking-during-games-says-the-memes-are-funny-video/,Traditional Media,Nets,,,Superstar,Positive,N/A,N/A,0.29715319554796144,Scraped via GoogleNews; classified by VADER + keyword rules,GoogleNews-Scraped + Rule-Based
"Jun 19, 2020",TotalProSports,Kendrick Perkins Appears To Cry As He Responds To Kevin Durant Calling Him A ‘Sell-Out’ (VIDEO),https://www.totalprosports.com/nba/kendrick-perkins-appears-to-cry-as-he-responds-to-kevin-durant-calling-him-a-sell-out-video/,Traditional Media,Nets,,,Villain Narrative,Negative,N/A,N/A,0.32536073149521333,Scraped via GoogleNews; classified by VADER + keyword rules,GoogleNews-Scraped + Rule-Based
"Aug 6, 2021",ESPN,"Kevin Durant signs 4-year, $198M extension with Brooklyn Nets, manager says",https://www.espn.com/nba/story/_/id/31974570/kevin-durant-plans-4-year-198m-extension-brooklyn-nets-manager-says,Traditional Media,Nets,,,Superstar,Positive,N/A,N/A,0.36887195010270396,Scraped via GoogleNews; classified by VADER + keyword rules,GoogleNews-Scraped + Rule-Based
"Apr 14, 2021",Yahoo Sports,Kevin Durant Scores With $86 Billion Coinbase Valuation,https://sports.yahoo.com/kevin-durant-scores-86-billion-214752669.html,Traditional Media,Nets,,,Redemption,Positive,N/A,N/A,0.2643798957468416,Scraped via GoogleNews; classified by VADER + keyword rules,GoogleNews-Scraped + Rule-Based
"Aug 19, 2021",Forbes,"Kevin Durant, Rich Kleiman On Cannabis, Partnership With Weedmaps: ‘The Band-Aid’s Been Ripped Off’",https://www.forbes.com/sites/javierhasse/2021/08/19/kevin-durant-rich-kleiman-partner-with-cannabis-tech-co-weedmaps-the-dialogue-is-way-more-open-than-it-used-to-be/,Traditional Media,Nets,,,Social Media Drama,Positive,N/A,N/A,0.24136143956041625,Scraped via GoogleNews; classified by VADER + keyword rules,GoogleNews-Scraped + Rule-Based
"Apr 18, 2021",ESPN,Brooklyn Nets' Kevin Durant exits in first quarter with left thigh contusion; will be reevaluated Monday,https://www.espn.com/nba/story/_/id/31284758/brooklyn-nets-star-kevin-durant-suffers-thigh-injury-1st-quarter-vs-miami-heat,Traditional Media,Nets,,,Villain Narrative,Positive,N/A,N/A,0.2952097726242358,Scraped via GoogleNews; classified by VADER + keyword rules,GoogleNews-Scraped + Rule-Based
"Jul 15, 2021",Yahoo Sports,Kevin Durant on Team USA's struggles: 'The stars were kind of aligned for us to lose early',https://sports.yahoo.com/kevin-durant-on-team-usa-struggles-the-stars-were-kind-of-aligned-for-us-to-lose-early-160621684.html,Traditional Media,Nets,,,Rising Superstar,Negative,N/A,N/A,0.42947725746506055,Scraped via GoogleNews; classified by VADER + keyword rules,GoogleNews-Scraped + Rule-Based
"Nov 24, 2021",ESPN,Kevin Durant passes Allen Iverson on NBA career scoring list: 'It's all surreal',https://www.espn.com/nba/story/_/id/32710812/kevin-durant-passes-allen-iverson-nba-career-scoring-list-all-surreal,Traditional Media,Nets,,,Redemption,Positive,N/A,N/A,0.3055691582226475,Scraped via GoogleNews; classified by VADER + keyword rules,GoogleNews-Scraped + Rule-Based
"Nov 14, 2021",ESPN,Brooklyn Nets' Kevin Durant playing through shoulder issue amid hot start to season,https://www.espn.com/nba/story/_/id/32634914/brooklyn-nets-kevin-durant-playing-shoulder-issue-amid-hot-start-season,Traditional Media,Nets,,,Villain Narrative,Positive,N/A,N/A,0.27647556570238807,Scraped via GoogleNews; classified by VADER + keyword rules,GoogleNews-Scraped + Rule-Based
"Dec 18, 2021",ESPN,"Kevin Durant, Kyrie Irving enter NBA's health and safety protocols, among 10 Brooklyn Nets players added this week",https://www.espn.com/nba/story/_/id/32895227/kevin-durant-becomes-8th-brooklyn-nets-player-enter-nba-health-safety-protocol,Traditional Media,Nets,,,Superstar,Positive,N/A,N/A,0.3165013430332873,Scraped via GoogleNews; classified by VADER + keyword rules,GoogleNews-Scraped + Rule-Based
"Aug 19, 2021",ESPN,Kevin Durant aims to destigmatize marijuana use with new partnership,https://www.espn.com/nba/story/_/id/32051873/kevin-durant-aims-destigmatize-marijuana-use-new-partnership,Traditional Media,Nets,,,Social Media Drama,Positive,N/A,N/A,0.3132117076262402,Scraped via GoogleNews; classified by VADER + keyword rules,GoogleNews-Scraped + Rule-Based
"Dec 28, 2021",ESPN,"Brooklyn Nets' Kevin Durant, Kyrie Irving, LaMarcus Aldridge clear health and safety protocols",https://www.espn.com/nba/story/_/id/32952045/brooklyn-nets-kevin-durant-kyrie-irving-lamarcus-aldridge-clear-health-safety-protocols,Traditional Media,Nets,,,Social Media Drama,Positive,N/A,N/A,0.32963060965826346,Scraped via GoogleNews; classified by VADER + keyword rules,GoogleNews-Scraped + Rule-Based
"Oct 6, 2021",ESPN,Kevin Durant still envisions Kyrie Irving 'being part' of Nets despite uncertain status,https://www.espn.com/nba/story/_/id/32350274/kevin-durant-envisions-kyrie-irving-being-part-nets-uncertain-status,Traditional Media,Nets,,,Superstar,Negative,N/A,N/A,0.30402790809700264,Scraped via GoogleNews; classified by VADER + keyword rules,GoogleNews-Scraped + Rule-Based
"Dec 10, 2021",ESPN,Kevin Durant shuts off Trae Young late as Brooklyn Nets collect another road win,https://www.espn.com/nba/story/_/id/32840996/kevin-durant-shuts-trae-young-late-brooklyn-nets-collect-another-road-win,Traditional Media,Nets,,,Rising Superstar,Positive,N/A,N/A,0.39860931051896015,Scraped via GoogleNews; classified by VADER + keyword rules,GoogleNews-Scraped + Rule-Based
"Nov 19, 2021",ESPN,Brooklyn Nets' Kevin Durant sits out first game of season because of shoulder sprain,https://www.espn.com/nba/story/_/id/32667396/brooklyn-nets-kevin-durant-miss-first-game-season-due-shoulder-sprain,Traditional Media,Nets,,,Redemption,Positive,N/A,N/A,0.4668079892969051,Scraped via GoogleNews; classified by VADER + keyword rules,GoogleNews-Scraped + Rule-Based
"Sep 30, 2021",ESPN,"Brooklyn Nets star Kevin Durant says he is 'more at ease' entering 15th season, less focused on opinions of others",https://www.espn.com/nba/story/_/id/32314630/brooklyn-nets-star-kevin-durant-says-more-ease-entering-15th-season-less-focused-opinions-others,Traditional Media,Nets,,,Rising Superstar,Positive,N/A,N/A,0.2471177997361765,Scraped via GoogleNews; classified by VADER + keyword rules,GoogleNews-Scraped + Rule-Based
"Apr 25, 2021",ESPN,"Kevin Durant returns, scores 33 points off bench in Brooklyn Nets' win over Phoenix Suns",https://www.espn.com/nba/story/_/id/31334328/kevin-durant-returns-scores-33-points-bench-brooklyn-nets-win-phoenix-suns,Traditional Media,Nets,,,Redemption,Positive,N/A,N/A,0.3535098703519199,Scraped via GoogleNews; classified by VADER + keyword rules,GoogleNews-Scraped + Rule-Based
"Aug 7, 2021",Andscape,Kevin Durant’s golden moment was built on years of hard work and competitive brilliance,https://andscape.com/features/kevin-durants-golden-moment-build-on-years-of-hard-work-and-competitive-brilliance/,Traditional Media,Nets,,,Villain Narrative,Positive,N/A,N/A,0.2484193250024333,Scraped via GoogleNews; classified by VADER + keyword rules,GoogleNews-Scraped + Rule-Based
"Aug 19, 2021",Marijuana Moment,NBA Star Kevin Durant Teams Up With Weedmaps To Destigmatize Marijuana In Sports,https://www.marijuanamoment.net/nba-star-kevin-durant-teams-up-with-weedmaps-to-destigmatize-marijuana-in-sports/,Traditional Media,Nets,,,Social Media Drama,Positive,N/A,N/A,0.30516091725836336,Scraped via GoogleNews; classified by VADER + keyword rules,GoogleNews-Scraped + Rule-Based
"Aug 2, 2021",slamonline.com,"Even 10 Years Later, Kevin Durant’s 66-Point Performance at Rucker Park is Still Legendary",https://slamonline.com/nba/kevin-durants-66-point-performance-at-rucker-park-is-still-legendary/,Traditional Media,Nets,,,Legacy Debate,Positive,N/A,N/A,0.2548942004322042,Scraped via GoogleNews; classified by VADER + keyword rules,GoogleNews-Scraped + Rule-Based
"Apr 25, 2021",ESPN,Kevin Durant returns to Brooklyn Nets' lineup Sunday after missing 3 games with thigh injury,https://www.espn.com/nba/story/_/id/31331000/sources-kevin-durant-plans-return-brooklyn-nets-lineup-sunday-missing-3-games-thigh-injury,Traditional Media,Nets,,,Redemption,Negative,N/A,N/A,0.2582274606478883,Scraped via GoogleNews; classified by VADER + keyword rules,GoogleNews-Scraped + Rule-Based
"Jun 21, 2021",TrueHoop | Henry Abbott,What exhausted Kevin Durant?,https://www.truehoop.com/p/what-exhausted-kevin-durant,Traditional Media,Nets,,,Social Media Drama,Positive,N/A,N/A,0.3188124105053963,Scraped via GoogleNews; classified by VADER + keyword rules,GoogleNews-Scraped + Rule-Based
"Jul 21, 2021",New York Post,Kevin Durant: Good for Team USA to get ‘punch in the mouth’,https://nypost.com/2021/07/21/kevin-durant-good-for-team-usa-to-get-punch-in-the-mouth/,Traditional Media,Nets,,,Superstar,Negative,N/A,N/A,0.43214019465527,Scraped via GoogleNews; classified by VADER + keyword rules,GoogleNews-Scraped + Rule-Based
"Dec 1, 2021",New York Post,Kevin Durant’s workload an issue for Nets,https://nypost.com/2021/12/01/kevin-durants-workload-an-issue-for-nets/,Traditional Media,Nets,,,Superstar,Negative,N/A,N/A,0.3230958048333651,Scraped via GoogleNews; classified by VADER + keyword rules,GoogleNews-Scraped + Rule-Based
"Jun 24, 2021",ESPN,"'They followed Phil, not you': Kevin Durant claps back at Scottie Pippen",https://www.espn.com/nba/story/_/id/31702693/they-followed-phil-not-kevin-durant-claps-back-scottie-pippen,Traditional Media,Nets,,,Social Media Drama,Positive,N/A,N/A,0.30541796342575833,Scraped via GoogleNews; classified by VADER + keyword rules,GoogleNews-Scraped + Rule-Based
"Oct 20, 2021",The Courier-Journal,Former Louisville star Jordan Nwora blocks Kevin Durant to open NBA season,https://www.courier-journal.com/story/sports/nba/2021/10/20/milwaukee-bucks-jordan-nwora-blocks-kevin-durant-open-nba-season/8534266002/,Traditional Media,Nets,,,Social Media Drama,Neutral,N/A,N/A,0.3048854408664563,Scraped via GoogleNews; classified by VADER + keyword rules,GoogleNews-Scraped + Rule-Based
