id,player_name,player_status,year_of_event,statement_made,event_description,platform,event_type,media_tone,post_status,media_coverage,sources,url,valid
1,Jason Kelce,Retired,2025.0,Man I love the 4th...we all share in common that we are American,Instagram post celebrating July 4th sparked backlash due to political context and timing,Instagram,Controversy,Negative,Active,High,"Fox News, US Weekly, Yahoo Sports",https://www.yahoo.com/entertainment/articles/jason-kelce-slammed-tone-deaf-185134012.html?guccounter=1&guce_referrer=aHR0cHM6Ly93d3cuZ29vZ2xlLmNvbS8&guce_referrer_sig=AQAAADrJ-a3_k8kxNkzivlOGOq4_OpPORRdt9NRY3butbKPSUleZi7xL_a7b1fWzsvaGTU1bZhVKP-hvn1HmMsM-ecLzFUapnrU_v-oNJ5Jv0xdPWjX5syumoNeUScHJ2CJ3Nj-Qvp_VFE1xaSkgYNGblNYtSfj_azVwJm3skuK1pOAc,
2,Warren Sapp,Retired,2025.0,Texas is Fake Football,Response to a tweet that praises Texas running back ,Twitter/X,Controversy,Negative,Deleted,Medium,"MSN, Yahoo Sports",https://sports.yahoo.com/articles/nfl-legend-warren-sapp-calls-154715384.html,
3,Puka Nacua,Playing,2025.0,I deeply apologize...I do not stand for any form of...hate of another groupe of people,Apologizes after making antisemitic gesture during livestream,Instagram,Apology,Negative,Deleted,High,"CNN, Yahoo Sports, BBC",https://www.cnn.com/2025/12/18/sport/football-nfl-rams-puka-nacua-apology-antisemitism,
4,Travis Kelce,Playing,2024.0,happy easter...#shoutout to Jesus for takin one for the team...,Wishing everyone a Happy Easter while making jokes of the crucifixation of Jesus,Twitter/X,Controversy,Mixed,Active,High,"Yahoo Sports, E! News, People",https://www.yahoo.com/entertainment/articles/travis-kelce-resurfaced-easter-tweet-123536254.html,
5,Deion Sanders,Playing,2024.0,He will be a top 5 pick. Where yo son going?,Response to a fan about the draft pick ranking of another player,Twitter/X,Controversy,Negative,Deleted,Medium,"Yahoo Sports, ESPN, Fox News",https://sports.yahoo.com/article/deion-sanders-eats-crow-shedeur-175135709.html,
6,Rashard Mendenhall,Retired,2023.0,I'm sick of average white guys commenting on football. Y'all not even good at football,Made a racist tweet about white NFL playerss,Twitter/X,Controversy,Negative,Deleted,Medium,"ESPN, CBS Sports",https://www.outkick.com/sports/sports-media-silent-on-rashard-mendenhall-anti-white-tweet-calls-for-neo-segregation-bobby-burack,
7,Tony Dungy,Retired,2023.0,Some school districts are putting litter boxes in the school bathrooms for students who identify as cats,Response to a proposed Minnesota state bill that requires menstrual products in boys' school bathroom,Twitter/X,Controversy,Negative,Deleted,Medium,"IndyStar, Fox News",https://www.indystar.com/story/sports/nfl/colts/2023/01/19/ex-indianapolis-colts-coach-tony-dungy-deletes-cat-litter-tweet/69820624007/?gnt-cfr=1&gca-cat=p&gca-uir=true&gca-epti=z116418e1131xxv116418d--71--b--71--&gca-ft=216&gca-ds=sophi,
8,Maxx Crosby,Playing,2026.0,KC!!!!!!🔥🔥🔥🔥🔥🔥 44 Is A Problem!!,Supports current New England Patriots' defender K'Lavon Chaisson,Twitter/X,Support,Positive,Active,Low,PatriotsWire,https://patriotswire.usatoday.com/story/sports/nfl/patriots/2026/01/12/maxx-crosby-tweets-out-patriots-player-social-media-crazy/88138724007/,
9,Puka Nacua,Playing,2025.0,Can you say i was wrong. Appreciate you stripes for your contribution. Lol,Calling out the referees after team's loss,Twitter/X,Controversy,Mixed,Deleted ,Low,HindustanTimes ,https://www.hindustantimes.com/sports/us-sports/puka-nacua-twitter-post-slams-nfl-refs-after-la-rams-loss-as-wr-doubles-down-on-criticism-can-you-say-i-was-wrong-101766124227161.html,
10,Princely Umanmielen,Playing,2025.0,#justiceforyounghoekoo,"""Funny"" response after Facon's loss after being bantered about the game ",Twitter/X,Humor,Positive,Active,Low,PanthersWire ,https://sports.yahoo.com/article/panthers-olb-princely-umanmielen-explains-195456186.html,
11,Ben DiNucci,Playing,2025.0,"Not many beers better than the airport ""I just got cut from the NFL for the 7th time"" beer",Posts after being cut by the Falcons,Twitter/X,Humor,Positive,Active,Medium,"Yahoo Sports, New York Times",https://sports.yahoo.com/article/ben-dinucci-needed-airport-beer-182105778.html,
12,Carl Nasshib,Playing,2022.0,❤️❤️@trevorproject,Partnering with the Trevor Project to support young people who are struggling mentally when it comes to being part of the LBGTQ community,Instagram,Support,Positive,Active ,Low,US Outlet,https://www.nfl.com/news/nfl-trailblazer-carl-nassib-made-enduring-impact-on-nonprofit-the-trevor-project,
13,Larry Johnson,Retired,2020.0,Jews do not have a plan for world domination.,"Tweets about anti-semitic tropes, impling that ""Jewish cabal"" was responsible for crimes like sex trafficking, etc. ",Twitter/X,Controversy,Negative,Active,Medium,"JNS, Yahoo Sports",https://www.i24news.tv/en/news/international/sport/1596555425-former-nfl-player-larry-johnson-tweets-anti-semitic-tropes,
14,Jonathan Allen,Playing,2022.0,"granddad, hitler and michael jackson","Responds to a fan's question about who he would like to have, dead or alive,  at the dinner table",Twitter/X,Controversy,Negative,Deleted,Medium,ESPN,https://www.espn.com/nfl/story/_/id/33254443/washington-commanders-dt-jonathan-allen-apologizes-saying-dine-hitler,
15,LeSean Shady Mccoy,Playing,2019.0,The worst day ever....they killed iron man,Spoils the ending of highly anticipated movie Avengers: Endgame,Twitter/X,Controversy,Negative,Active,Low,IMDb ,https://www.imdb.com/news/ni62461533/,
16,Marquette King,Playing,2020.0,If I played rugby I would dominate easily,"Tweets about dominating the rugby if ever played, receiving roasts from rugby players",Twitter/X,Controversy,Negative,Deleted,Medium,ESPN,https://www.espn.com/rugby/story/_/id/29344948/former-nfl-punter-receives-roasting-rugby-players-dominate-tweet,
17,Robert Griffin III,Retired,2025.0,I didn't fall in love with Grete because of her skin color. I fell in love with her heart.,Defends his wife from those who commented about her skin color,Twitter/X,Support,Positive,Active,Low,Major Entertainment Outlet,https://www.yahoo.com/entertainment/celebrity/articles/nfl-robert-griffin-iii-stirs-173949328.html,
18,Kyle Pitts,Playing,2026.0,All that talk and fake emotion and nobody want to show up to lay you to rest...Just at a loss of words,Pointing out the teammates who didn't show up to respect Rondale Moore's funeral,Instagram,Controversy,Negative,Unavailable,Medium,US Weekly ,https://sports.yahoo.com/articles/kyle-pitts-calls-teammates-fake-193445440.html,
19,Baker Mayfield,Playing,2026.0,Still waiting on a text/call from him after I got shipped off like a piece of garbage.,Throws shade at former coach Kevin Stefanski regarding their time working together under the Cleveland Brown,Twitter/X,Controversy,Negative,Active,Medium,US Weekly ,https://sports.yahoo.com/articles/shipped-off-piece-garbage-baker-130729364.html,
20,Puka Nacua,Playing,2025.0,I don't think I'll be ready to get married anytime soon...I'm [trying to] win a Super Bowl,Ex-girlfriend has shared pictures of baby during Rams Game after paternity discussion,St. Brown Podcast,Controversy,Negative,Available,Medium,US Weekly,https://www.usmagazine.com/entertainment/news/puka-nacuas-ex-shares-baby-pics-during-rams-game-after-paternity-fight/,
21,Taylor Lewan,Retired,2026.0,...my pregnant wide and two daughters are flying to meet me...my oldest daughter isn't on their connecting flight..told the wait would be two and a half hours.,Issues problems with family's flight under Alaska Airlines when they worked to visit him,Twitter/X,Controversy,Mixed,Active,Medium,US Weekly ,https://www.yahoo.com/entertainment/celebrity/articles/former-nfl-player-taylor-lewan-180101452.html,
22,Breiden Fehoko,Retired,2026.0,These NFL teams come out here and post these mental health awareness posts...All they care about is what you bring to the table when it's game day.,"After the death of Rondale Moore, Fehoko hones in on the NFL's handling of the passing and mental health as a whole. ",Twitter/X,Support,Mixed,Active,Medium,US Weekly ,https://sports.yahoo.com/articles/ex-nfl-player-critical-league-195849417.html,
23,Ryan Leaf,Retired,2026.0,...going to the best Dr available instead of having to be butchered on by @ProFootballDoc #FakeDrChao,Calls out a doctor's practices and capabilities after past experience being looked at by the doctor and negligence reports released about him,Twitter/X,Controversy,Mixed,Active,Medium,"US Weekly, AOL",https://www.aol.com/articles/former-nfl-qb-ryan-leaf-230331087.html?guccounter=1&guce_referrer=aHR0cHM6Ly93d3cuZ29vZ2xlLmNvbS8&guce_referrer_sig=AQAAAKXEvsXD1LXyXgXjG7XQI8_Rmj8tlILgREZTvg0Tw0FPvatBElsL-rgP7uY5MMkb7hT8LkRAYcltB5f15jyPQVGsDyIeZ7iYLapgIiERTEAUw-dGvCk0hA8SqOmdnwYy5Q7MDOyxu3D_DOiuT4F9DQtYFRQTk0TwR6z536vsIatD,
24,Travis Kelce,Playing,2026.0,Those moments of rising to the occasion in the heat of the battle...that's a feeling I know I'll never get again,Discussion about future plans of retirement while looking back on the enjoyment of playing football,"""New Heights"" podcast",Reflection,Positive,Available,Medium,"Yahoo Sports, People",https://sports.yahoo.com/articles/travis-kelce-career-planned-nfl-130453202.html,
25,Vernon Davis,Retired,2026.0,...reporting and look foward to clearing my name..Your positivity means everything. ,"Defending himself online after allegations of attacking a woman, resulting in arrest warrant being issued",Instagram,Controversy,Negative,Active,High,"People, New York Post, TMZ",https://people.com/vernon-davis-breaks-silence-on-allegations-he-attacked-pregnant-woman-11896782,
26,Cam Newton,Retired,2026.0,...women's value gets lowered the more children that they have,"Asked about his opinion when it comes to the number of children a woman have tied to their value, resulting in some controversial answers being made","""It's Giving"" podcast",Controversy,Negative,Available,High,"Yahoo Sports, ESPN, People",https://www.aol.com/articles/former-nfl-quarterback-cam-newton-213948646.html,
27,Tom Brady,Retired,2026.0,It was a challenge. It just took a lot out of me in terms of my ability to play.,Had disagreements with his then-wife about retirement plans then pursue last year of playing professional football amid struggle with marriage,FS1's The Herd with Colin Cowherd,Reflection,Negative,Available,Medium,"Fox Sports, Yahoo Sports",https://www.usmagazine.com/celebrity-news/news/tom-bradys-divorce-took-a-lot-out-of-me-during-his-last-nfl-season/,
28,A.J. Brown,Playing,2025.0,"If you're not welcomed, not listened to, quietly withdraw. Don't make a scene.",He wasn't as involved in the game with Tampa Bay Buccaneers as desired; later posting cryptic message about his frustration;,Twitter/X,Controversy,Mixed,Active,Medium,Yahoo Sports,https://www.nfl.com/news/a-j-brown-let-frustrations-boil-over-in-cryptic-post-after-eagles-win-over-buccaneers,
29,Lil'Jordan Humphrey,Playing,2026.0,🤚🏽,"After getting a trade, the Broncos gave Humphrey's number to the new player, to which he hints a new number. ",Twitter/X,Support,Positive,Active,Low,BroncosWire,https://broncoswire.usatoday.com/story/sports/nfl/broncos/2026/03/20/broncos-liljordan-humphrey-jersey-number/89231245007/,
30,Amik Robertson,Playing,2025.0,Well deserved 97!!!! Lord!! He gone pull up tomorrow at practice in a spaceship car!!! 💰,"Reaction to the $180 million contract extension of Aidan Hutchinson, making him one of those with highest non-quarterback average salaries",Twitter/X,Support,Positive,Active,Low,Athlon Sports ,https://sports.yahoo.com/article/amik-robertson-hilarious-reaction-aidan-225021132.html,
31,J.K. Dobbins,Playing,2025.0,BAN OR ATLEAST CALL THE MUTHER FUCKIN HIP DROP TACKLE!,"During the game against the Las Vegas Raiders, Dobbins left the game because of a hip-drop tackle. Lack of enforcement from the officials occurred. ",Twitter/X,Controversy,Positive,Active,Low,BroncosWire,https://www.nbcsports.com/nfl/profootballtalk/rumor-mill/news/j-k-dobbins-injured-his-foot-on-what-he-believes-was-a-hip-drop-tackle,
32,Jason Kelce,Retired,2025.0,Gaints kicker is gonna have to fly home on Southwest,"Reaction to mistake made by Jude McAtamney, aiding in Giants' loss",Twitter/X,Controversy,Mixed,Deleted,Medium,"MSN, US Weekly",https://www.usmagazine.com/celebrity-news/news/jason-kelce-deletes-tweet-mocking-giants-kicker-who-was-cut-from-team/,
33,Emeka Egbuka,Playing,2026.0,Is CTE even real? 🤔,Reasoned that made tweet was not posted by him as he does not operate the account,Twitter/X,Controversy,Mixed,Deleted,Medium,"Total Pro Sports, Yahoo Sports",https://sports.yahoo.com/articles/emeka-egbuka-tweet-cte-real-203551445.html,
34,Ed Reed,Retired,2026.0,I do not approve this message ,Responds to White House video using NFL highlights to promote war imaginery; Reed publicly rejects association,Twitter/X,Controversy,Negative,Active,Medium,"AOL News, Yahoo News, Washington Post",https://sports.yahoo.com/articles/nfl-legend-does-not-approve-135615792.html,
35,Caleb Williams,Playing,2026.0,❄️🦸🏻,Reaction to Lil Wayne's tweet after the Bears defeat Green Bay in the NFL Playoffs,Twitter/X,Support,Positive,Active,Medium,"Bleacher Report, Yahoo Sports",https://sports.yahoo.com/articles/caleb-williams-fires-back-packers-062855936.html,
36,Cooper Kupp,Playing,2025.0,...always believed it was going to begin and end in LA....looking forward to playing elite football for years to come. ,Traded to the Seattle Seahawks after desire to remain in the Rams; then becoming a rival to previous team in the Super Bowl,Twitter/X,Reflection,Positive,Active,Medium,CNN Sports,https://www.espn.com/nfl/story/_/id/46932042/seattle-seahawks-cooper-kupp-return-los-angeles-rams-exit,
37,J.J. Watt,Retired,2022.0,My heart is filled with nothing but love and gratitude. It's an absolute honor and a pleasure. ,Announces his retirement and reflects on football journey ,Twitter/X,Reflection,Positive,Active,Medium,ESPN,https://www.espn.com/nfl/story/_/id/35328432/cardinals-jj-watt-announces-final-nfl-season,
38,Saquon Barkley,Playing,2025.0,"Maybe I just respect the office, not a hard concept to understand. ",Responds to criticism over golfing with Trump before the Eagles visited the White House,Twitter/X,Controversy,Negative,Active,High,"CBS News, Yahoo Sports, NBC News",https://sports.yahoo.com/nfl/article/saquon-barkley-defends-decision-to-golf-with-president-donald-trump-before-eagles-white-house-visit-154715971.html,
39,Joe Burrow,Playing,2026.0,"The amount of ppl that don’t understand what a catch is in the rule book flabbergasts me...The two plays yesterday were not difficult calls, and they got them both right",First tweet in two years was to respond to controversial calls in the Bills vs. Broncos and Bears vs. Rams games,Twitter/X,Humor,Positive,Active,Medium,Yahoo Sports,https://sports.yahoo.com/articles/joe-burrow-just-tweeted-first-231704693.html,
40,Patrick Mahomes,Playing,2026.0,⏰,Has a playful interactionwith free agent WR Allen Lazard under the post increasing the anticipation for his return to the upcoming season,Instagram,Humor,Positive,Active,Medium,Yahoo Sports,https://sports.yahoo.com/articles/patrick-mahomes-allen-lazards-playful-113300993.html,
41,Justin Jefferson,Playing,2024.0,Yall wild for posting this 👎🏽This ain't cool!!,Criticized the NFL for being insensitive,Twitter/X,Controversy,Mixed,Active,Medium,Yahoo Sports,https://sports.yahoo.com/twitter-justin-jefferson-call-league-022609777.html,
42,Jonathan Owens,Playing,2024.0,I always say the men are the catch.,"He made comments about how he met his wife Simone Biles through a dating app, which has drawn attention to people even outside of the football world.","""The Pivot"" podcast",Controversy,Negative,Available,High,"Today, People, Yahoo Sports",https://sports.yahoo.com/jonathan-owens-disappointed-podcast-comments-230735434.html,
43,Cam Newton,Retired,2026.0,"When you have unconditional love for somebody, especially someone like that, it's almost like there's nothing you can tel me that will make me look at you differently.",Discusses about the difficulty about learning about the LGBTQ community unless constant attempt to learn about them themselves as he learned about his father's sexual orientation ,Funky Friday podcast,Support,Mixed,Available,Low,OutSports,https://sports.yahoo.com/nfl-cam-newton-trash-talk-hs-football-player-social-media-calls-out-disrespect-im-rich-200142619.html,
44,Cam Skattebo,Playing,2026.0,"Yeah, asthma's fake too",Discusses about belief that CTE and asthma are fake and excuses for not poor performance and skillset,Bring the Juice podcast,Controversy,Negative,Available,High,"NBC Sports, CBS Sports, Daily Mail",https://www.dailymail.com/sport/nfl/article-15666519/new-york-giants-cam-skattebo-cte.html,
45,Christian McCaffrey,Playing,2026.0,My superpower [is] my new daughter Colette. ,"After receiving the NFL honors, he honored the award to his newly born daughter. ",Instagram,Reflection,Positive,Active,Low,MSN,https://www.msn.com/en-us/sports/nfl/a-new-chapter-49ers-rb-christian-mccaffrey-and-olivia-culpo-welcome-baby-girl/ar-AA1IwK2q?apiversion=v2&domshim=1&noservercache=1&noservertelemetry=1&batchservertelemetry=1&renderwebcomponents=1&wcseo=1,
46,DJ Chark,Retired,2026.0,"After much contemplation, I have decided to share a proper farewell as I navigate retirement. ",Posts about retiring from the NFL at the age of 29 and pursue the next part of his life,Instagram,Reflection,Positive,Active,Low,New York Post,https://nypost.com/2026/03/20/sports/former-pro-bowl-wideout-dj-chark-retires-from-nfl-at-29/,
47,Antonio Brown,Retired,2026.0,"If the rumours are true, the US just lost its President...","Brown posts another unpredictable tweet without any additional context or information, resulting in a stir in discussion. ",Twitter/X,Controversy,Negative,Active,Low,NFL,https://www.foxnews.com/sports/antonio-brown-sends-bizarre-tweet-claiming-he-will-end-retirement-play-ravens,
48,Tyreek Hill,Playing,2025.0,✌🏽,Made a remark on social media after a game where the Dolphins quarterback Tua Tagovailoa was benched,Twitter/X,Controversy,Mixed,Active,Medium,Yahoo Sports,https://sports.yahoo.com/articles/tyreek-hill-posts-cryptic-message-205109662.html,
49,Tua Tagovailoa,Playing,2025.0,...it starts with the leadership,"After the game loss, he expressed the lack of seriousness from other Dolphins players to show up to players-only meetings, aiding in the loss. ",Postgame interview,Controversy,Negative,Available,Low,SI,https://www.nfl.com/news/dolphins-tua-tagovailoa-calls-out-attendance-at-players-only-meetings-following-loss-to-chargers,
50,Josh Allen,Playing,2026.0,I let my teammates down tonight...This is gonna stick with me for a long time. ,"After losing in the Divisional Round, Allen emotionally reflects on his performance, affecting team's progression in the Playoffs. ",Postgame press conference,Reflection,Positive,Available,High,"USA Today, the New York Times, People",https://www.nfl.com/news/bills-josh-allen-laments-playoff-loss-broncos-let-my-teammates-down,
51,Dion Dawkins,Playing,2026.0,He didn't let us down.,"Hearing about Josh Allen's emotional self-reflection on game, Dawkins becomes emotional defending the quarterback",Locker room report,Support,Mixed,Available,Medium,Yahoo Sports,https://sports.yahoo.com/articles/bills-locker-room-back-qb-144533874.html,
52,Shawne Merriman,Retired,2026.0,The NFL is smart. They're gonna make the most money they possibly can...,"With the issues about the TV rights deals, Merriman discussed the need for players to get paid more rather than the NFL make more money at their expense.  ",Outkick's Don't @ Me podcast,Support,Mixed,Available,Medium,Fox News,https://www.foxnews.com/sports/ex-nfl-star-shawne-merriman-advocating-players-get-paid-more-when-tv-rights-deals-explode,
53,Russell Wilson,Playing,2022.0,New team. New ball. New season. Let's Ride!,"Wilson promoted the TNF's movement to Prime Video by showing off a ""new ball"" for 2022 with a catch phrase ""Let's Ride"" which has been a meme. ",Twitter/X,Humor,Positive,Active,Medium,Yahoo Sports ,https://sports.yahoo.com/russell-wilson-promotes-amazon-thursday-120024789.html,
54,Patrick Mahomes,Playing,2025.0,Why yall let me keep that nappy hair for so long?,"Talked about wanting to get a haircut and debut a new look in the future, sparking criticism from others about seeing the comment as ""anti-black""",Local Kansas City news interview,Controversy,Negative,Available,Medium,Yahoo Sports,https://sports.yahoo.com/article/patrick-mahomes-sparks-controversy-talking-211552277.html,
55,Harrison Butker,Playing,2024.0,"Things like abortion, IVF, surrogacy, euthanasia, as well as a growing support for degenerative cultural values in media all stem from the pervasiveness of disorder.",Shared his views on social and political issues like gender roles and the LGBTQ community to college students at Benedictine College; went viral as spread across different platforms,Public appearance,Controversy,Negative,Active,Low,y!entertainment,https://www.cbsnews.com/news/harrison-butker-commencement-speech-abortion-pride-month-biden-diabolic-lies-told-women/,
56,DeSean Jackson,Playing,2020.0,I just want to first off extend an apology on behalf of me and what I stand for...I never want to put any race down or any people down,"Apologized for previous anti-Semitic posts made, one in which included a quote of Hitler about Jews ",Instagram,Apology,Negative,Unavailable,Medium,"CNN, Yahoo Sports",https://www.cnn.com/2020/07/07/us/desean-jackson-eagles-antisemitic-post-trnd,
57,Travis Kelce,Playing,2024.0,"It's a great honor...no matter who the president is, I know I'm excited because it's the biggest game of my life...",Answers question about his opinion when hearing Trump attending the Super Bowl LIX,Pre-Super Bowl press conference,Controversy,Negative,Available,High,"People, Billboard, Vanity Fair",https://people.com/travis-kelce-says-it-s-a-great-honor-to-have-trump-at-super-bowl-8786317,
58,Cam Akers,Playing,2026.0,...he pushed the back of my head. I then turned around and punched him...AD saved me 😂,"During a Rams-Raiders joint practice about 3 years after this tweet, Akers and Crosby were involved in a scuffle. Akers responds to the a video in which Crosby talks about the incident in a playfal manner. ",Twitter/X,Humor,Positive,Active,Medium,Yahoo Sports,https://sports.yahoo.com/articles/cam-akers-says-aaron-donald-142026159.html,
59,DeAndre Hopkins,Playing,2026.0,...🐅,Post ignites speculation of where the free agent may go after Baltimore,Twitter/X,Humor,Mixed,Active,Medium,Yahoo Sports,https://sports.yahoo.com/articles/deandre-hopkins-addresses-wanting-ravens-190932304.html,
60,DeAndre Hopkins,Playing,2026.0,How many times after this do you think I was used in the red zone?,Vents frustration of past 2025 season with the Baltimore Ravens with feelings that he wasn't used to his fullest potential,Twitter/X,Controversy,Negative,Deleted,Low,Yardbarker,https://sports.yahoo.com/articles/deandre-hopkins-airs-frustrations-ravens-020617578.html,
61,Michael Thomas,Playing,2024.0,Derek Carr for you...I been told yall s*** sad...,"Shows frustration about the Saints performance, putting blame on the quarterback Derek Carr",Twitter/X,Controversy,Negative,Unavailable,Low,4WWL,https://www.usatoday.com/story/sports/nfl/2024/11/03/michael-thomas-derek-carr-twitter-x-saints/76032365007/,
62,Cole Beasley,Playing,2021.0,From what Ive been told these are guidelines for preseason and it's nothing final. ,Voices opinion of the NFLPA that designed the then-new COVID-19 rules restricting unvaccinated players from playing ,Twitter/X,Controversy,Negative,Active,Medium,Yahoo Sports,https://sports.yahoo.com/buffalo-bills-cole-beasley-calls-nflpa-a-joke-new-covid19-coronavirus-rules-restricting-unvaccinated-players-193720432.html,
63,Logan Wilson,Retired,2026.0,It still wasn't holding in my humble opinion 😂,"Responds to video of when he was called for holding, aiming in the Bengals not winning the Super Bowl LVI ",Twitter/X,Humor,Positive,Active,Low,MSN,https://www.si.com/nfl/bengals/onsi/allbengals-insiders-plus/logan-wilson-comments-on-controversial-super-bowl-pass-interference-following-nfl-retirment-01km3qjx24q2,
64,Stefon Diggs,Playing,2023.0,Stay down ignore the noise. Grind like you only got 1 shot.  ,Shares an encouraging message to draft prospects waiting to hear about NFL draft decisions,Twitter/X,Support,Positive,Unavailable,Low,Heavy Sports,https://heavy.com/sports/nfl/buffalo-bills/stefon-diggs-nfl-draft-tweet/,
65,Damar Hamlin,Playing,2023.0,"The love is felt, & extremely real. No matter race or religion everybody coming together in prayer! 🙏❤️","After resting from medical-induced coma due to on-field cardiac arrest against the Cincinnati Bengals, Hamlin shared gratitude for those who wished him well. ",Twitter/X,Support,Positive,Active,Medium,CBS News,https://www.cbsnews.com/news/damar-hamlin-first-public-comments-cardiac-arrest-buffalo-bills/,
66,Josh Allen,Playing,2023.0,I saw some stuff on Twitter and people should not be attacking him whatsoever. I'm glad that Damar's family came out and said that. ,"Comes to the defense of Tee Higgins, who received hate from tackle leading to Hamlin to being hospitalized",Post-practice news conference,Support,Positive,Available,Low,Cincinnati Enquirer,https://www.cincinnati.com/story/sports/nfl/bengals/2023/01/05/josh-allen-people-should-not-be-attacking-tee-higgins-whatsoever-as-damar-hamlin-recovers-cincinnati/69782959007/?gnt-cfr=1&gca-cat=p&gca-uir=true&gca-epti=z115240e1162xxv115240d--58--b--58--&gca-ft=200&gca-ds=sophi,
67,Travis Kelce,Playing,2025.0,"Why are you guys leaning into this whole thing? You know what I mean? Like, why are you guys leaning into it? That's all I got though.",NFL fans accussed officials of favoritism towards the Chiefs to which media has asked Kelce about allegation. ,Super Bowl LIX Opening Night,Controversy,Negative,Available,Medium,Fox News,https://www.foxnews.com/sports/chiefs-travis-kelce-asks-reporters-why-you-guys-leaning-whole-ref-thing,
68,Deshaun Watson,Playing,2022.0,I want to say that I'm truly sorry to all of the women that I have impacted in this situation,Apologizes to the women who publicly accused him of sexual misconduct during massage sessions,Interview on Browns' pregame show,Apology,Negative,Available,Medium,ESPN,https://www.espn.com/nfl/story/_/id/34390654/cleveland-browns-deshaun-watson-interview-apologizes-all-women-impacted-situation,
69,Kadarius Toney,Free agent,2025.0,Goofies on the net hollerin I'm retiring,"While his free agency duration, fans wondered if Toney would retire from the NFL and start a rap career as Yung Joka. ",Instagram,Humor,Mixed,Unavailable,Medium,CBS Sports,https://nypost.com/2025/04/18/sports/kadarius-toney-responds-after-retirement-rumors-run-wild/,
70,Mecole Hardman,Playing,2024.0,There were FALSE accusations made about me and MY CHARACTER! ,Response after former New York Jets teammates accussed that Hardman leaked game plans to two opponents,Twitter/X,Controversy,Negative,Unavailable,Medium,ESPN,https://www.espn.com/nfl/story/_/id/39633369/mecole-hardman-denies-leaking-jets-game-plans-chiefs-eagles,
71,Dak Prescott,Playing,2020.0,"I think it's huge to talk, I think it's huge to get help and it saves lives. ","Opens about mental health struggles during the quarantine, advising the importance of taking care of one's mental health",In Depth With Granham Bensinger in-depth interview,Support,Positive,Available,Medium,The New York Times,https://www.nytimes.com/athletic/2058072/2020/09/10/it-saves-lives-dak-prescott-opens-up-on-mental-health-value-of-transparency/,
72,George Kittle,Playing,2024.0,They had us in the first half not gonna lie,"When advancing to the Super Bowl, Kittle brought back a popular meme cited by a Texas high school football player back in a 2014 interview.",Postgame Interview,Humor,Positive,Available,Low,Larry Brown Sports,https://ninerswire.usatoday.com/story/sports/nfl/niners/2024/01/30/george-kittle-49ers-comeback-nfc-championship-had-us-in-the-first-half/79537007007/,
73,Aaron Rodgers,Playing,2021.0,"To anyboady who felt misled by those comments, I take full responsibility for those comments. ","Looked back on comments made previously about characterization of being ""immunized,"" resulting in some misleadment",The Pat McAfee Show,Controversy,Negative,Available,Medium,"ESPN, the New York Times",https://www.nfl.com/news/aaron-rodgers-full-responsibility-misleading-comments-covid-19-vaccine,
74,CeeDee Lamb,Playing,2025.0,"Just pay the man, what you owe em. No need for the extra curricular.",Publicly backed up teammate Micah Parsons with contract issues under the Dallas Cowboys,Twitter/X,Support,Positive,Unavailable,Medium,Yahoo Sports,https://sports.yahoo.com/article/ceedee-lamb-tells-jerry-jones-190837198.html,
75,Justin Fields,Playing,2023.0,"...I'm never going to blame anything on the coaches. I'm never going to blame anything on my teammates. Whatever happens in the game, I will take all the blame.","After previous comments made regarding his coaches which resulted in further discussion, Fields clarified his stance with his coaches and team.",Media session,Support,Mixed,Available,Medium,"NBC Sports, Fox News",https://www.nfl.com/news/bears-qb-justin-fields-clarifies-robotic-comments-i-m-not-blaming-anything-on-th,
76,Patrick Mahomes,Playing,2024.0,"We didn't execute the way we expect to, and that starts with me.",Postgame comments after a regular season loss addressing offensive struggles,Press Conference,Reflection,Mixed,Available,High,"ESPN, NFL Network",https://www.espn.com/nfl/story/_/id/39186641/chiefs-patrick-mahomes-offense-struggles-loss-raiders,True
77,Jalen Hurts,Playing,2023.0,"It's about how we respond, not what happens.",Comments following a tough loss emphasizing team resilience,Press Conference,Reflection,Positive,Available,High,"NBC Sports, ESPN",https://www.nbcsports.com/nfl/profootballtalk/rumor-mill/news/jalen-hurts-tough-loss-but-an-opportunity-for-us-to-grow,True
78,Odell Beckham Jr.,Playing,2021.0,I just want to be somewhere I'm appreciated and can win.,Social media post during tensions with the Cleveland Browns before release,Instagram,Controversy,Negative,Deleted,High,"Bleacher Report, ESPN",https://www.espn.com/nfl/story/_/id/32543974/cleveland-browns-odell-beckham-jr-excused-practice-amid-drama-wide-receiver-future,True
79,Russell Wilson,Playing,2022.0,I take full responsibility for how I played tonight.,Addressing criticism after a poor performance with the Denver Broncos,Press Conference,Apology,Mixed,Available,High,"Fox Sports, ESPN",https://www.foxsports.com/stories/nfl/russell-wilson-takes-the-blame-for-broncos-awful-offense,True
80,Travis Kelce,Playing,2024.0,"Man, I gotta stop celebrating like I'm 21 ðŸ˜‚",Joking about his touchdown celebrations after a big game,Podcast,Humor,Positive,Available,Medium,"New Heights Podcast, Yahoo Sports",https://www.youtube.com/@newheightshow,True
81,Damar Hamlin,Playing,2023.0,The love I've felt from everyone has meant everything to me.,Public remarks following recovery and return to football activities,Public Appearance,Support,Positive,Available,High,"CNN, ESPN",https://www.espn.com/nfl/story/_/id/35544719/bills-damar-hamlin-speaks-publicly-first-time-collapse,True
82,Tyreek Hill,Playing,2022.0,"I'm the fastest in the league, no debate.",Bold claim made during an interview sparking debate among fans,Podcast,Controversy,Mixed,Available,Medium,"Fox Sports, Bleacher Report",https://www.foxsports.com/nfl/tyreek-hill-player,True
83,Tom Brady,Retired,2023.0,"I'm retiring, for good.",Final retirement announcement after 23 NFL seasons,Twitter/X,Reflection,Positive,Active,High,"ESPN, NFL.com",https://www.espn.com/nfl/story/_/id/35567895/tom-brady-says-retiring-football-good,True
84,Stefon Diggs,Playing,2023.0,There's always more behind the scenes than people know.,Cryptic tweet amid reports of locker room tension,Twitter/X,Controversy,Negative,Active,High,"ESPN, CBS Sports",https://www.espn.com/nfl/story/_/id/37851608/stefon-diggs-unexcused-absence-bills-minicamp,True
85,George Kittle,Playing,2022.0,I love blocking almost as much as catching touchdowns!,Lighthearted comment about his role in the offense,Press Conference,Humor,Positive,Available,Medium,"49ers Webzone, NFL Network",https://www.49erswebzone.com/news/,True
86,Aaron Donald,Playing,2021.0,"I let my emotions get the best of me, and I regret that.",Apologizing after an on-field altercation drew attention,Press Conference,Apology,Mixed,Available,High,"ESPN, NFL Network",https://www.espn.com/nfl/team/_/name/lar/los-angeles-rams,True
87,Joe Burrow,Playing,2024.0,"We know what we're capable of, it's just about consistency.",Discussing Bengals performance mid-season,Press Conference,Reflection,Positive,Available,High,"Cincinnati Enquirer, ESPN",https://www.cincinnati.com/sports/bengals/,True
88,Micah Parsons,Playing,2023.0,Respect to all the vets who paved the way for us.,Tweet honoring former players during Hall of Fame week,Twitter/X,Support,Positive,Active,Low,"NFL.com, Cowboys Wire",https://cowboyswire.usatoday.com/,True
89,Kirk Cousins,Playing,2020.0,"If I die, I die.",Comments about COVID-19 precautions that drew backlash,Podcast,Controversy,Negative,Available,High,"ESPN, The Athletic",https://www.espn.com/nfl/story/_/id/29792500/vikings-kirk-cousins-takes-survival-fittest-approach-covid-19-die-die,True
90,Saquon Barkley,Playing,2023.0,"I've learned a lot through the injuries, it's made me stronger.",Reflecting on injuries and comeback journey,Press Conference,Reflection,Positive,Available,Medium,"ESPN, NBC Sports",https://www.espn.com/nfl/player/_/id/3929630/saquon-barkley,True
91,DeAndre Hopkins,Free Agent,2023.0,I apologize to my teammates and fans for letting them down.,Statement after suspension for violating league policy,Instagram,Apology,Mixed,Active,High,"NFL.com, ESPN",https://www.espn.com/nfl/story/_/id/33842186/arizona-cardinals-wr-deandre-hopkins-suspended-six-games-violating-ped-policy,True
92,Amon-Ra St. Brown,Playing,2024.0,They still sleeping on us... that's fine ðŸ˜´,Tweet responding to media rankings of the Detroit Lions,Twitter/X,Controversy,Mixed,Active,Medium,"Detroit Free Press, Bleacher Report",https://bleacherreport.com/detroit-lions,True
93,Davante Adams,Playing,2022.0,"Frustration got the best of me, and that's on me.",Apologizing after pushing a cameraman postgame,Twitter/X,Apology,Negative,Active,High,"ESPN, USA Today",https://www.espn.com/nfl/story/_/id/34773822/davante-adams-apologizes-shoving-man-ground-game,True
94,Josh Allen,Playing,2025.0,"We're right there, just need to finish games better.",Postgame analysis after close loss,Press Conference,Reflection,Mixed,Available,High,"Buffalo News, ESPN",https://www.espn.com/nfl/player/_/id/3918298/josh-allen,True
95,Marshawn Lynch,Retired,2021.0,I'm just here so I don't get fined... again ðŸ˜‚,Joking reference during a public appearance recalling past interviews,Public Appearance,Humor,Positive,Available,Medium,"NFL Network, Yahoo Sports",https://sports.yahoo.com/nfl/,True
96,Lamar Jackson,Playing,2025.0,"I just focus on being better every week, the wins will come.",Midseason reflection on team offensive consistency,Press Conference,Reflection,Positive,Available,High,"ESPN, NFL Network",https://www.espn.com/nfl/player/_/id/3916387/lamar-jackson,
97,Tua Tagovailoa,Playing,2024.0,"Health comes first, always.",Discussing concussion protocol and return-to-play concerns,Press Conference,Reflection,Mixed,Available,High,"NBC Sports, ESPN",https://www.espn.com/nfl/story/_/id/41235359/dolphins-tua-tagovailoa-suffer-concussion-vs-bills,
98,Justin Jefferson,Playing,2023.0,We’re gonna keep dancing no matter what 😂,Lighthearted comment about touchdown celebrations,Instagram,Humor,Positive,Active,Medium,"Bleacher Report, NFL.com",https://bleacherreport.com/justin-jefferson,
99,Nick Bosa,Playing,2023.0,I don’t pay attention to outside noise.,Responding to media criticism about defensive performance,Press Conference,Controversy,Mixed,Available,High,"ESPN, 49ers Wire",https://ninerswire.usatoday.com/,
100,CeeDee Lamb,Playing,2024.0,"Throw me the ball, I’ll handle the rest 😎",Playful social media post during breakout season,Twitter/X,Humor,Positive,Active,Medium,"NFL Network, ESPN",https://www.espn.com/nfl/player/_/id/4241389/ceedee-lamb,
101,Trevor Lawrence,Playing,2024.0,"We’re growing as a team, even when it’s tough.",Postgame reflection after divisional loss,Press Conference,Reflection,Mixed,Available,High,"Jaguars.com, ESPN",https://www.jaguars.com/news/,
102,Mac Jones,Playing,2023.0,I just need a fair shot to compete.,Comments amid quarterback competition controversy,Media session,Controversy,Negative,Available,High,"CBS Sports, ESPN",https://www.espn.com/nfl/story/_/id/38883508/patriots-bench-mac-jones-bailey-zappe-final-drive-loss,
103,J.J. Watt,Retired,2023.0,Football gave me everything I could’ve dreamed of.,Retirement reflection post-career,Public Appearance,Reflection,Positive,Available,High,"NFL.com, ESPN",https://www.espn.com/nfl/story/_/id/35331464/cardinals-jj-watt-announces-retire-season,
104,Philip Rivers,Retired,2022.0,I still think I could throw for 300 yards in my sleep 😄,Humorous comment during retirement interview,Podcast,Humor,Positive,Available,Medium,"The Athletic, NFL Network",https://www.nfl.com/news/philip-rivers-retiring-from-football-after-17-seasons-in-nfl,
105,Eli Manning,Retired,2021.0,"I enjoyed every second, even the tough ones.",Reflecting on career and legacy,Press Conference,Reflection,Positive,Available,High,"ESPN, NBC Sports",https://www.espn.com/nfl/story/_/id/28546594/eli-manning-announces-retirement-says-no-regrets,
106,Myles Garrett,Playing,2020.0,"I made a mistake, and I’ve learned from it.",Apology after suspension following on-field incident,Press Conference,Apology,Mixed,Available,High,"NFL.com, ESPN",https://www.espn.com/nfl/story/_/id/28701026/browns-myles-garrett-reinstated-nfl-suspension,
107,Christian McCaffrey,Playing,2023.0,"I feel great, just staying focused on recovery and team success.",Update on injury recovery and return to play,Press Conference,Support,Positive,Available,High,"NBC Sports, ESPN",https://www.espn.com/nfl/player/_/id/3117251/christian-mccaffrey,
108,DK Metcalf,Playing,2024.0,Leg day never skips me 💪,Social media post showcasing offseason training,Instagram,Humor,Positive,Active,Medium,"Sports Illustrated, NFL Network",https://www.espn.com/nfl/player/_/id/4047650/dk-metcalf,
109,George Pickens,Playing,2024.0,I just want the opportunity to make plays.,Comments following sideline frustration during game,Press Conference,Controversy,Negative,Available,High,"ESPN, Steelers Wire",https://www.espn.com/nfl/story/_/id/38806509/steelers-mike-tomlin-downplays-george-pickens-frustrations,
110,Aaron Jones,Playing,2023.0,"We win together, we lose together.",Team support message after close divisional game,Twitter/X,Support,Positive,Active,Medium,"NFL.com, ESPN",https://www.espn.com/nfl/player/_/id/3042519/aaron-jones,
111,Brock Purdy,Playing,2024.0,I just try to be the best version of myself every snap.,Reflection on rise from draft pick to starter,Press Conference,Reflection,Positive,Available,High,"ESPN, 49ers.com",https://www.49ers.com/news/,
112,Kyler Murray,Playing,2023.0,I feel like I’ve earned more trust than I’m getting.,Comments amid criticism of offensive system,Media session,Controversy,Negative,Available,High,"CBS Sports, ESPN",https://www.espn.com/nfl/player/_/id/3917315/kyler-murray,
113,Sauce Gardner,Playing,2024.0,Nobody’s getting past me today 😤,Pre-game social media confidence post,Twitter/X,Humor,Positive,Active,Medium,"NFL Network, Jets Wire",https://jetswire.usatoday.com/,
114,T.J. Watt,Playing,2023.0,"We rely on each other, that’s what makes us strong.",Support for defensive teammates during injury stretch,Press Conference,Support,Positive,Available,High,"ESPN, Steelers.com",https://www.steelers.com/news/,
115,Jaire Alexander,Playing,2024.0,"I talk my game, I back it up.",Comments following matchup trash talk discussion,Press Conference,Controversy,Mixed,Available,High,"NFL.com, ESPN",https://www.espn.com/nfl/player/_/id/3915189/jaire-alexander,
116,Terry McLaurin,Playing,2023.0,I just want to win and help this team grow.,Discussing team development after a divisional loss,Press Conference,Reflection,Positive,Available,Medium,"ESPN, Washington Post",https://www.espn.com/nfl/player/_/id/3120190/terry-mclaurin,
117,Kenny Pickett,Playing,2024.0,"I have to be better, plain and simple.",Postgame accountability after turnover-heavy performance,Press Conference,Reflection,Mixed,Available,High,"NFL Network, ESPN",https://www.espn.com/nfl/story/_/id/39744648/kenny-pickett-says-handled-steelers-exit-way-should,
118,Bijan Robinson,Playing,2024.0,"Just getting started, there’s a lot more to show.",Rookie season confidence statement,Instagram,Support,Positive,Active,Medium,"Falcons Wire, ESPN",https://thefalswire.usatoday.com/tag/bijan-robinson/,
119,Deshaun Watson,Playing,2023.0,"I understand the criticism, and I’m focused on improving.",Addressing media scrutiny during inconsistent season,Press Conference,Reflection,Negative,Available,High,"CBS Sports, ESPN",https://www.clevelandbrowns.com/news/deshaun-watson-postgame-press-conference-week-3-2023,
120,Aidan Hutchinson,Playing,2024.0,We’re building something special here.,Leadership comments during Lions defensive rise,Press Conference,Support,Positive,Available,High,"Detroit News, NFL.com",https://www.detroitlions.com/video/hutchinson-on-the-culture-we-re-building,
121,Trey Lance,Playing,2023.0,I’m staying ready for whatever opportunity comes.,Backup quarterback role reflection,Media session,Reflection,Mixed,Available,Medium,"ESPN, NFL Network",https://www.dallascowboys.com/news/trey-lance-on-trade-to-dallas-big-smile-on-my-face,
122,Chase Young,Playing,2024.0,"I’m back, and I’m not done yet.",Return from injury announcement comments,Press Conference,Support,Positive,Available,High,"NFL.com, ESPN",https://www.espn.com/nfl/story/_/id/39757659/saints-agree-one-year-deal-pass-rusher-chase-young,
123,Justin Tucker,Playing,2022.0,Kicking is about confidence and routine.,Special teams philosophy interview,Podcast,Reflection,Positive,Available,Low,"Ravens Wire, NFL Network",https://www.baltimoreravens.com/news/justin-tucker-the-goat-confidence,
124,Derrick Henry,Playing,2023.0,I just keep my head down and run hard.,Comment on playing style and consistency,Press Conference,Reflection,Positive,Available,High,"ESPN, NFL.com",https://www.espn.com/nfl/player/_/id/3043033/derrick-henry,
125,Calvin Ridley,Playing,2023.0,I’ve learned a lot during my time away from the game.,Return to NFL after suspension,Press Conference,Reflection,Mixed,Available,High,"ESPN, CBS Sports",https://www.theplayerstribune.com/posts/calvin-ridley-nfl-football-jacksonville-jaguars,
126,Zack Martin,Playing,2024.0,Offensive line is where games are won.,Veteran leadership comment on team performance,Press Conference,Support,Positive,Available,Medium,"Dallas Morning News, NFL Network",https://www.dallascowboys.com/team/players-roster/zack-martin/,
127,Breece Hall,Playing,2024.0,"I’m just getting started, trust me.",Post-injury comeback confidence statement,Twitter/X,Humor,Positive,Active,Medium,"Jets Wire, ESPN",https://www.espn.com/nfl/player/_/id/4427366/breece-hall,
128,George Kittle,Playing,2023.0,"Football should be fun, and I play it that way.",Lighthearted interview on playing style,Podcast,Humor,Positive,Available,Medium,"New Heights Podcast, NFL.com",https://www.youtube.com/@newheightshow,
129,Jordan Love,Playing,2024.0,"I’m learning every week, it’s part of the process.",Transition to starting quarterback role,Press Conference,Reflection,Positive,Available,High,"Packers.com, ESPN",https://www.packers.com/news/jordan-love-reflects-on-first-season-as-starter,
130,Matthew Stafford,Playing,2023.0,You take the good with the bad in this league.,Veteran reflection after injury-filled season,Press Conference,Reflection,Mixed,Available,High,"ESPN, Rams Wire",https://www.therams.com/news/matthew-stafford-postgame-press-conference-wild-card-lions,
131,Chris Jones,Playing,2024.0,I’m just trying to dominate every snap.,Defensive leadership comment during playoff push,Press Conference,Support,Positive,Available,High,"NFL.com, ESPN",https://www.espn.com/nfl/story/_/id/39703632/chiefs-dt-chris-jones-says-wanted-stay-team-whole-career,
132,Garrett Wilson,Playing,2023.0,I know what I bring to the table.,Response to media criticism about production,Media session,Controversy,Negative,Available,High,"ESPN, Jets Wire",https://www.newyorkjets.com/news/garrett-wilson-ready-to-work-with-aaron-rodgers,
133,Javonte Williams,Playing,2024.0,Every day is a blessing to be back on the field.,Return from major injury,Press Conference,Reflection,Positive,Available,Medium,"Denver Post, NFL Network",https://www.denverbroncos.com/news/javonte-williams-injury-update-return-to-play,
134,Tee Higgins,Playing,2024.0,"We’re right there, just have to finish drives.",Offensive consistency reflection,Press Conference,Reflection,Mixed,Available,High,"ESPN, Bengals.com",https://www.bengals.com/news/tee-higgins-franchise-tag-2024-season,
135,Patrick Surtain II,Playing,2023.0,I take pride in locking down receivers.,Defensive performance confidence statement,Press Conference,Support,Positive,Available,High,"NFL.com, ESPN",https://www.denverbroncos.com/team/players-roster/patrick-surtain-ii/,
136,Lamar Jackson,Playing,2023.0,"I let my play do the talking. Always have, always will.",Responded to media criticism questioning his ability to perform in playoff situations ahead of the Ravens' postseason run.,Press Conference,Reflection,Mixed,Available,High,"ESPN, NFL Network, Baltimore Sun",https://www.espn.com/nfl/player/_/id/3916387/lamar-jackson,
137,Tyreek Hill,Playing,2024.0,I've been the fastest thing on a football field for years. Y'all just now catching up.,Playful response to a viral social media debate about the fastest wide receivers in NFL history.,Twitter/X,Humor,Positive,Active,Medium,"Bleacher Report, Pro Football Talk",https://www.nfl.com/players/tyreek-hill/,
138,Von Miller,Playing,2022.0,"I want to apologize to my teammates, the organization, and my fans. I have to be better.",Issued a public apology following off-field legal troubles that drew significant media scrutiny during the Bills' season.,Twitter/X,Apology,Negative,Active,High,"ESPN, USA Today, Buffalo News",https://www.espn.com/nfl/story/_/id/35071190/bills-von-miller-arrested-colorado,
139,George Kittle,Playing,2023.0,Brock is the real deal. People doubted him from day one and he just keeps proving them wrong.,Defended teammate Brock Purdy on his podcast amid ongoing media debates about Purdy's legitimacy as a starting NFL quarterback.,Podcast,Support,Positive,Available,Medium,"NFL Network, 49ers Wire, The Athletic",https://www.49ers.com/news/george-kittle-defends-brock-purdy,
140,Odell Beckham Jr.,Free Agent,2024.0,"I'm healthy, I'm hungry, and I still have a lot left in the tank. The right call hasn't come yet.",Addressed his prolonged free agency status and expressed desire to continue playing in a candid Instagram post.,Instagram,Reflection,Mixed,Active,Medium,"ESPN, Yahoo Sports, NFL.com",https://www.espn.com/nfl/player/_/id/16733/odell-beckham-jr,
141,Josh Allen,Playing,2022.0,That one's going to stick with me for a while. We had it. But we'll be back.,"Reflected on the Bills' heartbreaking overtime playoff loss to the Chiefs, speaking to reporters with visible emotion in the postgame press conference.",Press Conference,Reflection,Mixed,Available,High,"ESPN, NFL Network, Pro Football Talk",https://www.espn.com/nfl/story/_/id/33120612/buffalo-bills-josh-allen-says-overtime-loss-chiefs-stick-a-while,
142,Antonio Brown,Retired,2022.0,"The NFL blacklisted me. Every owner knows it, every player knows it.",Claimed in a podcast interview that NFL team owners colluded to keep him out of the league following his release from the Buccaneers.,Podcast,Controversy,Negative,Available,High,"ESPN, New York Post, Bleacher Report",https://www.espn.com/nfl/story/_/id/33221371/antonio-brown-says-nfl-teams-won-sign-him,
143,Micah Parsons,Playing,2024.0,People forget I've been doing this since day one. I don't need validation from anybody.,Fired back at analysts who questioned whether he was still an elite pass rusher following a slow start to the Cowboys' season.,Twitter/X,Controversy,Mixed,Active,Medium,"Cowboys Wire, Bleacher Report, The Athletic",https://www.dallascowboys.com/news/micah-parsons-talks-about-critics,
144,Patrick Mahomes,Playing,2023.0,This one's for KC. Every single person in this city deserves this.,Celebrated the Chiefs' Super Bowl victory with a heartfelt public message to fans following their championship win.,Instagram,Support,Positive,Active,High,"ESPN, NFL.com, Kansas City Star",https://www.espn.com/nfl/story/_/id/35651586/patrick-mahomes-chiefs-win-super-bowl-lvii,
145,Russell Wilson,Playing,2023.0,I've been through storms before. This is just another one I'll rise from.,Addressed his benching by the Denver Broncos in a reflective Instagram post that drew widespread media discussion.,Instagram,Reflection,Mixed,Active,High,"ESPN, Denver Post, NFL Network",https://www.espn.com/nfl/story/_/id/39194917/russell-wilson-benching-denver-broncos,
146,JJ Watt,Retired,2023.0,I gave everything I had every single day. No regrets. Just gratitude.,"Announced retirement from the NFL in an emotional public statement, reflecting on his career and thanking fans across multiple teams.",Twitter/X,Reflection,Positive,Active,High,"ESPN, NFL.com, Houston Chronicle",https://www.espn.com/nfl/story/_/id/35331464/cardinals-jj-watt-announces-retire-season,
147,Jalen Hurts,Playing,2023.0,We came up short. That's on me to make sure we come back stronger.,Took personal accountability for the Eagles' Super Bowl loss in a somber but composed postgame press conference.,Press Conference,Reflection,Mixed,Available,High,"ESPN, Philadelphia Inquirer, NFL Network",https://www.espn.com/nfl/story/_/id/35651585/jalen-hurts-philadelphia-eagles-super-bowl-loss,
148,Davante Adams,Playing,2022.0,I didn't push that guy. But I understand the situation looked bad and I should've handled it differently.,"Addressed the incident in which he shoved a cameraman following a loss, which led to a fine and public criticism.",Press Conference,Apology,Negative,Available,High,"ESPN, NFL.com, Las Vegas Review-Journal",https://www.espn.com/nfl/story/_/id/34764835/las-vegas-raiders-davante-adams-apologizes-shoving-photographer,
149,Travis Kelce,Playing,2024.0,"Man, if y'all think I'm going anywhere, you clearly haven't been paying attention. 🏆",Jokingly responded to retirement speculation in a lighthearted Twitter post following the Chiefs' latest Super Bowl run.,Twitter/X,Humor,Positive,Active,Medium,"Bleacher Report, NFL Network, Yahoo Sports",https://www.nfl.com/news/travis-kelce-on-retirement-speculation,
150,Deshaun Watson,Playing,2022.0,I want to sincerely apologize to all the women I have impacted in this situation.,Issued a formal public apology following a civil settlement and the NFL's suspension ruling related to a series of misconduct allegations.,Press Conference,Apology,Negative,Available,High,"ESPN, New York Times, Cleveland Plain Dealer",https://www.espn.com/nfl/story/_/id/34415848/deshaun-watson-apologizes-publicly-first-time-browns-debut-approaches,
151,Stefon Diggs,Playing,2024.0,New chapter. Same hunger. Let's get to work.,Posted a brief but widely circulated message on Instagram after being traded from the Buffalo Bills to the Houston Texans.,Instagram,Reflection,Mixed,Active,Medium,"ESPN, NFL Network, Texans Wire",https://www.espn.com/nfl/story/_/id/39867055/stefon-diggs-traded-buffalo-bills-houston-texans,
152,Nick Bosa,Playing,2023.0,"I just try to be honest. If that's controversial, I don't know what to tell you.",Responded to backlash following politically-tinged comments he made in a pre-Super Bowl media availability session.,Press Conference,Controversy,Negative,Available,High,"ESPN, San Francisco Chronicle, Pro Football Talk",https://www.espn.com/nfl/story/_/id/39474773/nick-bosa-nfl-fine-hat-politics,
153,Cooper Kupp,Playing,2022.0,"Faith, family, football — in that order. Always.",Shared a personal reflection on his record-breaking season in an Instagram post that went viral among fans and sports media.,Instagram,Reflection,Positive,Active,Medium,"NFL.com, Bleacher Report, Rams Wire",https://www.nfl.com/news/cooper-kupp-wins-super-bowl-mvp,
154,Cam Newton,Retired,2021.0,They said I was done and I went out there and showed I wasn't. The narrative was always wrong about me.,Reflected on his final playing days and the public perception of his career decline during a candid podcast interview.,Podcast,Reflection,Mixed,Available,Medium,"ESPN, The Athletic, NFL Network",https://www.espn.com/nfl/story/_/id/32774900/cam-newton-reflects-career,
155,CeeDee Lamb,Playing,2025.0,"All I know is I want to win. Whatever it takes to make that happen, I'm in.","Addressed contract extension questions and trade rumors in a measured press conference, reaffirming his commitment to winning with the Cowboys.",Press Conference,Reflection,Positive,Available,High,"ESPN, Cowboys Wire, Dallas Morning News",https://www.espn.com/nfl/player/_/id/4241389/ceedee-lamb,
156,Lamar Jackson,Playing,2023.0,I just want to win. Everything else is noise.,Jackson responds to critics questioning his ability to win a Super Bowl after another playoff exit,Press Conference,Reflection,Mixed,Available,High,"ESPN, NFL Network",https://www.espn.com/nfl/story/_/id/38921004/lamar-jackson-reflects-playoff-loss-ravens,
157,Aaron Rodgers,Playing,2024.0,I never said I was vaccinated. I said I was immunized. There's a difference.,"Rodgers revisits his 2021 vaccination controversy in a podcast interview, doubling down on his original stance",Podcast,Controversy,Negative,Available,High,"ESPN, Washington Post, NBC Sports",https://www.nbcsports.com/nfl/profootballtalk/rumor-mill/news/aaron-rodgers-revisits-vaccine-controversy-podcast,
158,Tyreek Hill,Playing,2023.0,I should've kept my mouth shut. I apologize to the refs and the league.,Hill issues apology after being fined for social media posts criticizing officiating following a Dolphins loss,Twitter/X,Apology,Mixed,Active,Medium,"NFL Network, Pro Football Talk",https://profootballtalk.nbcsports.com/2023/11/tyreek-hill-apologizes-referee-criticism,
159,Peyton Manning,Retired,2022.0,"Looking back, I wish I'd taken more time to enjoy the moment instead of always thinking about the next game.",Manning reflects on his career during a Hall of Fame induction ceremony speech,Public Appearance,Reflection,Positive,Available,High,"NFL.com, Sports Illustrated, Associated Press",https://www.nfl.com/news/peyton-manning-hall-of-fame-speech-reflection,
160,Dak Prescott,Playing,2024.0,I take full responsibility. I let this team down and I know that.,Prescott takes accountability following a critical interception in a playoff loss against the Packers,Press Conference,Apology,Mixed,Available,High,"ESPN, Cowboys Wire, Dallas Morning News",https://www.espn.com/nfl/story/_/id/39204310/dak-prescott-takes-responsibility-playoff-loss,
161,George Kittle,Playing,2023.0,Brock is built different. I'd run through a wall for that dude.,Kittle publicly defends Brock Purdy amid media criticism about whether the 49ers QB is a legitimate starter,Podcast,Support,Positive,Available,Medium,"Yahoo Sports, 49ers Wire",https://sports.yahoo.com/nfl/george-kittle-defends-brock-purdy-podcast,
162,Patrick Mahomes,Playing,2025.0,We're just trying to go out there and play football. That's all it's ever been.,Mahomes responds to ongoing accusations that NFL officials favor the Kansas City Chiefs,Press Conference,Controversy,Mixed,Available,High,"ESPN, Fox Sports, AP",https://www.espn.com/nfl/story/_/id/40011882/mahomes-addresses-referee-bias-accusations,
163,DK Metcalf,Playing,2022.0,I run a 4.3. You do the math.,Metcalf jokes on Twitter after a fan challenges him to a race following a comment about his speed,Twitter/X,Humor,Positive,Active,Low,"Bleacher Report, SB Nation",https://bleacherreport.com/articles/dk-metcalf-twitter-speed-challenge-humor,
164,Odell Beckham Jr.,Free Agent,2024.0,Teams keep saying my knee isn't right. I've been cleared. I'm ready. Call me.,OBJ posts a workout video expressing frustration with NFL teams not signing him despite being medically cleared,Instagram,Controversy,Mixed,Active,Medium,"ESPN, NFL Network, Bleacher Report",https://www.espn.com/nfl/story/_/id/39417822/odell-beckham-jr-calls-out-nfl-teams-instagram,
165,Richard Sherman,Retired,2023.0,The league has changed. Cornerbacks have no chance out there with these rules. We played a different game.,Sherman criticizes current NFL rules favoring wide receivers during a media appearance on his podcast,Podcast,Controversy,Negative,Available,Medium,"The Athletic, Pro Football Talk",https://theathletic.com/nfl/richard-sherman-podcast-rule-changes-cornerbacks,
166,Justin Fields,Playing,2024.0,I'm not thinking about the noise. I'm focused on proving myself every single day.,Fields addresses trade rumors and starting job uncertainty following the Bears drafting Caleb Williams,Press Conference,Reflection,Mixed,Available,High,"ESPN, Chicago Tribune, NFL Network",https://www.espn.com/nfl/story/_/id/39612044/justin-fields-responds-trade-rumors-bears,
167,Jalen Ramsey,Playing,2022.0,I'm the best corner in the league. Ask anybody in this locker room.,"Ramsey makes bold self-assessment during media day, drawing both praise and backlash from analysts",Public Appearance,Controversy,Mixed,Available,Medium,"ESPN, Bleacher Report",https://bleacherreport.com/articles/jalen-ramsey-best-corner-claim-media-day,
168,Tom Brady,Retired,2023.0,Retirement is harder than I thought. I miss competing more than I expected.,Brady opens up about retirement struggles during a candid interview at a charity golf event,Public Appearance,Reflection,Positive,Available,High,"ESPN, SI.com, USA Today",https://www.si.com/nfl/tom-brady-retirement-reflection-charity-event,
169,Stefon Diggs,Playing,2024.0,I want to be somewhere I'm appreciated. I gave everything I had in Buffalo.,"Diggs comments on his trade from the Bills, expressing that the relationship had run its course",Podcast,Reflection,Mixed,Available,High,"ESPN, The Athletic, Bills Wire",https://theathletic.com/nfl/stefon-diggs-trade-buffalo-reflection-podcast,
170,Nick Bosa,Playing,2023.0,Hold out? I earned everything I'm asking for. The market speaks for itself.,"Bosa defends his contract holdout decision ahead of the 49ers training camp, citing his Defensive Player of the Year performance",Twitter/X,Controversy,Mixed,Active,High,"ESPN, NFL Network, San Francisco Chronicle",https://www.espn.com/nfl/story/_/id/38122010/nick-bosa-defends-contract-holdout-twitter,
171,Joe Burrow,Playing,2024.0,"Nah, I'm good. I'll be back.","Burrow makes a lighthearted comment on social media about his injury recovery, calming concerned Bengals fans",Twitter/X,Humor,Positive,Active,Medium,"Bengals Wire, Yahoo Sports",https://sports.yahoo.com/nfl/joe-burrow-injury-update-twitter-humor,
172,Davante Adams,Playing,2025.0,I should not have done that. I let my emotions get the best of me and I'm sorry.,"Adams apologizes after shoving a sideline photographer following a loss, which led to an NFL investigation",Twitter/X,Apology,Negative,Active,High,"ESPN, Associated Press, NFL Network",https://www.espn.com/nfl/story/_/id/40218773/davante-adams-apologizes-shoving-photographer,
173,Josh Allen,Playing,2023.0,We all grieve differently. Damar is family and this community showed up for him in a way I'll never forget.,Allen reflects on Damar Hamlin's cardiac arrest and the outpouring of community support during a press conference,Press Conference,Support,Positive,Available,High,"ESPN, NFL Network, Buffalo News",https://www.espn.com/nfl/story/_/id/38400211/josh-allen-reflects-damar-hamlin-community-support,
174,Von Miller,Playing,2024.0,I've been through adversity my whole career. This is just another chapter.,"Miller speaks publicly for the first time after being charged and suspended, vowing to fight the allegations",Instagram,Controversy,Negative,Active,High,"ESPN, ABC News, Pro Football Talk",https://profootballtalk.nbcsports.com/2024/von-miller-addresses-suspension-instagram,
175,Micah Parsons,Playing,2025.0,Nobody's coming to save us. We gotta do it ourselves.,Parsons rallies Cowboys teammates on social media after the team's disappointing start to the season under new coaching staff,Twitter/X,Support,Positive,Active,Medium,"Cowboys Wire, NFL Network, The Athletic",https://theathletic.com/nfl/micah-parsons-rallies-cowboys-twitter,
176,CeeDee Lamb,Playing,2024.0,I'm not going to camp without a deal. Simple as that.,"Lamb holds out from Cowboys training camp while negotiating a new contract extension, drawing widespread media attention",Twitter/X,Controversy,Mixed,Active,High,"ESPN, NFL Network, Dallas Morning News",https://www.espn.com/nfl/story/_/id/39800241/ceedee-lamb-holdout-cowboys-training-camp,
177,Ray Lewis,Retired,2022.0,I look back on every single moment and I'd do it all over again. The game gave me everything.,Lewis delivers an emotional keynote speech at a youth football leadership summit in Baltimore,Public Appearance,Reflection,Positive,Available,Medium,"Baltimore Sun, NFL Network",https://www.nfl.com/news/ray-lewis-youth-football-summit-reflection,
178,Sauce Gardner,Playing,2023.0,Put some respect on my name. I haven't given up a touchdown all year.,Gardner fires back at an analyst who ranked him outside the top five corners in the league despite his dominant season,Twitter/X,Controversy,Mixed,Active,Medium,"Bleacher Report, Jets Wire, Yahoo Sports",https://sports.yahoo.com/nfl/sauce-gardner-responds-analyst-ranking-twitter,
179,Derrick Henry,Playing,2024.0,I still feel like I'm 25. The body feels great. I've got a lot left in the tank.,Henry speaks about his career longevity after signing with the Ravens and posting a historic rushing season at age 30,Press Conference,Reflection,Positive,Available,High,"ESPN, NFL Network, The Athletic",https://www.espn.com/nfl/story/_/id/39905512/derrick-henry-ravens-longevity-press-conference,
180,Caleb Williams,Playing,2024.0,I'm not trying to be anybody else. I'm just trying to be Caleb.,Williams addresses comparisons to Patrick Mahomes and other elite QBs during his first NFL media availability as a Bear,Press Conference,Reflection,Positive,Available,High,"ESPN, Chicago Tribune, NFL Network",https://www.espn.com/nfl/story/_/id/39701003/caleb-williams-addresses-comparisons-bears-media-day,
181,Antonio Brown,Free Agent,2022.0,The NFL blacklisted me. Every team knows I can still play. This is personal.,Brown goes on a social media tirade accusing the league of colluding against him after going unsigned throughout the offseason,Twitter/X,Controversy,Negative,Active,High,"ESPN, ProFootballTalk, NY Post",https://profootballtalk.nbcsports.com/2022/antonio-brown-blacklisted-claim-twitter,
182,Jordan Love,Playing,2024.0,Sitting behind Aaron for three years was the best education I could have gotten.,Love reflects on his time as Aaron Rodgers' backup and how that experience shaped him as a starter,Podcast,Reflection,Positive,Available,Medium,"The Athletic, Packers Wire",https://theathletic.com/nfl/jordan-love-rodgers-backup-reflection-podcast,
183,Tua Tagovailoa,Playing,2023.0,"I want to be transparent — my health comes first, and I'm taking every precaution necessary.",Tagovailoa addresses the media about his concussion history and the league's handling of head injuries following his third documented concussion,Press Conference,Controversy,Negative,Available,High,"ESPN, Washington Post, Miami Herald",https://www.espn.com/nfl/story/_/id/38615903/tua-tagovailoa-concussion-health-transparency,
184,Marshawn Lynch,Retired,2022.0,I'm just here so I don't get fined. You already know.,"Lynch reprises his famous media day quote during a comedic appearance at a charity event, delighting fans online",Public Appearance,Humor,Positive,Available,Medium,"Bleacher Report, Yahoo Sports, SB Nation",https://bleacherreport.com/articles/marshawn-lynch-reprises-media-day-quote-charity-event,
185,Saquon Barkley,Playing,2023.0,Leaving New York was one of the hardest decisions of my life. But I had to do what was right for me.,Barkley opens up about his departure from the Giants and signing with the Eagles during a sit-down interview,Podcast,Reflection,Mixed,Available,High,"ESPN, NY Post, The Athletic",https://theathletic.com/nfl/saquon-barkley-giants-departure-reflection-podcast,
186,Zay Jones,Free Agent,2023.0,I take full accountability for my actions and I am committed to getting the help I need.,Jones releases a statement apologizing after a domestic disturbance incident led to his release from the Jacksonville Jaguars,Twitter/X,Apology,Negative,Active,Medium,"ESPN, Jaguars Wire, Associated Press",https://www.espn.com/nfl/story/_/id/38290177/zay-jones-apology-statement-domestic-incident,
187,Amon-Ra St. Brown,Playing,2024.0,People slept on me coming out. I use that every single day.,St. Brown discusses being a sixth-round pick and using draft snubs as motivation during a feature interview,Podcast,Reflection,Positive,Available,Medium,"NFL Network, Lions Wire",https://www.nfl.com/news/amon-ra-st-brown-draft-motivation-podcast-feature,
188,Deshaun Watson,Playing,2023.0,I've grown from everything that happened. I'm focused on football and being the best teammate I can be.,Watson addresses the media at Browns training camp for the first time following his season-long suspension for conduct violations,Press Conference,Apology,Negative,Available,High,"ESPN, Cleveland Plain Dealer, NFL Network",https://www.espn.com/nfl/story/_/id/38011244/deshaun-watson-returns-browns-camp-addresses-suspension,
189,Deion Sanders,Retired,2023.0,"If you don't believe in yourself, nobody else will. Prime Time never doubted Prime Time.",Sanders makes a bold statement at a Colorado Buffaloes press conference shortly after taking over as head coach,Press Conference,Humor,Positive,Available,High,"ESPN, Sports Illustrated, Fox Sports",https://www.si.com/college/deion-sanders-colorado-press-conference-prime-time,
190,Christian McCaffrey,Playing,2024.0,The work never stops. I've been training since February and I can't wait to get back out there.,McCaffrey posts a training update on Instagram amid speculation about his injury recovery timeline heading into the season,Instagram,Support,Positive,Active,Medium,"49ers Wire, NFL Network",https://www.nfl.com/news/christian-mccaffrey-training-update-instagram-injury-recovery,
191,DeAndre Hopkins,Free Agent,2023.0,I've been around long enough to know what I bring. I'm not taking a discount.,"Hopkins comments on his free agency situation after being cut by the Cardinals, expressing confidence in his market value",Twitter/X,Controversy,Mixed,Active,Medium,"ESPN, NFL Network, Arizona Republic",https://www.espn.com/nfl/story/_/id/38198830/deandre-hopkins-free-agency-market-value-twitter,
192,Myles Garrett,Playing,2025.0,I asked for a trade. I want to compete for a championship. That's not a secret anymore.,"Garrett publicly confirms his trade request from the Browns, citing a desire to win a Super Bowl before his career ends",Press Conference,Controversy,Negative,Available,High,"ESPN, Cleveland.com, The Athletic",https://theathletic.com/nfl/myles-garrett-trade-request-confirmed-browns,
193,Jared Goff,Playing,2024.0,People counted me out after the trade. I used every bit of that. Still am.,Goff reflects on being traded from the Rams to the Lions and how the perceived slight fueled his resurgence as a top QB,Podcast,Reflection,Positive,Available,Medium,"The Athletic, Lions Wire, NFL Network",https://theathletic.com/nfl/jared-goff-rams-trade-motivation-reflection-podcast,
194,Ja'Marr Chase,Playing,2025.0,Watch what I do this year. Don't say nothing after. Just watch.,Chase posts a cryptic but confident message after signing his record-breaking contract extension with the Bengals,Twitter/X,Humor,Positive,Active,High,"ESPN, Bengals Wire, Yahoo Sports",https://sports.yahoo.com/nfl/jamarr-chase-contract-extension-twitter-message,
195,Aidan Hutchinson,Playing,2024.0,It was a scary situation. I'm grateful for the medical staff and my teammates who were there for me.,"Hutchinson speaks publicly for the first time after suffering a gruesome leg injury mid-game, expressing gratitude for the support he received",Instagram,Reflection,Positive,Active,High,"ESPN, Detroit Free Press, NFL Network",https://www.espn.com/nfl/story/_/id/40102984/aidan-hutchinson-first-statement-leg-injury-instagram,
196,Baker Mayfield,Playing,2023.0,Nobody believed in me. That's fine. I knew what I was capable of.,Mayfield reflects on his career resurgence with the Buccaneers after being released by three teams in a single year,Podcast,Reflection,Positive,Available,High,"ESPN, The Athletic, Buccaneers Wire",https://theathletic.com/nfl/baker-mayfield-resurgence-reflection-podcast,
197,Brandin Cooks,Free Agent,2023.0,"I just want to be somewhere stable. I've been traded too many times. I'm a person, not a transaction.",Cooks speaks candidly about being traded five times in his career during a sit-down media interview,Public Appearance,Reflection,Mixed,Available,Medium,"NFL Network, Yahoo Sports",https://sports.yahoo.com/nfl/brandin-cooks-trade-history-stability-interview,
198,Darius Slay,Playing,2024.0,Big Play Slay still out here. Don't let the age fool you.,"Slay jokes on Twitter after recording an interception at age 33, quieting critics who said he was past his prime",Twitter/X,Humor,Positive,Active,Low,"Eagles Wire, Bleacher Report",https://bleacherreport.com/articles/darius-slay-interception-age-joke-twitter,
199,Leonard Fournette,Free Agent,2023.0,No calls. No workouts. I'm in the best shape of my life and nobody wants to see it.,Fournette expresses frustration on social media after going unsigned deep into the season with no team interest,Instagram,Controversy,Negative,Active,Low,"Pro Football Talk, Yahoo Sports",https://profootballtalk.nbcsports.com/2023/leonard-fournette-unsigned-frustration-instagram,
200,Cooper Kupp,Playing,2023.0,Injuries are part of the game. I've never used that as an excuse and I'm not going to start now.,Kupp addresses a string of injuries that derailed his follow-up to his historic 2021 season during training camp availability,Press Conference,Reflection,Mixed,Available,Medium,"ESPN, Rams Wire, LA Times",https://www.espn.com/nfl/story/_/id/38312044/cooper-kupp-injury-resilience-press-conference,
201,Ndamukong Suh,Retired,2023.0,I played mean because the game demands it. I don't apologize for that.,Suh defends his physical and aggressive playing style during a retrospective interview reflecting on his NFL legacy,Podcast,Reflection,Mixed,Available,Medium,"The Athletic, NFL Network",https://theathletic.com/nfl/ndamukong-suh-career-legacy-reflection-podcast,
202,Trevon Diggs,Playing,2022.0,Pick six coming. I can feel it.,"Diggs posts a playful prediction before a Monday Night Football game, which he delivers on, sparking viral reaction",Twitter/X,Humor,Positive,Active,Medium,"Cowboys Wire, Bleacher Report, SB Nation",https://bleacherreport.com/articles/trevon-diggs-pick-six-prediction-twitter-mnf,
203,Emmanuel Sanders,Retired,2022.0,I want kids coming up to know it is okay to ask for help. I struggled mentally and nobody knew.,Sanders opens up about mental health struggles during his playing career at a post-retirement advocacy event,Public Appearance,Support,Positive,Available,Medium,"NFL Network, USA Today",https://www.usatoday.com/sports/nfl/emmanuel-sanders-mental-health-advocacy-retirement,
204,Rashee Rice,Playing,2024.0,I made a terrible mistake and I own that completely. I'm sorry to everyone affected.,Rice issues a public apology following a high-speed street racing incident in Dallas that resulted in multiple car crashes and legal charges,Twitter/X,Apology,Negative,Active,High,"ESPN, Dallas Morning News, NFL Network",https://www.espn.com/nfl/story/_/id/39600188/rashee-rice-apology-street-racing-incident,
205,Brock Purdy,Playing,2024.0,Mr. Irrelevant? I'll take that every single day if it means I get to play in this league.,Purdy jokes about his draft status during a media session after leading the 49ers to another NFC Championship appearance,Press Conference,Humor,Positive,Available,High,"ESPN, SF Chronicle, NFL Network",https://www.espn.com/nfl/story/_/id/39812200/brock-purdy-mr-irrelevant-joke-nfc-championship,
206,Cam Newton,Retired,2022.0,They said I was done at 30. Here I am at 33 still waiting for one phone call. Just one.,Newton posts a video expressing frustration that no NFL team has offered him a contract since being released by the Patriots,Instagram,Controversy,Negative,Active,High,"ESPN, Bleacher Report, Pro Football Talk",https://bleacherreport.com/articles/cam-newton-unsigned-nfl-frustration-instagram,
207,Jaylen Waddle,Playing,2023.0,Me and Tyreek are the best duo in the league. Nobody is stopping both of us.,Waddle makes a bold claim about his pairing with Tyreek Hill during Dolphins media day ahead of the season opener,Press Conference,Controversy,Mixed,Available,Medium,"ESPN, Miami Herald, NFL Network",https://www.espn.com/nfl/story/_/id/38100432/jaylen-waddle-best-duo-claim-dolphins-media-day,
208,Johnathan Abram,Free Agent,2023.0,I want to sincerely apologize to my former teammates. My attitude was wrong and I know that now.,Abram releases a statement apologizing to Raiders teammates after reports surfaced about locker room friction prior to his release,Twitter/X,Apology,Mixed,Active,Low,"Raiders Wire, Pro Football Talk",https://profootballtalk.nbcsports.com/2023/johnathan-abram-apology-raiders-locker-room,
209,A.J. Brown,Playing,2024.0,I don't need the validation. My tape speaks for itself every Sunday.,Brown responds to being left off a major media outlet's top-10 wide receiver ranking with a dismissive but pointed post,Twitter/X,Controversy,Mixed,Active,Medium,"Eagles Wire, Bleacher Report, Yahoo Sports",https://sports.yahoo.com/nfl/aj-brown-responds-ranking-snub-twitter,
210,Frank Gore,Retired,2022.0,Football saved my life. I grew up with nothing and this game gave me everything.,Gore delivers a heartfelt speech at a community outreach event in Miami discussing his upbringing and the impact of football on his life,Public Appearance,Reflection,Positive,Available,Low,"NFL Network, Miami Herald",https://www.nfl.com/news/frank-gore-community-event-football-life-reflection,
211,Kyler Murray,Playing,2022.0,I don't think I need to defend my work ethic. My game speaks for itself.,"Murray pushes back after the Cardinals inserted an independent study clause into his contract, implying he was not preparing adequately",Press Conference,Controversy,Negative,Available,High,"ESPN, Arizona Republic, NFL Network",https://www.espn.com/nfl/story/_/id/34812900/kyler-murray-study-clause-response-press-conference,
212,Jerry Jeudy,Playing,2024.0,Fresh start. New city. I'm ready to show everybody what I'm really about.,"Jeudy posts after being traded from the Broncos to the Browns, expressing excitement about his new opportunity",Instagram,Reflection,Positive,Active,Medium,"Browns Wire, NFL Network",https://www.nfl.com/news/jerry-jeudy-trade-browns-fresh-start-instagram,
213,Carl Nassib,Retired,2022.0,The support I received from this league and from fans meant more than I can put into words.,Nassib reflects on coming out as the first openly gay active NFL player and the response from the football community during a retirement press conference,Press Conference,Support,Positive,Available,High,"ESPN, Associated Press, NFL Network",https://www.espn.com/nfl/story/_/id/35100244/carl-nassib-reflects-coming-out-retirement,
214,Miles Sanders,Playing,2023.0,"I heard everything people said. I'm not going to lie, it motivated me more than anything.",Sanders responds to heavy criticism from Eagles fans following a fumble-prone season before his departure to Carolina,Podcast,Reflection,Mixed,Available,Low,"Panthers Wire, Pro Football Talk",https://profootballtalk.nbcsports.com/2023/miles-sanders-criticism-motivation-podcast,
215,Alvin Kamara,Playing,2023.0,I made a bad decision that night and people got hurt. For that I am truly sorry.,Kamara issues a formal apology after pleading no contest to charges stemming from a physical altercation in Las Vegas during Pro Bowl weekend,Public Appearance,Apology,Negative,Available,High,"ESPN, Associated Press, Saints Wire",https://www.espn.com/nfl/story/_/id/38722014/alvin-kamara-apology-las-vegas-altercation,
216,Malik Willis,Playing,2024.0,I've been patient. My time is coming and I'm going to be ready when it does.,Willis speaks about his journey as a backup quarterback after unexpectedly starting for the Packers mid-season,Press Conference,Reflection,Positive,Available,Medium,"Packers Wire, ESPN, NFL Network",https://www.espn.com/nfl/story/_/id/39900341/malik-willis-patience-opportunity-press-conference,
217,Terrell Owens,Retired,2023.0,The Hall of Fame snubbed me for years. The voters had personal vendettas. That's the truth.,"Owens revisits his contentious Hall of Fame journey during a podcast interview, renewing criticism of the voting process",Podcast,Controversy,Negative,Available,Medium,"The Athletic, Bleacher Report, Yahoo Sports",https://theathletic.com/nfl/terrell-owens-hall-of-fame-voters-controversy-podcast,
218,Sam Darnold,Playing,2024.0,I never stopped believing in myself even when it felt like nobody else did.,Darnold reflects on his career resurgence with the Vikings after his strong start to the 2024 season silenced longtime critics,Press Conference,Reflection,Positive,Available,High,"ESPN, Vikings Wire, Star Tribune",https://www.espn.com/nfl/story/_/id/39988421/sam-darnold-resurgence-reflection-vikings,
219,Cheetah Thomas,Playing,2023.0,"If the league won't protect us, we have to protect each other.",Thomas posts in solidarity with players advocating for stronger helmet safety rules following a rash of concussion-related incidents across the league,Twitter/X,Support,Positive,Active,Low,"NFL Players Association, Pro Football Talk",https://profootballtalk.nbcsports.com/2023/players-solidarity-helmet-safety-rules,
220,Eli Manning,Retired,2023.0,I still have nightmares about some of those Sack Sundays. But we won two Super Bowls so I'll take it.,Manning jokes about his career highs and lows during a lighthearted segment on ESPN's ManningCast,Public Appearance,Humor,Positive,Available,Medium,"ESPN, Pro Football Talk, SI.com",https://www.si.com/nfl/eli-manning-manningcast-humor-career-reflection,
221,Zach Wilson,Playing,2022.0,Do I feel like I let the defense down? No.,Wilson's blunt response to a question about whether his poor performance contributed to the Jets defense wearing down draws immediate backlash from teammates and media,Press Conference,Controversy,Negative,Available,High,"ESPN, NY Post, NFL Network",https://www.espn.com/nfl/story/_/id/34901122/zach-wilson-defense-comment-controversy-press-conference,
222,Chris Jones,Playing,2023.0,I'm the best defensive player in this league. Pay me accordingly.,Jones holds out from Chiefs training camp and makes his case publicly for a record-setting contract for a defensive tackle,Twitter/X,Controversy,Mixed,Active,High,"ESPN, Chiefs Wire, Kansas City Star",https://www.espn.com/nfl/story/_/id/38201044/chris-jones-holdout-contract-demand-twitter,
223,Jerry Rice,Retired,2024.0,Records are meant to be broken. If someone breaks mine I'll shake their hand — and then remind them it took 30 years.,Rice responds with humor after analysts suggest Davante Adams could eventually challenge his all-time receiving records,Twitter/X,Humor,Positive,Active,Medium,"NFL Network, Bleacher Report",https://bleacherreport.com/articles/jerry-rice-records-humor-twitter-response,
224,Demario Davis,Playing,2023.0,We have a platform and we have a responsibility. I'm going to keep using mine.,Davis speaks at a press conference defending his right to wear faith-based messaging on his helmet strap after the NFL fined him for the display,Press Conference,Support,Mixed,Available,Medium,"ESPN, Saints Wire, Associated Press",https://www.espn.com/nfl/story/_/id/38022710/demario-davis-helmet-strap-fine-response,
225,Dez Bryant,Retired,2022.0,That was a catch. It has always been a catch. Move on.,Bryant reignites debate about the infamous 2014 playoff ruling on Twitter after a fan tags him in an anniversary post about the play,Twitter/X,Controversy,Mixed,Active,Medium,"Dallas Morning News, Bleacher Report, Yahoo Sports",https://sports.yahoo.com/nfl/dez-bryant-catch-ruling-revisit-twitter,
226,Roquan Smith,Playing,2022.0,I have given everything to this organization and I deserve to be treated with respect in these negotiations.,"Smith submits a formal trade request from the Bears, citing a breakdown in contract extension talks and a lack of good faith from the front office",Twitter/X,Controversy,Negative,Active,High,"ESPN, Chicago Tribune, NFL Network",https://www.espn.com/nfl/story/_/id/34700441/roquan-smith-trade-request-bears-contract,
227,Damar Hamlin,Playing,2023.0,God had a plan for me. I don't take a single day on this field for granted anymore.,Hamlin speaks at a press conference ahead of his return to the field following his cardiac arrest during a Monday Night Football game,Press Conference,Reflection,Positive,Available,High,"ESPN, Bills Wire, Associated Press",https://www.espn.com/nfl/story/_/id/38000112/damar-hamlin-return-press-conference-reflection,
228,Jameis Winston,Playing,2023.0,"Eat a W, not an L. We built different in here.","Winston posts a motivational message after the Saints win a must-win late-season game, referencing his famous eat-the-W speech to teammates",Instagram,Humor,Positive,Active,Low,"Saints Wire, SB Nation",https://www.sbnation.com/nfl/jameis-winston-eat-a-w-instagram-saints-win,
229,Deebo Samuel,Playing,2022.0,I want to be somewhere I'm valued. Right now I don't feel that way.,"Samuel requests a trade from the 49ers citing a desire for a new opportunity, sparking a standoff with the front office that lasted through the offseason",Twitter/X,Controversy,Negative,Deleted,High,"ESPN, SF Chronicle, NFL Network",https://www.espn.com/nfl/story/_/id/33901244/deebo-samuel-trade-request-49ers-twitter,
230,Budda Baker,Playing,2023.0,I put in a trade request and I stand by that decision. I want to compete for a championship.,"Baker publicly confirms his trade request from the Cardinals after reports surfaced, becoming one of the most surprising offseason stories of the year",Twitter/X,Controversy,Mixed,Active,High,"ESPN, Arizona Republic, NFL Network",https://www.espn.com/nfl/story/_/id/38100882/budda-baker-trade-request-cardinals-confirmed,
231,Adrian Peterson,Retired,2023.0,I feel like I have a few good years left. I just need one team to believe that.,"Peterson, at age 38, posts a workout video to social media in an attempt to attract interest from NFL teams after going unsigned",Instagram,Reflection,Mixed,Active,Medium,"Pro Football Talk, Yahoo Sports, Bleacher Report",https://sports.yahoo.com/nfl/adrian-peterson-workout-video-comeback-attempt-instagram,
232,Brandon Aiyuk,Playing,2024.0,I love the game. I love my teammates. The business side is the business side.,"Aiyuk navigates a tense contract standoff with the 49ers, addressing fans on social media while his future with the team remained uncertain",Instagram,Controversy,Mixed,Active,High,"ESPN, SF Chronicle, The Athletic",https://theathletic.com/nfl/brandon-aiyuk-contract-holdout-instagram-statement,
233,Matt Judon,Playing,2024.0,They released me like I was nothing after everything I gave them. That one hurt.,Judon reacts to his release from the Patriots with a candid social media post expressing disappointment with how the situation was handled,Twitter/X,Controversy,Negative,Active,Medium,"ESPN, Boston Globe, Pro Football Talk",https://profootballtalk.nbcsports.com/2024/matt-judon-patriots-release-reaction-twitter,
234,Kwon Alexander,Retired,2023.0,"I want people to know it is okay to not be okay. Football or not, mental health is everything.",Alexander speaks at a health and wellness summit about his personal battle with anxiety and depression during his NFL career,Public Appearance,Support,Positive,Available,Low,"NFL Network, USA Today",https://www.usatoday.com/sports/nfl/kwon-alexander-mental-health-advocacy-wellness-summit,
235,Kadarius Toney,Playing,2023.0,Everybody always got something to say. Let me get healthy and watch what happens.,Toney fires back at analysts questioning his durability and commitment after a series of injuries derailed his first two NFL seasons,Twitter/X,Controversy,Mixed,Deleted,Low,"Chiefs Wire, Bleacher Report",https://bleacherreport.com/articles/kadarius-toney-responds-durability-criticism-twitter,
236,Travon Walker,Playing,2023.0,I know people expected more from me early. I'm putting in the work every single day to be what this team needs.,Walker addresses criticism about his development as the first overall pick in the 2022 draft during Jaguars training camp media availability,Press Conference,Reflection,Mixed,Available,Medium,"ESPN, Jaguars Wire, Florida Times-Union",https://www.espn.com/nfl/story/_/id/38201884/travon-walker-development-criticism-jaguars-camp,
237,Randy Moss,Retired,2022.0,Straight cash homie. Still the most electric play I ever made.,Moss jokes about his legendary straight cash homie moment during a throwback segment on NFL Network's anniversary coverage,Public Appearance,Humor,Positive,Available,Medium,"NFL Network, Bleacher Report",https://bleacherreport.com/articles/randy-moss-straight-cash-homie-anniversary-nfl-network,
238,Diontae Johnson,Playing,2024.0,I refused to play. I own that. But I also know my worth and I wasn't going to pretend otherwise.,"Johnson addresses his benching by the Carolina Panthers after refusing to enter a game, which ultimately led to his trade to the Baltimore Ravens",Podcast,Controversy,Negative,Available,High,"ESPN, The Athletic, Panthers Wire",https://theathletic.com/nfl/diontae-johnson-refusal-play-controversy-podcast,
239,Dak Prescott,Playing,2021.0,Mental health is real. I went through it after my brother passed and I am not ashamed of that.,Prescott opens up publicly for the first time about seeking therapy and dealing with depression following his brother's suicide,Public Appearance,Support,Positive,Available,High,"ESPN, Dallas Morning News, Associated Press",https://www.espn.com/nfl/story/_/id/31200442/dak-prescott-mental-health-brother-suicide-openness,
240,Tee Higgins,Playing,2024.0,I'm not going to play on the franchise tag. That is not where I want to be right now.,"Higgins holds firm on not reporting to Bengals training camp while playing under the franchise tag, intensifying contract dispute coverage",Twitter/X,Controversy,Mixed,Active,High,"ESPN, Bengals Wire, NFL Network",https://www.espn.com/nfl/story/_/id/39801044/tee-higgins-franchise-tag-holdout-twitter,
241,Warren Sapp,Retired,2023.0,I said what I said about offensive linemen and I still mean it. Nobody remembers the guys who didn't make plays.,Sapp doubles down on controversial remarks he made belittling offensive linemen during a podcast debate about Hall of Fame worthiness,Podcast,Controversy,Negative,Available,Medium,"Pro Football Talk, The Athletic",https://profootballtalk.nbcsports.com/2023/warren-sapp-offensive-linemen-remarks-podcast,
242,Jaylen Warren,Playing,2024.0,Undrafted. Overlooked. Every time I touch the field I remember that.,Warren posts a motivational message on Instagram after a breakout performance filling in for an injured Najee Harris,Instagram,Reflection,Positive,Active,Low,"Steelers Wire, Yahoo Sports",https://sports.yahoo.com/nfl/jaylen-warren-undrafted-motivation-instagram-breakout,
243,Odell Beckham Jr.,Free Agent,2023.0,I showed up. I was healthy. I ran routes for 40 minutes straight. What more do you need to see?,OBJ expresses frustration after a private workout for multiple NFL teams yielded no contract offers,Podcast,Controversy,Negative,Available,High,"ESPN, NFL Network, Bleacher Report",https://bleacherreport.com/articles/odell-beckham-jr-workout-no-offers-podcast,
244,Juju Smith-Schuster,Playing,2022.0,I know some people think I'm soft for doing TikTok. I don't care. I'm happy.,Smith-Schuster responds to criticism from NFL veterans about his social media presence detracting from his professionalism,Podcast,Controversy,Mixed,Available,Medium,"Bleacher Report, The Athletic, Yahoo Sports",https://theathletic.com/nfl/juju-smith-schuster-tiktok-criticism-response-podcast,
245,Will Anderson Jr.,Playing,2024.0,This is just the beginning. I haven't even scratched the surface of what I can do.,Anderson speaks after being named to his first Pro Bowl following a dominant sophomore season with the Houston Texans,Press Conference,Reflection,Positive,Available,Medium,"ESPN, Texans Wire, NFL Network",https://www.espn.com/nfl/story/_/id/39901744/will-anderson-jr-pro-bowl-reflection-texans,
246,Darian Thompson,Retired,2022.0,I want young players to know the league will move on without you fast. Protect your money and your mind.,Thompson speaks at an NFLPA financial literacy event about the realities of life after football for players who were not high-profile stars,Public Appearance,Support,Positive,Available,Low,"NFLPA, USA Today",https://www.usatoday.com/sports/nfl/darian-thompson-nflpa-financial-literacy-event,
247,Josh McDaniels,Retired,2023.0,I take full responsibility for the results in Las Vegas. The decisions were mine and they did not work.,Former Raiders head coach McDaniels gives his only public statement following his firing after a dismal 13-25 record with Las Vegas,Public Appearance,Apology,Negative,Available,High,"ESPN, Las Vegas Review-Journal, NFL Network",https://www.espn.com/nfl/story/_/id/38801034/josh-mcdaniels-fired-raiders-accountability-statement,
248,CJ Stroud,Playing,2024.0,My faith kept me grounded. Without that I don't think I survive the pressure of year one in this league.,Stroud reflects on his Offensive Rookie of the Year season and how his faith helped him manage the expectations placed on him as a top-two pick,Podcast,Reflection,Positive,Available,High,"ESPN, Texans Wire, The Athletic",https://theathletic.com/nfl/cj-stroud-faith-rookie-season-reflection-podcast,
249,Yannick Ngakoue,Free Agent,2023.0,Five teams in six years. At some point you stop asking why and just keep going.,Ngakoue reflects on his journeyman career in a candid interview after signing yet another one-year deal with his fifth NFL franchise,Podcast,Reflection,Mixed,Available,Low,"Pro Football Talk, Yahoo Sports",https://sports.yahoo.com/nfl/yannick-ngakoue-journeyman-career-reflection-podcast,
250,Keenan Allen,Playing,2024.0,At 31 I've still got it. If anything I know the game better now than I ever have.,Allen speaks about signing with the Chicago Bears and how his veteran experience can help develop Caleb Williams as a young quarterback,Press Conference,Reflection,Positive,Available,Medium,"ESPN, Bears Wire, Chicago Tribune",https://www.espn.com/nfl/story/_/id/39700882/keenan-allen-bears-signing-veteran-experience,
251,Jadeveon Clowney,Free Agent,2023.0,I'm not going to take a bad deal just to say I'm on a team. I know what I bring.,Clowney remains unsigned into the regular season and publicly declines what he describes as below-market offers from multiple teams,Twitter/X,Controversy,Mixed,Active,Medium,"Pro Football Talk, Bleacher Report, NFL Network",https://profootballtalk.nbcsports.com/2023/jadeveon-clowney-unsigned-market-value-twitter,
252,Marshon Lattimore,Playing,2024.0,I've been patient with this organization and I think it's time for a change of scenery.,Lattimore requests a trade from the Saints following years of injury setbacks and growing frustration with the team's direction,Twitter/X,Controversy,Negative,Active,High,"ESPN, Saints Wire, New Orleans Advocate",https://www.espn.com/nfl/story/_/id/39812044/marshon-lattimore-trade-request-saints,
253,Greg Olsen,Retired,2023.0,"When your kid beats cancer and then gets drafted by an NFL team, nothing else in life seems that hard.","Olsen reflects on his son TJ's heart condition, recovery, and subsequent NFL draft selection during an emotional sit-down interview",Public Appearance,Reflection,Positive,Available,High,"ESPN, SI.com, Associated Press",https://www.si.com/nfl/greg-olsen-son-tj-heart-nfl-draft-reflection,
254,Tyler Bass,Playing,2024.0,I let my team down. That missed kick is on me and I have to live with that.,Bass publicly takes responsibility for a crucial missed field goal in the playoffs that contributed to the Bills' elimination,Twitter/X,Apology,Negative,Active,High,"ESPN, Bills Wire, Buffalo News",https://www.espn.com/nfl/story/_/id/39400112/tyler-bass-missed-kick-apology-bills-playoffs,
255,Aaron Donald,Retired,2023.0,I won a Super Bowl. I did everything I set out to do. It was time to go out on top.,Donald reflects on his decision to retire at the peak of his powers during his official retirement announcement press conference,Press Conference,Reflection,Positive,Available,High,"ESPN, NFL Network, LA Times",https://www.espn.com/nfl/story/_/id/38100022/aaron-donald-retirement-press-conference-reflection,
256,Trace McSorley,Free Agent,2023.0,I've been on seven rosters. Every single time I get cut I come back harder. That's just who I am.,McSorley speaks candidly about the grind of being a journeyman backup quarterback in a feature interview about life on the NFL fringe,Podcast,Reflection,Positive,Available,Low,"Pro Football Talk, Yahoo Sports",https://sports.yahoo.com/nfl/trace-mcsorley-journeyman-backup-reflection-podcast,
257,Ezekiel Elliott,Free Agent,2023.0,Dallas will always be home. But I understand the business. No hard feelings.,"Elliott reflects on his release from the Cowboys after eight seasons, expressing gratitude while acknowledging the NFL's transactional nature",Twitter/X,Reflection,Mixed,Active,High,"ESPN, Dallas Morning News, NFL Network",https://www.espn.com/nfl/story/_/id/38200441/ezekiel-elliott-cowboys-release-reaction-twitter,
258,Nuk Hopkins,Playing,2022.0,Six games for something that has been legal in most states. Make it make sense.,Hopkins publicly criticizes the NFL's drug policy after receiving a six-game suspension for a PED violation he attributed to a tainted supplement,Twitter/X,Controversy,Negative,Active,High,"ESPN, Arizona Republic, NFL Network",https://www.espn.com/nfl/story/_/id/34100882/deandre-hopkins-suspension-drug-policy-criticism,
259,Drew Brees,Retired,2022.0,New Orleans gave me everything. I gave New Orleans everything. That city will be in my heart forever.,Brees delivers an emotional speech during his number retirement ceremony at the Superdome in front of a sold-out crowd,Public Appearance,Reflection,Positive,Available,High,"ESPN, New Orleans Advocate, NFL Network",https://www.espn.com/nfl/story/_/id/34801022/drew-brees-number-retirement-ceremony-saints,
260,Lavonte David,Playing,2023.0,Twelve years with one team. That means something to me even if the league doesn't celebrate it enough.,"David reflects on his loyalty to the Buccaneers during his contract extension signing, becoming one of the longest-tenured players with a single franchise",Press Conference,Reflection,Positive,Available,Medium,"Buccaneers Wire, NFL Network, Tampa Bay Times",https://www.nfl.com/news/lavonte-david-buccaneers-loyalty-contract-extension-press-conference,
261,Tua Tagovailoa,Playing,2024.0,I am choosing to step away to prioritize my long-term health. This was not an easy decision.,"Tagovailoa announces he is taking an indefinite leave from football following his fourth documented concussion, raising widespread concern about his future in the league",Press Conference,Reflection,Mixed,Available,High,"ESPN, Miami Herald, Associated Press",https://www.espn.com/nfl/story/_/id/40100882/tua-tagovailoa-health-leave-announcement-press-conference,
262,Tamba Hali,Retired,2023.0,I came from Liberia with nothing. Football gave me a life I never could have imagined. Never take it for granted.,Hali speaks at a youth empowerment event in Kansas City about his journey from a Liberian refugee camp to the NFL,Public Appearance,Reflection,Positive,Available,Low,"Kansas City Star, NFL Network",https://www.nfl.com/news/tamba-hali-liberia-youth-empowerment-event-reflection,
263,Elijah Mitchell,Playing,2023.0,I'm tired of people writing me off because of injuries. When I'm healthy I can play with anybody in this league.,Mitchell pushes back on narratives about his durability concerns during 49ers training camp after missing significant time in previous seasons,Press Conference,Controversy,Mixed,Available,Low,"49ers Wire, Pro Football Talk",https://profootballtalk.nbcsports.com/2023/elijah-mitchell-durability-pushback-49ers-camp,
264,Peyton Manning,Retired,2024.0,I told Eli he had to carry the ManningCast alone this week. He cried. I'm kidding. Mostly.,Manning jokes about his brother during a ManningCast promotional segment ahead of a primetime Monday Night Football matchup,Public Appearance,Humor,Positive,Available,Low,"ESPN, Pro Football Talk",https://www.espn.com/nfl/story/_/id/39900112/peyton-manning-eli-manningcast-promo-humor,
265,Miles Garrett,Playing,2025.0,I want to be somewhere that is building toward something real. I gave Cleveland everything I had.,"Garrett elaborates on his trade request in a sit-down interview, expressing admiration for Browns fans while making clear his desire to compete for a championship",Podcast,Reflection,Mixed,Available,High,"The Athletic, ESPN, NFL Network",https://theathletic.com/nfl/myles-garrett-trade-request-elaborates-podcast,
266,Darius Leonard,Playing,2023.0,I have had multiple back surgeries. I am not making excuses. I just want people to understand what I have been fighting through.,Leonard addresses the media about his prolonged injury struggles with the Colts after being benched and facing public criticism about his play,Press Conference,Reflection,Mixed,Available,Medium,"ESPN, Colts Wire, Indianapolis Star",https://www.espn.com/nfl/story/_/id/38301884/darius-leonard-injury-struggles-press-conference,
267,Jalen Hurts,Playing,2023.0,We didn't finish. That is on all of us but it starts with me. I will be better.,"Hurts takes accountability following the Eagles' Super Bowl LVII loss to the Chiefs, pledging to return stronger the following season",Press Conference,Apology,Mixed,Available,High,"ESPN, Philadelphia Inquirer, NFL Network",https://www.espn.com/nfl/story/_/id/38000882/jalen-hurts-super-bowl-loss-accountability-press-conference,
268,Kareem Hunt,Free Agent,2022.0,I made a terrible decision and I hurt someone. I have spent years trying to be a better man and a better example.,Hunt reflects on his 2018 assault incident and subsequent NFL suspension during a candid podcast interview about his journey back to the league,Podcast,Apology,Mixed,Available,Medium,"ESPN, The Athletic, Pro Football Talk",https://theathletic.com/nfl/kareem-hunt-assault-incident-reflection-podcast,
269,Kyle Juszczyk,Playing,2024.0,People always ask why a fullback is still in the league. Come watch practice and you'll understand.,Juszczyk jokes about the rarity of his position while addressing media at 49ers training camp after signing yet another contract extension,Press Conference,Humor,Positive,Available,Low,"49ers Wire, NFL Network, SF Chronicle",https://www.nfl.com/news/kyle-juszczyk-fullback-longevity-humor-49ers-camp,
270,Stefon Diggs,Playing,2023.0,I love this game. But some things go on behind closed doors that fans never see. It weighs on you.,Diggs alludes to internal tensions with the Bills organization during a vague but pointed podcast appearance that fueled widespread speculation,Podcast,Controversy,Negative,Available,High,"ESPN, The Athletic, Bills Wire",https://theathletic.com/nfl/stefon-diggs-bills-tension-podcast-cryptic,
271,Dee Ford,Retired,2023.0,I wish I could have given more. My body just would not let me. That is something I have had to make peace with.,"Ford speaks publicly for the first time after years of injury-related absence, officially announcing his retirement due to persistent spinal issues",Twitter/X,Reflection,Mixed,Active,Medium,"ESPN, Pro Football Talk, SF Chronicle",https://www.espn.com/nfl/story/_/id/38400882/dee-ford-retirement-injury-reflection-twitter,
272,Josh Norman,Retired,2022.0,I want to see more players stand up for each other. We are stronger together than apart.,Norman speaks at an NFLPA summit advocating for greater player solidarity during contract disputes and workplace safety negotiations,Public Appearance,Support,Positive,Available,Low,"NFLPA, USA Today",https://www.usatoday.com/sports/nfl/josh-norman-nflpa-player-solidarity-summit,
273,Dalvin Cook,Free Agent,2023.0,I am not done. The market is just not reflecting what I know I can still do.,Cook remains unsigned into the regular season and expresses confidence in his abilities despite a lack of interest from NFL teams,Instagram,Controversy,Mixed,Active,Medium,"Pro Football Talk, NFL Network, Yahoo Sports",https://sports.yahoo.com/nfl/dalvin-cook-unsigned-confidence-instagram,
274,Patrick Mahomes,Playing,2024.0,Three rings before 30. I do not take that for granted for one single second.,Mahomes reflects on winning his third Super Bowl title in a postgame press conference following Kansas City's victory in Super Bowl LVIII,Press Conference,Reflection,Positive,Available,High,"ESPN, NFL Network, Associated Press",https://www.espn.com/nfl/story/_/id/39500112/patrick-mahomes-third-super-bowl-reflection-press-conference,
275,Demarcus Lawrence,Playing,2024.0,I tore my foot up and came back in the same season. Nobody wants to talk about that kind of toughness.,Lawrence calls out national media for overlooking his comeback from a serious foot injury during a stretch where the Cowboys defense was being heavily criticized,Twitter/X,Controversy,Mixed,Active,Medium,"Cowboys Wire, Bleacher Report, ESPN",https://bleacherreport.com/articles/demarcus-lawrence-injury-comeback-media-criticism-twitter,
276,Aaron Rodgers,Playing,2021.0,"I’m not some sort of anti-vax, flat-earther. I’m somebody who’s a critical thinker.",Clarifying his vaccination status and medical choices following a positive COVID-19 test.,Podcast,Controversy,Negative,Available,High,"ESPN, CNN, Pat McAfee Show",[https://www.espn.com/nfl/story/_/id/32559535/aaron-rodgers-says-immunized-not-vaccinated](https://www.espn.com/nfl/story/_/id/32559535/aaron-rodgers-says-immunized-not-vaccinated),
277,Tom Brady,Retired,2023.0,I’m retiring. For good. I know the process was a pretty big deal last time.,Announcing his second and final retirement from professional football via a self-shot video.,Twitter/X,Reflection,Positive,Active,High,"NFL Network, CBS Sports",[https://twitter.com/TomBrady/status/1620772095889403905](https://twitter.com/TomBrady/status/1620772095889403905),
278,Patrick Mahomes,Playing,2023.0,I regret the way I acted toward the officials and Josh Allen after the game. I let my emotions get the best of me.,Apologizing for his sideline outburst following an offsides call against the Bills.,Press Conference,Apology,Mixed,Available,High,"NBC Sports, KCTV5",[https://www.nbcsports.com/nfl/profootballtalk/mahomes-apologizes-for-sideline-outburst](https://www.nbcsports.com/nfl/profootballtalk/mahomes-apologizes-for-sideline-outburst),
279,Stefon Diggs,Playing,2024.0,Ready for a new beginning. God is good.,Cryptic post shared shortly before news of his trade from the Bills to the Texans broke.,Twitter/X,Humor,Positive,Deleted,Medium,Bleacher Report,[https://www.bleacherreport.com/articles/stefon-diggs-cryptic-tweets-trade-rumors](https://www.bleacherreport.com/articles/stefon-diggs-cryptic-tweets-trade-rumors),
280,Damar Hamlin,Playing,2023.0,My heart is still in the game. I'm coming back because I want to show people you can overcome anything.,Expressing his intent to return to the NFL after suffering cardiac arrest on the field.,Public Appearance,Reflection,Positive,Available,High,"ABC News, Good Morning America",[https://abcnews.go.com/GMA/Culture/damar-hamlin-interview-return-nfl/story?id=98651234](https://abcnews.go.com/GMA/Culture/damar-hamlin-interview-return-nfl/story?id=98651234),
281,Tyreek Hill,Playing,2024.0,Tua is the most accurate QB in the league. Stop the hate and just watch the tape.,Defending teammate Tua Tagovailoa against media criticism regarding his arm strength.,Twitter/X,Support,Positive,Active,Medium,Miami Herald,[https://www.miamiherald.com/sports/nfl/miami-dolphins/tyreek-hill-tua-defense](https://www.miamiherald.com/sports/nfl/miami-dolphins/tyreek-hill-tua-defense),
282,Saquon Barkley,Playing,2024.0,It was time to go somewhere I felt truly valued for what I bring to the table.,Discussing his transition from the Giants to the Eagles and the lack of a long-term offer.,Podcast,Reflection,Mixed,Available,Medium,"New Heights Podcast, FOX Sports",[https://www.foxsports.com/nfl/saquon-barkley-giants-departure-eagles](https://www.foxsports.com/nfl/saquon-barkley-giants-departure-eagles),
283,Caleb Williams,Playing,2024.0,It’s just paint on my nails and a pink phone. I’m comfortable in my own skin.,Addressing social media comments regarding his personal style during the NCAA tournament.,Public Appearance,Controversy,Mixed,Available,Medium,USA Today,[https://www.usatoday.com/sports/nfl/caleb-williams-responds-to-nail-polish-critics](https://www.usatoday.com/sports/nfl/caleb-williams-responds-to-nail-polish-critics),
284,Kirk Cousins,Playing,2022.0,"Kirko Chainz is officially a thing now, I guess.",Joking about his viral celebration wearing teammates' jewelry on a flight.,Instagram,Humor,Positive,Active,Medium,"Vikings.com, Sports Illustrated",[https://www.si.com/nfl/kirk-cousins-chains-celebration-viral](https://www.si.com/nfl/kirk-cousins-chains-celebration-viral),
285,Lamar Jackson,Playing,2023.0,I’m requesting a trade because the Ravens have not been interested in meeting my value.,Publicly announcing his trade request during a contract stalemate with Baltimore.,Twitter/X,Controversy,Negative,Active,High,"ESPN, Baltimore Sun",[https://www.espn.com/nfl/story/_/id/35961448/lamar-jackson-says-requested-trade-ravens](https://www.espn.com/nfl/story/_/id/35961448/lamar-jackson-says-requested-trade-ravens),
286,Jason Kelce,Retired,2025.0,"The hardest part of retirement isn't the physical pain, it's missing the guys in that locker room.",Reflecting on his first full season away from the field during a media interview.,Podcast,Reflection,Positive,Available,Medium,"New Heights, Philadelphia Inquirer",[https://www.inquirer.com/eagles/jason-kelce-retirement-reflection-2025](https://www.inquirer.com/eagles/jason-kelce-retirement-reflection-2025),
287,Micah Parsons,Playing,2026.0,"Why are we playing on a Tuesday? The league only cares about the money, not our bodies.",Criticizing the NFL's expanded schedule and short rest periods for players.,Podcast,Controversy,Negative,Available,Medium,"The Edge with Micah Parsons, CBS Sports",[https://www.cbssports.com/nfl/micah-parsons-slams-league-scheduling](https://www.cbssports.com/nfl/micah-parsons-slams-league-scheduling),
288,Joe Burrow,Playing,2024.0,"We need Ja'Marr here. He’s the best in the world, and he deserves to be paid like it.",Supporting teammate Ja'Marr Chase during his training camp contract holdout.,Press Conference,Support,Positive,Available,Medium,Cincinnati Enquirer,[https://www.cincinnati.com/story/sports/nfl/bengals/joe-burrow-support-chase-contract](https://www.cincinnati.com/story/sports/nfl/bengals/joe-burrow-support-chase-contract),
289,A.J. Brown,Playing,2024.0,Stop trying to create drama. I love my team and I love my city. Simple.,Responding to rumors that he was unhappy in Philadelphia after deleting team photos from Instagram.,Instagram,Controversy,Mixed,Active,Low,"94WIP, NBC Sports Philly",[https://www.nbcsportsphiladelphia.com/nfl/aj-brown-instagram-drama-clarified](https://www.nbcsportsphiladelphia.com/nfl/aj-brown-instagram-drama-clarified),
290,Josh Allen,Playing,2023.0,It’s on me. I can’t put the ball in jeopardy like that and expect to win games.,Taking accountability for a multi-interception performance in a season-opening loss.,Press Conference,Apology,Mixed,Available,Medium,"Buffalo News, NFL.com",[https://www.nfl.com/news/josh-allen-takes-blame-for-loss-turnovers](https://www.nfl.com/news/josh-allen-takes-blame-for-loss-turnovers),
291,Cam Newton,Retired,2026.0,The league is full of game managers now. Where's the personality? Where's the fun?,Critiquing the current state of NFL quarterbacking and the lack of dual-threat stars.,Podcast,Controversy,Negative,Available,Low,4th & 1 Podcast,[https://www.complex.com/sports/cam-newton-game-manager-comments](https://www.complex.com/sports/cam-newton-game-manager-comments),
292,DeAndre Hopkins,Playing,2022.0,I’ve never taken any substance to give me an edge. I’m a natural athlete.,Responding to his six-game suspension for violating the league’s PED policy.,Twitter/X,Controversy,Negative,Active,Medium,Arizona Republic,[https://www.azcentral.com/story/sports/nfl/cardinals/deandre-hopkins-suspension-response](https://www.azcentral.com/story/sports/nfl/cardinals/deandre-hopkins-suspension-response),
293,Jalen Hurts,Playing,2025.0,This city gave me a chance when others didn't. I'll always give back to Philly.,Speaking at a charity event where he donated $100k to local schools for air conditioning.,Public Appearance,Support,Positive,Available,Medium,"PHL17, Philly Voice",[https://www.phillyvoice.com/jalen-hurts-philadelphia-schools-donation](https://www.phillyvoice.com/jalen-hurts-philadelphia-schools-donation),
294,Richard Sherman,Retired,2025.0,"You can’t touch a receiver anymore. It’s not football, it’s 7-on-7 with pads.",Expressing frustration over modern defensive holding and pass interference rules.,Podcast,Reflection,Mixed,Available,Low,The Richard Sherman Podcast,[https://www.thevolume.com/richard-sherman-defense-rules-critique](https://www.thevolume.com/richard-sherman-defense-rules-critique),
295,J.J. Watt,Retired,2024.0,"I thought about coming back for a second, then I tried to get out of bed this morning.",Joking about his daily aches and shutting down rumors of a mid-season comeback.,Twitter/X,Humor,Positive,Active,Medium,Houston Chronicle,[https://www.chron.com/sports/texans/jj-watt-retirement-joke-comeback](https://www.chron.com/sports/texans/jj-watt-retirement-joke-comeback),
296,Davante Adams,Playing,2024.0,I’m ready to be on a field where I’m wanted and we can actually compete for something.,Addressing trade rumors and his desire to move on from the Las Vegas Raiders.,Instagram,Controversy,Mixed,Active,High,"NFL Network, The Athletic",https://www.nfl.com/news/davante-adams-trade-request-raiders-update,
297,Jason Kelce,Retired,2024.0,"No shirt, no problem. Just enjoying the game like a fan for once.",Going viral for jumping out of a suite shirtless during the Bills-Chiefs playoff game.,Twitter/X,Humor,Positive,Active,High,"People, Sports Illustrated",https://www.si.com/nfl/jason-kelce-shirtless-bills-chiefs-celebration,
298,Sauce Gardner,Playing,2025.0,"Stripes missed a clear hold on that final drive, but I’m the one getting fined for talking about it? Crazy.",Criticizing officiating after a late-game loss and subsequent league fine.,Twitter/X,Controversy,Negative,Deleted,Medium,"New York Post, ESPN",https://nypost.com/sports/sauce-gardner-slams-refs-after-jets-loss,
299,C.J. Stroud,Playing,2024.0,Tank Dell is the heart of this team. We’re playing every snap for him while he recovers.,Expressing solidarity with his teammate following a season-ending injury.,Press Conference,Support,Positive,Available,Medium,Houston Chronicle,https://www.houstonchronicle.com/sports/texans/cj-stroud-tank-dell-support,
300,Dak Prescott,Playing,2026.0,"Ten years in Dallas... I’ve seen it all, but the job isn’t done until we bring a trophy home.",Reflecting on his decade-long career with the Cowboys during a contract extension interview.,Public Appearance,Reflection,Positive,Available,Medium,Dallas Morning News,https://www.dallasnews.com/sports/cowboys/dak-prescott-decade-reflection,
301,Joe Flacco,Playing,2023.0,I was on the couch eating popcorn two weeks ago. Now we’re in the playoffs. Life comes at you fast.,Commenting on his unexpected mid-season signing and successful run with the Browns.,Podcast,Humor,Positive,Available,Medium,"Pardon My Take, CBS Sports",https://www.cbssports.com/nfl/news/joe-flacco-browns-playoff-journey,
302,George Kittle,Playing,2025.0,"I just want to hit people and catch footballs. If that makes me 'old school,' then I’m a dinosaur.",Defending his physical playstyle amidst concerns about longevity and injury risk.,Instagram,Humor,Positive,Active,Low,NBC Sports Bay Area,https://www.nbcsports.com/bayarea/49ers/george-kittle-playstyle-defense,
303,Baker Mayfield,Playing,2024.0,This city and this team embraced me when I was at my lowest. I’m not going anywhere.,Confirming his decision to re-sign with the Tampa Bay Buccaneers after a career resurgence.,Press Conference,Reflection,Positive,Available,Medium,Tampa Bay Times,https://www.tampabay.com/sports/bucs/baker-mayfield-extension-reflection,
304,Justin Fields,Playing,2024.0,"Chicago will always have a place in my heart, but it’s time to get to work in the Steel City.",Farewell message to Bears fans after being traded to the Pittsburgh Steelers.,Twitter/X,Support,Positive,Active,Medium,Bleacher Report,https://bleacherreport.com/articles/justin-fields-bears-farewell-steelers-trade,
305,Derrick Henry,Playing,2025.0,The King still has plenty of miles left in the tank. Don't believe the narrative.,Responding to critics who suggested his production would drop after turning 30.,Instagram,Reflection,Mixed,Active,Medium,Yahoo Sports,https://sports.yahoo.com/derrick-henry-ravens-longevity-comments,
306,Mike Evans,Playing,2024.0,Consistency is the only stat I truly care about. Eleven years of 1K is for the fans.,"Reflecting on extending his NFL record of consecutive 1,000-yard receiving seasons.",Press Conference,Reflection,Positive,Available,Medium,ESPN,https://www.espn.com/nfl/story/mike-evans-record-1000-yard-seasons,
307,Amon-Ra St. Brown,Playing,2025.0,Counting the names of the 16 receivers drafted before me never gets old. It’s fuel.,Discussing his continued motivation years after being a fourth-round pick.,Podcast,Humor,Positive,Available,Low,The Pivot Podcast,https://www.thepivotpodcast.com/amon-ra-st-brown-draft-motivation,
308,Christian McCaffrey,Playing,2024.0,"The body tells you when to slow down, but the mind won’t listen. We’re going for it all.",Reflecting on his workload and injury management during a Super Bowl run.,Public Appearance,Reflection,Positive,Available,Medium,San Francisco Chronicle,https://www.sfchronicle.com/sports/49ers/mccaffrey-workload-reflection,
309,Tua Tagovailoa,Playing,2024.0,I need to be smarter with my health. I owe it to my family and my teammates to be on the field.,Addressing his history with concussions and a new commitment to safer sliding techniques.,Press Conference,Apology,Mixed,Available,High,"CNN, NFL.com",https://www.nfl.com/news/tua-tagovailoa-concussion-safety-commitment,
310,Geno Smith,Playing,2023.0,"They wrote me off, I ain't write back though. That's for anyone who ever doubted themselves.",The viral post-game quote following a breakout victory as the Seahawks starter.,Press Conference,Reflection,Positive,Available,High,"Seattle Times, ESPN",https://www.espn.com/nfl/story/geno-smith-viral-quote-seahawks,
311,Khalil Mack,Playing,2024.0,Individual sacks don’t mean a thing without the ring. That’s the only stat I’m chasing now.,Discussing his career goals as he nears the end of his professional journey.,Instagram,Support,Positive,Active,Low,Chargers.com,https://www.chargers.com/news/khalil-mack-chasing-championship,
312,Cooper Kupp,Playing,2025.0,"Getting back to 100% was a mountain, but the view is worth it. I’m just grateful to play.",Reflecting on his return from a complex hamstring injury and surgery.,Twitter/X,Reflection,Positive,Active,Medium,Los Angeles Times,https://www.latimes.com/sports/rams/cooper-kupp-injury-return-reflection,
313,Bobby Wagner,Playing,2024.0,"Coming back to Seattle felt like coming home. I never should have left, but it made me better.",Reflecting on his return to the Seahawks after a season with the Rams.,Public Appearance,Support,Positive,Available,Medium,The News Tribune,https://www.thenewstribune.com/sports/nfl/seahawks/bobby-wagner-return-home,
314,Myles Garrett,Playing,2025.0,The DPOY race shouldn't be about popularity. Look at the tape. The impact is undeniable.,Expressing frustration over perceived media bias in defensive award voting.,Twitter/X,Controversy,Negative,Active,Medium,Cleveland.com,https://www.cleveland.com/browns/myles-garrett-dpoy-critique,
315,Deebo Samuel,Playing,2024.0,Told them I’m a wide-back. They finally starting to believe me now that everyone’s trying it.,Joking about his unique position and how other teams are trying to replicate his hybrid role.,Instagram,Humor,Positive,Active,Low,SFGate,https://www.sfgate.com/sports/49ers/deebo-samuel-wide-back-humor,
316,Peyton Manning,Retired,2024.0,I’m just glad I don’t have to actually run the 'Omaha' plays anymore. Watching from the booth is much better for my neck.,Joking about his famous audibles during a broadcast of a Monday Night Football ManningCast.,Podcast,Humor,Positive,Available,Medium,"Omaha Productions, ESPN",https://www.espn.com/nfl/story/_/id/39214567/peyton-manning-jokes-omaha-audibles-manningcast,
317,Ja'Marr Chase,Playing,2024.0,"I’m a man of my word. I’m going to wait until the time is right, but I know what I’m worth.",Discussing his ongoing contract negotiations and decision to sit out portions of training camp.,Press Conference,Controversy,Mixed,Available,High,"NFL Network, Cincinnati Enquirer",https://www.nfl.com/news/jamarr-chase-contract-holdout-bengals-update,
318,Harrison Butker,Playing,2024.0,I think it’s the move to embrace the traditional values that have served our country so well.,Addressing the backlash regarding his commencement speech at Benedictine College.,Public Appearance,Controversy,Negative,Available,High,"Variety, Fox News, AP",https://apnews.com/article/harrison-butker-commencement-speech-chiefs-6b2d1,
319,Jordan Love,Playing,2023.0,Learning from a legend like Aaron was the best thing that could have happened to my career.,Reflecting on his transition from backup to starter following Aaron Rodgers' departure to the Jets.,Press Conference,Reflection,Positive,Available,Medium,Green Bay Press-Gazette,https://www.packersnews.com/story/sports/nfl/packers/jordan-love-rodgers-mentorship,
320,Rob Gronkowski,Retired,2025.0,The only comeback I'm making is to the kitchen for more wings. My playing days are 100% over.,Responding to rumors that he might join a playoff contender for a late-season run.,Twitter/X,Humor,Positive,Active,Medium,Bleacher Report,https://bleacherreport.com/articles/gronkowski-shuts-down-comeback-rumors,
321,Josh Hines-Allen,Playing,2024.0,I wanted to honor my family and the legacy of my last name. It’s about who I am.,Announcing his legal name change from Josh Allen to Josh Hines-Allen to avoid confusion and honor his roots.,Instagram,Reflection,Positive,Active,Medium,"Jaguars.com, ESPN",https://www.jaguars.com/news/josh-hines-allen-name-change-announcement,
322,Rashee Rice,Playing,2024.0,I take full responsibility for my part in this matter and will continue to cooperate with authorities.,Releasing a statement following a high-speed multi-vehicle crash in Dallas involving his leased vehicle.,Instagram,Apology,Negative,Active,High,"TMZ Sports, Dallas Morning News",https://www.tmz.com/2024/04/03/rashee-rice-takes-responsibility-dallas-car-crash/,
323,Penei Sewell,Playing,2023.0,We’re building a culture here where losing isn't acceptable anymore. The North is ours.,Discussing the Detroit Lions' shift in mindset and their first division title in decades.,Press Conference,Support,Positive,Available,Medium,Detroit Free Press,https://www.freep.com/story/sports/nfl/lions/penei-sewell-culture-shift,
324,Von Miller,Playing,2025.0,I’ve got at least two more years of high-level sacks in these legs. Don't count me out.,Defending his performance levels as he returned from an ACL injury late in his career.,Twitter/X,Reflection,Mixed,Active,Low,Buffalo News,https://buffalonews.com/sports/bills/von-miller-longevity-comments,
325,Eli Manning,Retired,2024.0,"If I could throw the ball to myself like Daniel Jones did, I might still be playing.",Playfully critiquing a play where Daniel Jones caught his own deflected pass.,Twitter/X,Humor,Positive,Active,Low,NY Post,https://nypost.com/sports/eli-manning-jokes-about-daniel-jones-catch,
326,Justin Reid,Playing,2024.0,"If they need me to kick, I’m ready. I’ve been practicing my whole life for this.",Volunteering to handle kickoff duties under the NFL's new dynamic kickoff rules.,Press Conference,Support,Positive,Available,Medium,Arrowhead Pride,https://www.arrowheadpride.com/justin-reid-kickoff-readiness,
327,Joe Mixon,Playing,2024.0,"I'm grateful for the time in Cincy, but Houston is where I'm going to finish the story.",First social media post after being traded from the Bengals to the Texans.,Twitter/X,Reflection,Positive,Active,Medium,Houston Chronicle,https://www.houstonchronicle.com/sports/texans/joe-mixon-trade-reaction,
328,Caleb Williams,Playing,2024.0,Being the number one pick is a responsibility I don't take lightly. I'm here to work.,Reflecting on his selection as the first overall pick by the Chicago Bears.,Press Conference,Reflection,Positive,Available,High,"Chicago Tribune, NFL.com",https://www.nfl.com/news/caleb-williams-bears-number-one-pick-reaction,
329,Odell Beckham Jr.,Playing,2024.0,The media creates the 'diva' narrative because they can't handle the passion. I just want to win.,Defending his reputation during a post-game interview with the Dolphins.,Public Appearance,Controversy,Mixed,Available,Medium,Miami Herald,https://www.miamiherald.com/sports/obj-diva-narrative-response,
330,Cam Heyward,Playing,2024.0,I want to retire a Steeler. I’ve given everything to this city and I hope they know that.,Discussing his contract status and future with the Pittsburgh Steelers organization.,Podcast,Support,Positive,Available,Medium,Not Just Football Podcast,https://www.steelers.com/news/cam-heyward-retirement-plans,
331,Gardner Minshew,Playing,2024.0,It doesn't matter who starts. I'm here to compete and make this quarterback room better.,Commenting on the Raiders' quarterback competition during training camp.,Press Conference,Support,Positive,Available,Low,Las Vegas Review-Journal,https://www.reviewjournal.com/sports/raiders/gardner-minshew-qb-battle,
332,Antonio Brown,Retired,2022.0,I’m done with the NFL. They need me more than I need them. CTESPN.,Announcing his 'retirement' again while criticizing league leadership and player safety.,Twitter/X,Controversy,Negative,Active,Medium,CBS Sports,https://www.cbssports.com/nfl/antonio-brown-tweets-retirement-criticism,
333,Devon Witherspoon,Playing,2024.0,We’re the youngest and hungriest secondary in the league. Just wait for the highlights.,Promising a dominant season for the Seahawks defensive backfield.,Instagram,Support,Positive,Active,Low,Seattle Times,https://www.seattletimes.com/sports/seahawks/devon-witherspoon-season-preview,
334,Baker Mayfield,Playing,2024.0,"I’m a bit of a nomad, but I think I’ve finally found a home where the vibes are right.",Joking about his journey through multiple NFL teams before settling in Tampa Bay.,Podcast,Humor,Positive,Available,Low,Pardon My Take,https://www.barstoolsports.com/podcast/baker-mayfield-tampa-home,
335,Marshawn Lynch,Retired,2024.0,"I'm just here so I don't get fined... still. Just kidding, I'm here for the Skittles.",Appearing at a marketing event for the Super Bowl and referencing his famous 2015 quote.,Public Appearance,Humor,Positive,Available,Medium,USA Today,https://ftw.usatoday.com/2024/02/marshawn-lynch-skittles-commercial-super-bowl,
336,Aaron Rodgers,Playing,2026.0,"The decision is imminent, but I’ve got to be clear—my relationship with Mike (McCarthy) is better than it’s ever been.",Addressing rumors regarding his potential retirement and his reunion with Mike McCarthy in Pittsburgh.,Podcast,Reflection,Mixed,Available,High,"Heavy Sports, Sports Boom",https://heavy.com/sports/nfl/pittsburgh-steelers/aaron-rodgers-return-steelers-imminent/,
337,Tom Brady,Retired,2026.0,I’m treating the booth like the film room now. I’m done trying to 'sound' like a broadcaster.,Discussing his tactical shift in broadcasting style during his second full year with FOX Sports.,Public Appearance,Reflection,Positive,Available,Medium,"FOX Sports, The Athletic",https://awfulannouncing.com/fox/tom-brady-year-2-broadcasting-improvement.html,
338,Jayden Reed,Playing,2026.0,Green Bay is where I grew up as a pro. Getting this extension means the work is just beginning.,Reacting to his $50.3 million contract extension with the Packers.,Instagram,Support,Positive,Active,Medium,"FOX Sports, Ian Rapoport",https://www.foxsports.com/stories/nfl/2026-nfl-free-agency-trades-tracker-signings-updates,
339,George Pickens,Playing,2026.0,The tag is what it is. I’m here to show Dallas why they shouldn't let me hit the market again.,Commenting on playing for the Cowboys under the franchise tag after a surprise off-season move.,Press Conference,Controversy,Mixed,Available,Medium,"Dallas Morning News, FOX Sports",https://www.foxsports.com/nfl/george-pickens-franchise-tag-cowboys,
340,DJ Campbell,Playing,2026.0,My immediate reaction was it's just time to run it back again. Reunion with Quinn and the guys is a blessing.,Expressing excitement after being drafted by the Dolphins and reuniting with former Texas teammates.,Press Conference,Support,Positive,Available,Medium,MiamiDolphins.com,https://www.miamidolphins.com/news/transcript-g-dj-campbell-nfl-draft-day-3-apr-28,
341,Jaxon Smith-Njigba,Playing,2026.0,Seattle believed in me from day one. This contract is for the city that took a chance on me.,"Confirming his massive four-year, $168.6 million extension with the Seahawks.",Twitter/X,Support,Positive,Active,Medium,"ESPN, Seattle Times",https://www.seattletimes.com/sports/seahawks/jaxon-smith-njigba-record-extension,
342,Breece Hall,Playing,2026.0,"Tag or no tag, I’m the best back in the league. The numbers don’t lie, even if the contracts do.",Reacting to the New York Jets placing the franchise tag on him for the 2026 season.,Twitter/X,Controversy,Mixed,Active,High,"NFL.com, Ian Rapoport",https://www.nfl.com/news/breece-hall-franchise-tag-jets-reaction,
343,Ty Simpson,Playing,2026.0,"I know there’s pressure being the guy to follow Stafford, but I’ve been preparing for this my whole life.",First public statement after being drafted 13th overall by the Los Angeles Rams.,Public Appearance,Reflection,Positive,Available,Medium,"Sports Illustrated, Rams.com",https://www.si.com/nfl/rams/ty-simpson-draft-reaction,
344,Jerry Jones,Management,2026.0,"There’s no tension. I have the utmost respect for the Rooney family, regardless of how Draft night looked.",Clearing the air regarding a perceived conflict with the Steelers front office during the 2026 Draft.,Press Conference,Support,Positive,Available,Medium,"Steeler Nation, Dallas Morning News",https://www.steelernation.com/2026/04/27/cowboys-jerry-jones-controversial,
345,Jaylen Waddle,Playing,2026.0,Denver’s altitude is just going to make the 'Waddle' celly look even faster.,Expressing optimism following his high-profile trade from Miami to the Denver Broncos.,Instagram,Humor,Positive,Active,Medium,"Mile High Report, NFL Network",https://www.nfl.com/news/jaylen-waddle-broncos-trade-reaction,
346,Joe Flacco,Playing,2026.0,"If the arm still works and the team still wants me, why would I be anywhere else but on a field?",Commenting on signing a veteran deal with the Cincinnati Bengals at age 41.,Public Appearance,Reflection,Positive,Available,Low,"Cincinnati Enquirer, FOX Sports",https://www.foxsports.com/nfl/joe-flacco-bengals-signing-2026,
347,Travon Walker,Playing,2026.0,"Duval is home. We’re building a championship defense here, and I’m glad to be a pillar of it.","Announcing his four-year, $110 million contract extension with the Jacksonville Jaguars.",Instagram,Support,Positive,Active,Medium,"Jaguars.com, ESPN",https://www.jaguars.com/news/travon-walker-extension-announcement,
348,Minkah Fitzpatrick,Playing,2026.0,I’m ready for a fresh start in New York. The Jets are building something special in the secondary.,Reacting to his trade from the Dolphins and subsequent extension with the New York Jets.,Twitter/X,Support,Positive,Active,High,"NFL.com, Ian Rapoport",https://www.nfl.com/news/minkah-fitzpatrick-jets-trade-extension,
349,Travis Kelce,Playing,2026.0,"Every time I go to a concert, people think I’m retiring. I’m just enjoying life and football, alright?",Shutting down retirement rumors on a live episode of the New Heights podcast.,Podcast,Humor,Positive,Available,Medium,"New Heights, People",https://www.newheightspod.com/kelce-retirement-rumors-response,
350,Nick Chubb,Playing,2025.0,"I never doubted the return. The work was hard, but Cleveland never stopped believing in me.",Reflecting on his successful return to form following a devastating knee injury.,Press Conference,Reflection,Positive,Available,High,"Cleveland.com, ESPN",https://www.cleveland.com/browns/nick-chubb-comeback-reflection,
351,Caleb Williams,Playing,2026.0,"Year three is when the vision really comes together. Chicago deserves a winner, and we’re close.",Setting goals for the 2026 season after establishing himself as the Bears' franchise cornerstone.,Instagram,Support,Positive,Active,Medium,Chicago Tribune,https://www.chicagotribune.com/sports/bears/caleb-williams-year-3-outlook,
352,Justin Herbert,Playing,2025.0,Jim brings a level of intensity that changes the whole building. It’s exactly what we needed.,Praising head coach Jim Harbaugh's impact on the Chargers organization during their first season together.,Public Appearance,Support,Positive,Available,Medium,"Chargers.com, Athletic",https://www.chargers.com/news/herbert-harbaugh-impact-reflection,
353,Brock Purdy,Playing,2024.0,"If the 'system' wins games, then I’m happy to be a part of it. The ring is the only validation I need.",Responding to critics who labeled him a 'system quarterback' during the 49ers' Super Bowl run.,Press Conference,Reflection,Mixed,Available,High,"NBC Sports, SF Gate",https://www.nbcsports.com/bayarea/49ers/brock-purdy-system-qb-response,
354,Jason Kelce,Retired,2026.0,"I’m basically a professional cheerleader now, and the pay is surprisingly similar.",Joking about his post-retirement life during a live 'New Heights' tour event.,Public Appearance,Humor,Positive,Available,Low,New Heights Live,https://www.newheightspod.com/jason-kelce-live-tour-jokes,
355,Saquon Barkley,Playing,2024.0,"I know the fans are hurt, but this was a business decision for my family and my future.",Explaining his decision to leave the New York Giants for the rival Philadelphia Eagles.,Twitter/X,Apology,Negative,Active,High,"Bleacher Report, NY Post",https://www.bleacherreport.com/articles/saquon-barkley-giants-eagles-explanation,
356,Fernando Mendoza,Playing,2026.0,"Raider Nation, I’m home. I’m ready to learn from Kirk and lead this franchise back to where it belongs.",First public reaction after being selected No. 1 overall by the Las Vegas Raiders in the 2026 NFL Draft.,Press Conference,Support,Positive,Available,High,"NFL.com, Las Vegas Review-Journal",https://www.nfl.com/news/fernando-mendoza-raiders-number-one-pick-reaction,
357,David Bailey,Playing,2026.0,"The Jets got a dog. I’m coming for every quarterback in this division. East Coast, let’s go.",Addressing fans on social media after being drafted No. 2 overall by the New York Jets.,Instagram,Support,Positive,Active,High,"New York Post, ESPN",https://nypost.com/sports/jets-david-bailey-draft-reaction,
358,Jeremiyah Love,Playing,2026.0,Arizona is getting a playmaker. I’m ready to prove I was the best skill player in this class.,Commenting on his selection at No. 3 overall by the Arizona Cardinals.,Twitter/X,Reflection,Positive,Active,Medium,"Arizona Republic, The Athletic",https://www.azcentral.com/sports/cardinals/jeremiyah-love-draft-day,
359,John Harbaugh,Management,2026.0,The Giants are a foundation of this league. I’m honored to lead this transition and bring a winning culture back to MetLife.,Introductory press conference after being named the new head coach of the New York Giants.,Press Conference,Support,Positive,Available,High,"Giants.com, FOX Sports",https://www.giants.com/news/john-harbaugh-introductory-press-conference,
360,Kirk Cousins,Playing,2026.0,I’ve been where Fernando is. My job is to win games and help him become the future of this league.,Discussing the dynamic of the Raiders' QB room following the 2026 Draft.,Public Appearance,Support,Positive,Available,Medium,"NFL Network, PFT",https://profootballtalk.nbcsports.com/kirk-cousins-mendoza-mentorship,
361,Tyreek Hill,Free Agent,2026.0,"Business is business. Miami will always be special, but the Cheetah still has plenty of speed for whoever wants to win.",Breaking his silence after being released by the Miami Dolphins in a salary-cap move.,Twitter/X,Reflection,Mixed,Active,High,"Miami Herald, Bleacher Report",https://www.miamiherald.com/sports/tyreek-hill-release-reaction,
362,Will Anderson Jr.,Playing,2026.0,"I wanted to stay a Texan for life. This city embraced me, and I’m ready to pay them back with a ring.","Reacting to his record-breaking three-year, $150 million extension with Houston.",Instagram,Support,Positive,Active,High,"Houston Chronicle, ESPN",https://www.houstonchronicle.com/sports/texans/will-anderson-jr-extension,
363,Kyler Murray,Playing,2026.0,"Skol. New colors, same mission. Can’t wait to get to work in the Twin Cities.",First social media post in a Vikings jersey after a blockbuster off-season trade.,Twitter/X,Support,Positive,Active,Medium,"Star Tribune, NFL Network",https://www.startribune.com/sports/vikings/kyler-murray-arrival,
364,Malik Willis,Playing,2026.0,"They gave me a chance to compete, and that’s all I ever asked for. Fins up.",Discussing his transition to becoming the projected starter for the Miami Dolphins.,Press Conference,Reflection,Positive,Available,Medium,"Sun Sentinel, CBS Sports",https://www.sun-sentinel.com/sports/dolphins/malik-willis-opportunity,
365,Carnell Tate,Playing,2026.0,Tennessee felt like the right fit from the first visit. I’m ready to be the spark this offense needs.,Sharing his excitement after being selected No. 4 overall by the Titans.,Instagram,Support,Positive,Active,Medium,The Tennessean,https://www.tennessean.com/sports/titans/carnell-tate-draft-reaction,
366,Mike McCarthy,Management,2026.0,Aaron and I have a shared history that few can match. We both know what it takes to get to the mountaintop.,Commenting on his reunion with Aaron Rodgers in Pittsburgh.,Press Conference,Support,Positive,Available,Medium,Pittsburgh Post-Gazette,https://www.post-gazette.com/sports/steelers/mccarthy-rodgers-reunion,
367,Caleb Downs,Playing,2026.0,Being a Cowboy is a dream. I’m ready to learn from the veterans and fly around the field.,Reflecting on his draft night after being selected by Dallas with a pick acquired from Miami.,Public Appearance,Reflection,Positive,Available,Medium,Dallas Morning News,https://www.dallasnews.com/sports/cowboys/caleb-downs-draft-profile,
368,Francis Mauigoa,Playing,2026.0,The Giants are getting a wall. Nobody is getting past me on my watch.,Promising to protect the blindside after being drafted in the top 10 by New York.,Twitter/X,Support,Positive,Active,Low,SNY,https://www.sny.tv/giants/francis-mauigoa-draft-interview,
369,Isaiah Likely,Playing,2026.0,Coach Harbaugh knows my game. I’m excited to show New York what we can do together.,Addressing his move to the Giants in free agency following John Harbaugh's hire.,Instagram,Support,Positive,Active,Medium,Giants Wire,https://giantswire.usatoday.com/isaiah-likely-giants-signing,
370,Caden Barnett,Playing,2026.0,Chicago is a blue-collar town and I’m a blue-collar player. It’s a perfect match.,Commenting on signing with the Bears as an undrafted free agent from Wyoming.,Twitter/X,Support,Positive,Active,Low,"Wyoming Athletics, Chicago Tribune",https://gowyo.com/news/2026/4/26/caden-barnett-bears-signing,
371,Brian Schottenheimer,Management,2026.0,"We love George's passion, but we need to find common ground. The team comes first.",Addressing the media regarding George Pickens' absence from voluntary workouts while on the franchise tag.,Press Conference,Controversy,Mixed,Available,Medium,DallasCowboys.com,https://www.dallascowboys.com/news/schottenheimer-pickens-update,
372,Jerod Mayo,Management,2026.0,"We drafted for tough, smart, and dependable. This class defines the new era of Patriots football.",Reviewing the Patriots' 2026 draft class which focused heavily on offensive line depth.,Public Appearance,Support,Positive,Available,Medium,"Patriots.com, Boston Herald",https://www.patriots.com/news/jerod-mayo-draft-recap,
373,Marquez Valdes-Scantling,Playing,2026.0,Ready to bring some veteran speed to Big D. Let’s go to work.,Reacting to signing a one-year deal with the Dallas Cowboys late in the off-season.,Twitter/X,Support,Positive,Active,Low,FOX Sports,https://www.foxsports.com/nfl/mvs-cowboys-signing,
374,Rueben Bain Jr.,Playing,2026.0,"Chiefs Kingdom, I’m ready to contribute to this dynasty. Putting on this jersey is surreal.",First media appearance after being drafted by the Kansas City Chiefs in the first round.,Press Conference,Reflection,Positive,Available,Medium,KMBC News,https://www.kmbc.com/article/chiefs-draft-rueben-bain-jr,
375,Arch Manning,Management,2026.0,Watching the draft this year just makes me more hungry for when my name is on that board.,Responding to media hype positioning him as the likely No. 1 pick for the 2027 NFL Draft.,Podcast,Reflection,Positive,Available,High,"The Pat McAfee Show, ESPN",https://www.espn.com/college-football/story/arch-manning-nfl-draft-anticipation,
376,Brock Bowers,Playing,2026.0,Having a guy like Fernando coming in at number one changes the energy in the building. We’re ready to let it fly.,Reacting to the Las Vegas Raiders selecting quarterback Fernando Mendoza with the first overall pick.,Press Conference,Support,Positive,Available,Medium,"Las Vegas Review-Journal, Raiders.com",https://www.raiders.com/news/bowers-mendoza-draft-reaction,
377,Sauce Gardner,Playing,2026.0,David Bailey is a problem. Adding that kind of speed to the edge is going to make my job a whole lot easier.,Welcoming defensive end David Bailey to the New York Jets after his selection at No. 2 overall.,Twitter/X,Support,Positive,Active,Medium,"NY Post, ESPN",https://nypost.com/sports/jets-sauce-gardner-bailey-welcome,
378,Marvin Harrison Jr.,Playing,2026.0,Jeremiyah is the missing piece. You can't stack the box against him without leaving us one-on-one on the outside.,Discussing the dynamic of the Cardinals' offense following the draft of running back Jeremiyah Love.,Public Appearance,Support,Positive,Available,Medium,Arizona Republic,https://www.azcentral.com/sports/cardinals/harrison-jr-love-duo,
379,Will Levis,Playing,2026.0,"I’ve watched Carnell since Ohio State. He’s a technician, and I’m pumped to get to work with him in camp.",Expressing excitement over the Titans selecting wide receiver Carnell Tate at No. 4 overall.,Instagram,Support,Positive,Active,Medium,The Tennessean,https://www.tennessean.com/sports/titans/levis-tate-reaction,
380,Lamar Jackson,Playing,2026.0,"It’s weird not seeing Coach John on the sideline, but that’s the league. I wish him the best in New York.",Reflecting on head coach John Harbaugh’s departure from Baltimore to join the Giants.,Press Conference,Reflection,Mixed,Available,High,"Baltimore Sun, NFL.com",https://www.baltimoresun.com/sports/ravens/lamar-jackson-harbaugh-giants-comment,
381,Jaxson Dart,Playing,2026.0,Coach Harbaugh has a plan for us. I’m just soaking up everything he says about game management.,Commenting on his first offseason working with new Giants head coach John Harbaugh.,Press Conference,Support,Positive,Available,Medium,Giants.com,https://www.giants.com/news/jaxson-dart-john-harbaugh-mentorship,
382,Tyreek Hill,Free Agent,2026.0,The knee feels great. I’m ahead of schedule and the Cheetah will be back on a field sooner than you think.,Providing an update on his ACL recovery and impending free agency after being released by Miami.,Twitter/X,Reflection,Positive,Active,High,"The Guardian, ESPN",https://www.theguardian.com/sport/2026/feb/16/tyreek-hill-recovery-update,
383,Andrew Thomas,Playing,2026.0,Protecting Jaxson is my priority. Drafting Francis Mauigoa just makes that wall even stronger.,Reacting to the Giants' first-round selection of offensive lineman Francis Mauigoa.,Public Appearance,Support,Positive,Available,Low,SNY,https://www.sny.tv/giants/andrew-thomas-draft-reaction,
384,Jim Harbaugh,Management,2026.0,"I’m happy for John. The Giants are getting a champion, but I told him I’m still the better coach in the family.",Joking about his brother John Harbaugh's new role with the New York Giants.,Press Conference,Humor,Positive,Available,Medium,"Chargers.com, NFL Network",https://www.chargers.com/news/jim-harbaugh-brother-giants-comment,
385,Aaron Rodgers,Playing,2026.0,The tender gives us some flexibility. I love what we’re building here in Pittsburgh and I’m not done yet.,Addressing the Steelers' decision to place an unrestricted free agent tender on him for the 2026 season.,Podcast,Reflection,Positive,Available,High,"NFL.com, Pat McAfee Show",https://www.nfl.com/news/aaron-rodgers-steelers-tender-reaction,
386,Mike Tomlin,Management,2026.0,We want Aaron back. He’s a veteran leader who understands the standard we set here.,Confirming the team's desire to retain Aaron Rodgers following their 2025 playoff run.,Press Conference,Support,Positive,Available,Medium,Pittsburgh Post-Gazette,https://www.post-gazette.com/sports/steelers/tomlin-rodgers-future,
387,Carnell Tate,Playing,2026.0,"I’m ready to be the playmaker this city deserves. Nashville, let’s go to work.",First public statement after being drafted by the Tennessee Titans at No. 4 overall.,Twitter/X,Support,Positive,Active,Medium,Paul Kuharsky,https://www.paulkuharsky.com/news/carnell-tate-titans-draft-reaction,
388,Jeremiyah Love,Playing,2026.0,Going top three is a blessing. I'm ready to show the Cardinals they made the right call passing on an edge rusher.,Draft night interview after being selected by the Arizona Cardinals.,Public Appearance,Reflection,Positive,Available,Medium,"The Athletic, NFL.com",https://www.nfl.com/news/jeremiyah-love-cardinals-draft-reaction,
389,David Bailey,Playing,2026.0,The New York Sack Exchange is back open for business. See you on Sundays.,Addressing Jets fans after his selection as the No. 2 overall pick.,Instagram,Support,Positive,Active,Medium,NY Post,https://nypost.com/sports/jets-david-bailey-sack-exchange,
390,Sonny Styles,Playing,2026.0,"I don't care where I was drafted, I just care about what I do next. The film will speak for itself.",Reacting to his draft selection and sliding out of the top five.,Public Appearance,Reflection,Mixed,Available,Low,ESPN,https://www.espn.com/nfl/story/sonny-styles-draft-reaction,
391,Bradley Chubb,Free Agent,2026.0,"I’m grateful for my time in Miami. To the fans, thanks for everything. Next chapter starts now.",Bidding farewell to the Dolphins after being released in a salary cap move.,Instagram,Reflection,Positive,Active,Medium,"Miami Herald, WKZO",https://wkzo.com/2026/02/16/bradley-chubb-dolphins-farewell,
392,Cam Skattebo,Playing,2026.0,Recovery is going well. I’ll be 100% by training camp and ready to lead this backfield.,Providing an injury update to Giants fans regarding his return for the 2026 season.,Twitter/X,Reflection,Positive,Active,Low,Giants Wire,https://giantswire.usatoday.com/cam-skattebo-injury-update,
393,Roger Goodell,Management,2026.0,The energy in Nashville this week was incredible. The NFL Draft continues to be a world-class celebration of football.,Closing statement following the conclusion of the 2026 NFL Draft.,Press Conference,Support,Positive,Available,High,NFL.com,https://www.nfl.com/news/roger-goodell-draft-closing-remarks,
394,Malik Willis,Playing,2026.0,I'm not looking over my shoulder. Coach Hafley has given me the keys and I’m ready to drive.,Commenting on his status as the Dolphins' projected starter under new HC Jeff Hafley.,Press Conference,Support,Positive,Available,Medium,Sun Sentinel,https://www.sun-sentinel.com/sports/dolphins/willis-starter-comments,
395,Peyton Manning,Retired,2026.0,"I’ve seen a lot of young QBs, but Mendoza’s poise reminds me a bit of—dare I say—myself. Good luck, kid.",Analyzing No. 1 pick Fernando Mendoza during an Omaha Productions draft recap segment.,Public Appearance,Humor,Positive,Available,High,"Omaha Productions, ESPN",https://www.espn.com/nfl/story/peyton-manning-mendoza-analysis,
396,Ryan Cowden,Management,2026.0,Dametrious is a massive individual with natural pass pro ability. We think he can contribute on both sides of the tackle position.,Discussing the versatility of draft pick Dametrious Crownover during a post-draft press conference.,Press Conference,Support,Positive,Available,Medium,Patriots.com,https://www.patriots.com/news/transcript-ryan-cowden-press-conference-4-25,
397,Eric DeCosta,Management,2026.0,Adam Randall is kind of a 'jackknife' for us. He’s a phenomenal kid with one of the best makeups in this draft.,Evaluating the selection of Adam Randall and his potential impact on special teams.,Press Conference,Support,Positive,Available,Medium,BaltimoreRavens.com,https://www.baltimoreravens.com/news/transcript-press-conference-4-25-26-x0959,
398,George Paton,Management,2026.0,You factor in that our first-round pick is a really good player in Jaylen Waddle. We feel good about the class as a whole.,General Manager George Paton reflecting on the 2026 draft class following the trade for Jaylen Waddle.,Press Conference,Support,Positive,Available,High,DenverBroncos.com,https://www.denverbroncos.com/news/broncos-feel-really-good-following-2026-nfl-draft-helped-our-team-at-key-roster-spots,
399,Seydou Traore,Playing,2026.0,Dreams do come true. My message to athletes anywhere is to put in the work and really pursue it.,"First media appearance after being drafted by the Miami Dolphins, discussing his journey from the NFL Academy.",Press Conference,Reflection,Positive,Available,Medium,MiamiDolphins.com,https://www.miamidolphins.com/news/transcript-te-seydou-traore-nfl-draft-day-3-apr-27,
400,Michael Taaffe,Playing,2026.0,"I’m going to put my head down, not say a word, and be humble. You have to earn your stripes as a rookie.",Discussing his transition from a Texas walk-on to an NFL draft pick for the Miami Dolphins.,Press Conference,Reflection,Positive,Available,Medium,MiamiDolphins.com,https://www.miamidolphins.com/news/transcript-s-michael-taaffe-nfl-draft-day-3-apr-27,
401,Teair Tart,Playing,2026.0,"I got a new contract, but it don't change the goals or the ambition I got for myself and this team.",Addressing his mindset following a multi-year contract extension with the Los Angeles Chargers.,Press Conference,Support,Positive,Available,Medium,Chargers.com,https://www.chargers.com/news/teair-tart-stats-contract-free-agent-quote,
402,Zac Taylor,Management,2026.0,We’re not looking to draft practice squad players. We’re looking for guys who can come in and compete.,Closing remarks on the Cincinnati Bengals' 2026 draft strategy.,Press Conference,Support,Positive,Available,High,Bengals.com,https://www.bengals.com/news/zac-taylor-post-2026-nfl-draft-quotes,
403,Jahmyr Gibbs,Playing,2026.0,Detroit is home. I’m glad to keep this going and keep building something special with this group.,Response after the Detroit Lions officially picked up his fifth-year option.,Twitter/X,Support,Positive,Active,Medium,NFL Draft Diamonds,https://nfldraftdiamonds.com/2026/04/nfl-transactions-1122/,
404,Quentin Johnston,Playing,2026.0,Grateful for the belief the Chargers have in me. Time to turn that trust into results on the field.,Commenting on the team's decision to exercise his fifth-year option for the 2027 season.,Instagram,Support,Positive,Active,Medium,NFL Draft Diamonds,https://nfldraftdiamonds.com/2026/04/nfl-transactions-1122/,
405,Keionte Scott,Playing,2026.0,I can’t wait to start working. Tampa is getting a guy who plays with an edge every single snap.,First press conference after being drafted by the Tampa Bay Buccaneers in the fourth round.,Press Conference,Support,Positive,Available,Low,Buccaneers.com,https://www.buccaneers.com/video/draft-selection-breakdown-road-to-the-draft,
406,DeMonte Capehart,Playing,2026.0,Ready to give my all to the Bucs. I’m coming in to work and earn the respect of my teammates.,Addressing the media following his fifth-round selection by Tampa Bay.,Press Conference,Support,Positive,Available,Low,Buccaneers.com,https://www.buccaneers.com/video/draft-selection-breakdown-road-to-the-draft,
407,Billy Schrauth,Playing,2026.0,"I’ll do whatever it takes to win. If they need me to block, I’m blocking. If they need more, I’m there.",Draft day press conference after being selected by the Buccaneers.,Press Conference,Support,Positive,Available,Low,Buccaneers.com,https://www.buccaneers.com/video/draft-selection-breakdown-road-to-the-draft,
408,Bauer Sharp,Playing,2026.0,My only goal right now is to earn respect in that locker room. I’m starting from zero.,Post-draft interview regarding his transition to the NFL as a tight end.,Press Conference,Reflection,Positive,Available,Low,Buccaneers.com,https://www.buccaneers.com/video/draft-selection-breakdown-road-to-the-draft,
409,Ted Hurst,Playing,2026.0,Teaming up with Baker Mayfield is going to be electric. I’ve watched him my whole life.,Expressing excitement about joining the Buccaneers' offense as a rookie receiver.,Press Conference,Support,Positive,Available,Medium,Buccaneers.com,https://www.buccaneers.com/video/draft-selection-breakdown-road-to-the-draft,
410,Jesse Minter,Management,2026.0,I knew Matt Hibner from Michigan. His evolution and combine testing numbers are just off the charts.,Ravens head coach discussing the addition of tight end Matt Hibner to the roster.,Press Conference,Support,Positive,Available,Medium,BaltimoreRavens.com,https://www.baltimoreravens.com/news/transcript-press-conference-4-25-26-x0959,
411,Martin Emerson Jr.,Playing,2026.0,"New Orleans, I'm ready. Grateful for the chance to compete in the Big Easy.",Reaction after signing a free-agent deal with the New Orleans Saints in late April.,Twitter/X,Support,Positive,Active,Medium,NFL Draft Diamonds,https://nfldraftdiamonds.com/2026/04/nfl-transactions-1122/,
412,Diego Pavia,Playing,2026.0,All I needed was an open door. I’m going to make the most of this chance in Baltimore.,Social media post after signing as an undrafted free agent (UDFA) with the Ravens.,Instagram,Support,Positive,Active,Medium,NFL Draft Diamonds,https://nfldraftdiamonds.com/2026/04/nfl-transactions-1122/,
413,Reed Burckhardt,Management,2026.0,All these guys fit our culture. They’re going to raise the level when they come in and add to our current group.,Assistant GM discussing the chemistry of the Broncos' newest draft class.,Press Conference,Support,Positive,Available,Medium,DenverBroncos.com,https://www.denverbroncos.com/news/broncos-feel-really-good-following-2026-nfl-draft-helped-our-team-at-key-roster-spots,
414,Russell Wilson,Free Agent,2026.0,Great day in New Jersey. Just keeping the process moving and staying ready for whatever is next.,Vague social media post following a reported workout with the New York Jets.,Twitter/X,Reflection,Mixed,Active,High,"NFL Draft Diamonds, NY Post",https://nfldraftdiamonds.com/2026/04/nfl-transactions-1122/,
415,Brenton Strange,Playing,2026.0,"Competition makes everyone better. If we’re running three-TE sets, it’s going to be a nightmare for defenses.",Reacting to the Jaguars drafting multiple tight ends in the 2026 draft class.,Public Appearance,Support,Positive,Available,Low,Jaguars.com,https://www.jaguars.com/news/o-zone-rational-reaction,
416,Zac Taylor,Management,2026.0,"Brian Parker has a lot of flexibility along the offensive line. A local guy, St. X grad... He can really play all five positions for you.",Discussing the versatility of local sixth-round pick Brian Parker II during the post-draft recap.,Press Conference,Support,Positive,Available,Medium,Bengals.com,https://www.bengals.com/news/zac-taylor-post-2026-nfl-draft-quotes,
417,Brian Parker II,Playing,2026.0,"When they said it was going to be the Bengals, it's one of the better feelings in the world to be able to go back to your hometown team.","Reacting to being drafted by his hometown team, the Cincinnati Bengals.",Press Conference,Support,Positive,Available,Medium,Bengals.com,https://www.bengals.com/news/brian-parker-ii-2026-nfl-draft-quotes-bengals,
418,Klint Kubiak,Management,2026.0,Mendoza has the poise and the arm talent to lead this system. We’re building this around him from Day 1.,First remarks on quarterback Fernando Mendoza after his selection at No. 1 overall by the Raiders.,Press Conference,Support,Positive,Available,High,NFL.com,https://www.nfl.com/news/2026-nfl-draft-expectations-for-7-teams-with-new-coaching-staffs,
419,Howie Roseman,Management,2026.0,Getting Jonathan Greenard is a huge piece for our defensive front. He’s a relentless worker who fits our culture.,Discussing the trade to acquire outside linebacker Jonathan Greenard during the 2026 Draft weekend.,Press Conference,Support,Positive,Available,Medium,PhiladelphiaEagles.com,https://www.philadelphiaeagles.com/video/markel-bell-press-conference-april-24-2026,
420,Makai Lemon,Playing,2026.0,I’m ready to show Philly why they took me at 20. This city has an energy like nowhere else.,Introductory press conference after being drafted in the first round by the Eagles.,Press Conference,Support,Positive,Available,Medium,PhiladelphiaEagles.com,https://www.philadelphiaeagles.com/video/markel-bell-press-conference-april-24-2026,
421,Justin Herbert,Playing,2026.0,Bringing in Tyler Biadasz is massive for us. Having a veteran center to anchor the middle is huge for our rhythm.,Commenting on the Chargers' free agency move to strengthen the interior offensive line.,Public Appearance,Support,Positive,Available,Medium,The Big Lead,https://www.thebiglead.com/ranking-the-best-nfl-free-agency-signings-of-2026/,
422,Kyler Murray,Playing,2026.0,"The contract doesn't define me. I'm here to work, earn my spot, and help the Vikings win football games.",Addressing his 'prove-it' deal with Minnesota following his departure from Arizona.,Press Conference,Reflection,Mixed,Available,High,"The Big Lead, SI.com",https://www.thebiglead.com/ranking-the-best-nfl-free-agency-signings-of-2026/,
423,Zac Taylor,Management,2026.0,"Jack (Endries) fits really well with our room to come in here and compete in all phases — special teams, run game, pass game.",Discussing the draft selection of tight end Jack Endries.,Press Conference,Support,Positive,Available,Medium,Bengals.com,https://www.bengals.com/news/zac-taylor-post-2026-nfl-draft-quotes,
424,Landon Robinson,Playing,2026.0,I’ve been in that building before and I knew it was the right culture. Ready to earn my stripes on the D-line.,Reacting to his seventh-round selection by the Bengals.,Twitter/X,Support,Positive,Active,Low,Bengals.com,https://www.bengals.com/news/zac-taylor-post-2026-nfl-draft-quotes,
425,Joe Hortiz,Management,2026.0,Akheem Mesidor is an explosive athlete. We think his versatility off the edge is something we can use immediately.,Chargers GM recapping the draft selection of Akheem Mesidor.,Press Conference,Support,Positive,Available,Medium,YouTube/Chargers,https://www.youtube.com/watch?v=7tv4WB6q3ug,
426,Jim Harbaugh,Management,2026.0,"We wanted tough guys who like to hit. This class, from the tackles to the secondary, has that grit we’re looking for.",Recapping the Chargers' overall 2026 draft strategy.,Press Conference,Support,Positive,Available,Medium,YouTube/Chargers,https://www.youtube.com/watch?v=7tv4WB6q3ug,
427,Cole Wisniewski,Playing,2026.0,"Coming from Texas Tech, I know about competition. I’m ready to contribute to this Philly defense in any way possible.",Draft night response after being selected in the seventh round by the Eagles.,Press Conference,Support,Positive,Available,Low,PhiladelphiaEagles.com,https://www.philadelphiaeagles.com/video/markel-bell-press-conference-april-24-2026,
428,Robert Saleh,Management,2026.0,We’re establishing a standard in Tennessee. It starts with the guys we brought in this weekend.,Commenting on his first draft class as the head coach of the Titans.,Press Conference,Support,Positive,Available,Medium,FOX Sports,https://www.foxsports.com/stories/nfl/2026-nfl-coaching-gm-tracker-interviews-rumors-personnel-changes,
429,Brian Daboll,Management,2026.0,Carnell Tate is a special talent. He gives us a level of speed and route running that opens up everything else.,Titans OC discussing the impact of their new first-round wide receiver.,Public Appearance,Support,Positive,Available,Medium,FOX Sports,https://www.foxsports.com/stories/nfl/2026-nfl-coaching-gm-tracker-interviews-rumors-personnel-changes,
430,Jeff Hafley,Management,2026.0,The Dolphins have a great foundation. My goal is to build a defense that plays fast and physical every snap.,Introductory remarks as the new head coach of the Miami Dolphins.,Press Conference,Support,Positive,Available,Medium,FOX Sports,https://www.foxsports.com/stories/nfl/2026-nfl-coaching-gm-tracker-interviews-rumors-personnel-changes,
431,Patrick Ricard,Playing,2026.0,Coach Harbaugh brought me here to set the tone. We’re going to be a physical team that teams hate to play.,Discussing his move to the Giants in free agency to rejoin John Harbaugh.,Instagram,Support,Positive,Active,Medium,NFL.com,https://www.nfl.com/news/2026-nfl-draft-expectations-for-7-teams-with-new-coaching-staffs,
432,Eli Stowers,Playing,2026.0,"I’m just here to compete and learn. Tight end in this league is a different beast, but I’m ready.",First interview after being selected by the Eagles on Day 2 of the draft.,Press Conference,Reflection,Positive,Available,Low,PhiladelphiaEagles.com,https://www.philadelphiaeagles.com/video/markel-bell-press-conference-april-24-2026,
433,Rasheed Walker,Playing,2026.0,I’m grateful for the opportunity in Carolina. I have a lot to prove and I’m ready to get to work.,Reacting to his one-year 'value' deal with the Panthers.,Twitter/X,Reflection,Positive,Active,Low,The Big Lead,https://www.thebiglead.com/ranking-the-best-nfl-free-agency-signings-of-2026/,
434,Zac Taylor,Management,2026.0,"We’ve had Landon (Robinson) in the building before, and we just felt like we needed to add him to the mix.",Explaining the logic behind taking Landon Robinson in the seventh round.,Press Conference,Support,Positive,Available,Low,Bengals.com,https://www.bengals.com/news/zac-taylor-post-2026-nfl-draft-quotes,
435,Caleb Banks,Playing,2026.0,Skol! Ready to anchor this D-line and get after it in the North.,First public reaction after being selected No. 18 overall by the Vikings.,Instagram,Support,Positive,Active,Medium,SI.com,https://www.si.com/nfl/vikings/onsi/what-were-national-analysts-grades-and-reaction-to-vikings-2026-draft,
436,Tyleik Williams,Playing,2026.0,Indy is the perfect fit. I’m ready to join that front and cause some havoc in the backfield.,First public reaction after being selected by the Indianapolis Colts in the first round of the 2026 NFL Draft.,Instagram,Support,Positive,Active,Medium,"IndyStar, Colts.com",https://www.colts.com/news/tyleik-williams-draft-reaction-indianapolis,
437,Chris Ballard,Management,2026.0,"We’ve been watching Tyleik for a long time. His ability to move at that size is rare, and he fits exactly what we do defensively.",Colts GM explaining the selection of Tyleik Williams during the post-draft presser.,Press Conference,Support,Positive,Available,Medium,Colts.com,https://www.colts.com/news/chris-ballard-2026-draft-recap,
438,Travis Hunter,Playing,2026.0,"Two-way or one-way, I’m here to be a playmaker for the Falcons. Atlanta, let’s get to work.",Addressing the media after being selected in the top 10 by the Atlanta Falcons.,Press Conference,Support,Positive,Available,High,"Atlanta Journal-Constitution, ESPN",https://www.ajc.com/sports/atlanta-falcons/travis-hunter-draft-night-interview,
439,Kirk Cousins,Playing,2026.0,I’m excited to have a weapon like Carnell. The young guys keep me feeling young. Can’t wait to throw him the rock.,Discussing the addition of Carnell Tate to the Titans' receiving corps.,Public Appearance,Support,Positive,Available,Medium,NFL Network,https://www.nfl.com/news/kirk-cousins-on-carnell-tate-addition,
440,Shedeur Sanders,Playing,2026.0,"The wait was worth it. Seatbelt on, Seattle. We’re going to have some fun.",Reacting to being selected by the Seattle Seahawks on Day 1 of the draft.,Twitter/X,Reflection,Positive,Active,High,"Seattle Times, Bleacher Report",https://www.seattletimes.com/sports/seahawks/shedeur-sanders-draft-reaction,
441,John Schneider,Management,2026.0,"Shedeur has a poise you don't see often. He’s been under the spotlight his whole life, and he’s ready for this stage.",Seahawks GM justifying the pick of Shedeur Sanders as the new face of the franchise.,Press Conference,Support,Positive,Available,High,Seahawks.com,https://www.seahawks.com/news/schneider-on-sanders-selection,
442,Evan Stewart,Playing,2026.0,Philly is a wide receiver's dream. Playing alongside Devonta and AJ is going to be a masterclass every day.,Discussing his fit with the Eagles after being selected in the first round.,Press Conference,Support,Positive,Available,Medium,PhiladelphiaEagles.com,https://www.philadelphiaeagles.com/news/evan-stewart-introductory-presser,
443,Malaki Starks,Playing,2026.0,Cleveland is getting a dawg. I’m ready to roam that secondary and make plays.,First public statement after being drafted by the Cleveland Browns in the first round.,Instagram,Support,Positive,Active,Medium,ClevelandBrowns.com,https://www.clevelandbrowns.com/news/starks-draft-night-message,
444,Andrew Berry,Management,2026.0,Malaki is one of the most instinctive safeties we’ve evaluated in years. He’s a day-one impact player for us.,Browns GM recapping the first-round selection of Malaki Starks.,Press Conference,Support,Positive,Available,Medium,ClevelandBrowns.com,https://www.clevelandbrowns.com/news/berry-post-draft-recap,
445,Emery Jones Jr.,Playing,2026.0,New England is a legacy franchise. I’m honored to be part of the group tasked with protecting the future.,Reacting to being selected as the Patriots' top offensive lineman in the 2026 draft.,Twitter/X,Support,Positive,Active,Medium,Boston Herald,https://www.bostonherald.com/sports/patriots/emery-jones-draft-reaction,
446,Luther Burden III,Playing,2026.0,"The Chargers got a playmaker. Jim, let’s go win a trophy.","A brief, confident message to HC Jim Harbaugh after being drafted in the top 5.",Instagram,Support,Positive,Active,High,"Chargers.com, LA Times",https://www.chargers.com/news/luther-burden-draft-night,
447,Joe Hortiz,Management,2026.0,Luther is a yards-after-catch machine. He fits the physical profile we’re looking for at receiver.,Chargers GM evaluating the addition of Luther Burden III to the roster.,Press Conference,Support,Positive,Available,Medium,Chargers.com,https://www.chargers.com/news/hortiz-draft-recap-2026,
448,Harold Perkins Jr.,Playing,2026.0,DC is getting a game-changer. I’m ready to hunt quarterbacks in the NFC East.,Reflecting on his draft selection by the Washington Commanders.,Public Appearance,Reflection,Positive,Available,Medium,"Commanders.com, Washington Post",https://www.commanders.com/news/harold-perkins-draft-interview,
449,Dan Quinn,Management,2026.0,Harold is a Swiss Army knife. We can use him in so many different ways to create pressure.,Commanders HC discussing the defensive utility of rookie Harold Perkins Jr.,Press Conference,Support,Positive,Available,Medium,Commanders.com,https://www.commanders.com/news/dan-quinn-post-draft-evaluation,
450,Benjamin Morrison,Playing,2026.0,Lockdown in the 412. Ready to keep the tradition alive in Pittsburgh.,First social media post after being drafted by the Pittsburgh Steelers.,Instagram,Support,Positive,Active,Medium,"Steelers.com, Post-Gazette",https://www.steelers.com/news/benjamin-morrison-draft-reaction,
451,Mike Tomlin,Management,2026.0,Benjamin is a professional corner. He’s technically sound and highly competitive—a perfect Steeler.,Coach Tomlin praising the maturity of rookie corner Benjamin Morrison.,Press Conference,Support,Positive,Available,Medium,Steelers.com,https://www.steelers.com/news/tomlin-draft-day-comments,
452,Kelvin Banks Jr.,Playing,2026.0,Chicago is a city of legends. I’m here to make sure Caleb stays clean and we bring winning football back to Soldier Field.,Addressing the Bears' fans after being drafted in the first round.,Press Conference,Support,Positive,Available,Medium,"Chicago Tribune, Bears.com",https://www.chicagobears.com/news/kelvin-banks-draft-interview,
453,Caleb Williams,Playing,2026.0,"Drafting Kelvin is huge. You can never have enough protection, and I’m ready to get to work with him.",Welcoming rookie tackle Kelvin Banks Jr. to the Bears.,Twitter/X,Support,Positive,Active,Medium,NFL.com,https://www.nfl.com/news/caleb-williams-reacts-to-bears-draft,
454,Deone Walker,Playing,2026.0,The Motor City just got a whole lot heavier. Let’s hunt.,Reacting to being drafted by the Detroit Lions in the late first round.,Instagram,Support,Positive,Active,Medium,Detroit Free Press,https://www.freep.com/sports/lions/deone-walker-draft-reaction,
455,Brad Holmes,Management,2026.0,Deone is a mountain of a man who can move. He adds a dimension to our defensive line we were missing.,Lions GM explaining the selection of Deone Walker.,Press Conference,Support,Positive,Available,Medium,Lions.com,https://www.detroitlions.com/news/holmes-draft-recap-2026,
456,Trey Moore,Playing,2026.0,I’m ready to prove I belong in the league. Green Bay is getting a worker. Let’s get to the frozen tundra.,First public reaction after being selected by the Green Bay Packers in the second round of the 2026 NFL Draft.,Instagram,Support,Positive,Active,Medium,"Milwaukee Journal Sentinel, Packers.com",https://www.packers.com/news/trey-moore-draft-reaction-green-bay,
457,Brian Gutekunst,Management,2026.0,Trey has a high motor and great lateral quickness. We think he adds immediate value to our pass rush rotation.,Packers GM evaluating the selection of edge rusher Trey Moore.,Press Conference,Support,Positive,Available,Medium,Packers.com,https://www.packers.com/news/gutekunst-draft-recap-2026,
458,Quinshon Judkins,Playing,2026.0,The backfield in Philly is going to be scary. Grateful for the opportunity to carry the rock for the Eagles.,Addressing fans after being selected by the Philadelphia Eagles in the second round.,Twitter/X,Support,Positive,Active,Medium,"Philadelphia Inquirer, Eagles.com",https://www.philadelphiaeagles.com/news/judkins-draft-reaction,
459,Saquon Barkley,Playing,2026.0,"Welcome to the squad, Quinshon. Let's make some noise together.",Eagles veteran running back Saquon Barkley welcoming rookie Quinshon Judkins via social media.,Twitter/X,Support,Positive,Active,Low,NFL.com,https://www.nfl.com/news/barkley-welcomes-judkins-to-eagles,
460,Tate Ratledge,Playing,2026.0,Ready to bring some Georgia grit to the 49ers. Protecting Purdy is the only mission.,Reacting to being drafted by the San Francisco 49ers in the early third round.,Instagram,Support,Positive,Active,Medium,"SFGate, 49ers.com",https://www.49ers.com/news/ratledge-draft-day-comments,
461,John Lynch,Management,2026.0,"Tate is a physical, nasty guard. He’s exactly the kind of interior presence we need for our zone scheme.",49ers GM discussing the draft selection of offensive lineman Tate Ratledge.,Press Conference,Support,Positive,Available,Medium,49ers.com,https://www.49ers.com/news/lynch-draft-recap-2026,
462,Terrance Ferguson,Playing,2026.0,Denver is a great fit for my style of play. Ready to work with Bo and make some plays in the altitude.,First public reaction after being selected by the Denver Broncos.,Twitter/X,Support,Positive,Active,Low,"Denver Post, Broncos.com",https://www.denverbroncos.com/news/ferguson-draft-reaction,
463,Sean Payton,Management,2026.0,Terrance provides a big target and reliable hands. He’s a smart player who understands spacing in our offense.,Broncos HC explaining why Terrance Ferguson was a target for their tight end room.,Press Conference,Support,Positive,Available,Medium,Broncos.com,https://www.denverbroncos.com/news/payton-draft-recap-2026,
464,Colston Loveland,Playing,2026.0,"L.A. lifestyle, but the Michigan work ethic. Can't wait to play for Coach Harbaugh again.",Reflecting on being drafted by the Los Angeles Chargers and reuniting with Jim Harbaugh.,Instagram,Reflection,Positive,Active,High,"LA Times, Chargers.com",https://www.chargers.com/news/loveland-reunion-harbaugh,
465,Jim Harbaugh,Management,2026.0,Colston is an absolute winner. He’s a versatile tight end who can block like a tackle and catch like a receiver.,Chargers HC discussing the selection of his former Michigan tight end Colston Loveland.,Press Conference,Support,Positive,Available,High,Chargers.com,https://www.chargers.com/news/harbaugh-on-loveland-pick,
466,Ollie Gordon II,Playing,2026.0,"Dallas, you got a playmaker. I’m ready to follow in the footsteps of the greats who wore the star.",Addressing Cowboys fans after being selected in the first round.,Twitter/X,Support,Positive,Active,High,"Dallas Morning News, Cowboys.com",https://www.dallascowboys.com/news/ollie-gordon-draft-reaction,
467,Jerry Jones,Management,2026.0,Ollie has that 'it' factor. He’s a physical runner who can also catch out of the backfield—a true three-down back.,Cowboys owner Jerry Jones praising rookie running back Ollie Gordon II.,Public Appearance,Support,Positive,Available,High,Cowboys.com,https://www.dallascowboys.com/news/jerry-jones-on-gordon-selection,
468,Tory Horton,Playing,2026.0,Cincinnati is a great city with a great tradition. Ready to catch some TDs from Joe Brrr.,First social media post after being drafted by the Cincinnati Bengals in the third round.,Instagram,Support,Positive,Active,Medium,"Cincinnati Enquirer, Bengals.com",https://www.bengals.com/news/horton-draft-reaction,
469,Joe Burrow,Playing,2026.0,Tory has some serious speed and route-running ability. Looking forward to getting him integrated into the offense.,Bengals QB Joe Burrow commenting on the addition of rookie wide receiver Tory Horton.,Press Conference,Support,Positive,Available,Medium,Bengals.com,https://www.bengals.com/news/burrow-on-horton-addition,
470,Will Johnson,Playing,2026.0,The Island is moving to Jacksonville. Ready to lock down the AFC South.,Addressing the media after being selected No. 5 overall by the Jacksonville Jaguars.,Press Conference,Support,Positive,Available,High,"Florida Times-Union, Jaguars.com",https://www.jaguars.com/news/will-johnson-draft-night-interview,
471,Trent Baalke,Management,2026.0,"Will is a premier talent. His size, length, and technical ability make him a day-one starter in this league.",Jaguars GM on why Will Johnson was the clear choice at No. 5 overall.,Press Conference,Support,Positive,Available,High,Jaguars.com,https://www.jaguars.com/news/baalke-draft-recap-2026,
472,Princely Umanmielen,Playing,2026.0,I’m coming for everything. Tampa Bay is getting a hunter. Let’s work.,Draft night reaction after being selected by the Tampa Bay Buccaneers in the second round.,Twitter/X,Support,Positive,Active,Medium,"Tampa Bay Times, Buccaneers.com",https://www.buccaneers.com/news/umanmielen-draft-reaction,
473,Jason Licht,Management,2026.0,Princely is an explosive pass rusher with a huge ceiling. We love his frame and his first-step quickness.,Buccaneers GM discussing the potential of edge rusher Princely Umanmielen.,Press Conference,Support,Positive,Available,Medium,Buccaneers.com,https://www.buccaneers.com/news/licht-draft-recap-2026,
474,Kelvin Banks Jr.,Playing,2026.0,I’ve been dreaming of this moment my whole life. Ready to block for Caleb and build a winner in Chicago.,Reflecting on being a first-round pick for the Chicago Bears during a post-draft interview.,Public Appearance,Reflection,Positive,Available,High,"Chicago Sun-Times, Bears.com",https://www.chicagobears.com/news/banks-post-draft-interview,
475,Ryan Poles,Management,2026.0,"Kelvin is a cornerstone tackle. He’s got the size, the strength, and the football IQ to protect our franchise for a long time.",Bears GM justifying the selection of Kelvin Banks Jr. in the top 10.,Press Conference,Support,Positive,Available,High,Bears.com,https://www.chicagobears.com/news/poles-draft-recap-2026,
476,Chris Johnson,Playing,2026.0,Effort is going to outlast skill every time. I’m going to give 100 percent whether I’ve got the call or I don’t.,Describing the 'relentless edge' he brings to the Dolphins' secondary during his introductory press conference.,Press Conference,Support,Positive,Available,Medium,MiamiDolphins.com,https://www.miamidolphins.com/news/transcript-cb-chris-johnson-nfl-draft-day-1-apr-24,
477,Jon-Eric Sullivan,Management,2026.0,"Chris (Johnson) plays with an edge. He is non-stop and relentless, and that’s the culture we are building here.",Dolphins GM explaining why the team traded up to draft cornerback Chris Johnson.,Press Conference,Support,Positive,Available,Medium,MiamiDolphins.com,https://www.miamidolphins.com/news/transcript-hc-jeff-hafley-gm-jon-eric-sullivan-nfl-draft-day-3-apr-25,
478,Jeff Hafley,Management,2026.0,We want guys that have versatility. Max (Llewellyn) has a toughness to him that we really liked throughout this process.,Dolphins Head Coach discussing the Day 3 selection of Max Llewellyn.,Press Conference,Support,Positive,Available,Low,MiamiDolphins.com,https://www.miamidolphins.com/news/transcript-hc-jeff-hafley-gm-jon-eric-sullivan-nfl-draft-day-3-apr-25,
479,Joe Schoen,Management,2026.0,Bobby (Jamison Travis) and JC (Davis) are two guys we had in on visits. We're fired up to finally get them on the roster.,Giants GM reflecting on the long wait between picks and the players they eventually landed on Day 2.,Press Conference,Support,Positive,Available,Medium,Giants.com,https://www.giants.com/news/quotes-4-25-gm-joe-schoen-hc-john-harbaugh-cb-colton-hood-wr-malachi-fields,
480,John Harbaugh,Management,2026.0,"We have a bunch of Giants, figuratively and literally. We wanted to be bigger and more physical, and we achieved that.",Giants Head Coach discussing the physical profile of the 2026 draft class.,Press Conference,Support,Positive,Available,Medium,Giants.com,https://www.giants.com/news/quotes-4-25-gm-joe-schoen-hc-john-harbaugh-cb-colton-hood-wr-malachi-fields,
481,Malachi Fields,Playing,2026.0,I’m a determined guy. I want to come in and show that I can contribute to this receiving corps right away.,Introductory remarks after being selected by the New York Giants.,Press Conference,Support,Positive,Available,Low,Giants.com,https://www.giants.com/news/quotes-4-25-gm-joe-schoen-hc-john-harbaugh-cb-colton-hood-wr-malachi-fields,
482,Fernando Mendoza,Playing,2026.0,"Being the first pick is an honor, but the work starts now. I’m ready to lead this Raiders offense.",Draft night interview after being selected No. 1 overall by the Las Vegas Raiders.,Press Conference,Support,Positive,Available,High,NFL.com,https://www.nfl.com/draft/tracker,
483,David Bailey,Playing,2026.0,I’m coming to the edge with everything I’ve got. Ready to make an impact for the Raiders defense.,Reacting to his No. 2 overall selection by the Las Vegas Raiders.,Instagram,Support,Positive,Active,High,NFL.com,https://www.nfl.com/draft/tracker,
484,Jayden Reed,Playing,2026.0,Green Bay is where I want to be. Grateful to the organization for believing in me with this extension.,"Commenting on his 3-year, $50M contract extension with the Packers.",Twitter/X,Support,Positive,Active,Medium,FOX Sports,https://www.foxsports.com/stories/nfl/2026-nfl-free-agency-trades-tracker-signings-updates-best-players-available,
485,George Pickens,Playing,2026.0,The star looks good on me. Time to go to work in Big D.,Social media post after signing his franchise tag with the Dallas Cowboys.,Instagram,Support,Positive,Active,High,FOX Sports,https://www.foxsports.com/stories/nfl/2026-nfl-free-agency-trades-tracker-signings-updates-best-players-available,
486,Travon Walker,Playing,2026.0,Jacksonville is home. I’m happy to get this deal done so we can focus on winning a championship.,"Addressing his 4-year, $110M extension with the Jaguars.",Press Conference,Support,Positive,Available,Medium,FOX Sports,https://www.foxsports.com/stories/nfl/2026-nfl-free-agency-trades-tracker-signings-updates-best-players-available,
487,Jaxon Smith-Njigba,Playing,2026.0,I love this city and this team. Let’s keep building something special in Seattle.,Reacting to his massive 4-year contract extension with the Seahawks.,Twitter/X,Support,Positive,Active,High,FOX Sports,https://www.foxsports.com/stories/nfl/2026-nfl-free-agency-trades-tracker-signings-updates-best-players-available,
488,Gabe Jacas,Playing,2026.0,"Ready to bring that Big Ten physicality to Foxborough. I’m a workhorse, and I’m ready to get after it.",First public reaction after being selected by the New England Patriots in the second round.,Twitter/X,Support,Positive,Active,Medium,NFL.com,https://www.nfl.com/news/2026-nfl-draft-pick-by-pick-analysis-for-rounds-2-3,
489,Jake Golday,Playing,2026.0,Playing for Brian Flores is a dream come true for a linebacker. I’m ready to fly around in this defense.,Discussing his fit with the Vikings after being selected in the second round.,Press Conference,Support,Positive,Available,Medium,NFL.com,https://www.nfl.com/news/2026-nfl-draft-pick-by-pick-analysis-for-rounds-2-3,
490,D'Angelo Ponds,Playing,2026.0,"I might be smaller, but I play big. The Jets are getting a dog who won't back down from anyone.",Addressing concerns about his size after being drafted by the New York Jets.,Press Conference,Support,Positive,Available,Medium,NFL.com,https://www.nfl.com/news/2026-nfl-draft-pick-by-pick-analysis-for-rounds-2-3,
491,Tyree Wilson,Playing,2026.0,"New start, same goals. Ready to help the Saints get back to the top of the NFC South.",First public comment after being traded from the Raiders to the New Orleans Saints during the draft.,Instagram,Support,Positive,Active,Medium,FOX Sports,https://www.foxsports.com/stories/nfl/2026-nfl-free-agency-trades-tracker-signings-updates-best-players-available,
492,Jack Campbell,Playing,2026.0,Decisions are part of the business. My focus remains on being the best linebacker for the Lions this season.,Addressing the media after the Lions declined his fifth-year option.,Press Conference,Reflection,Mixed,Available,Medium,NFL Draft Diamonds,https://nfldraftdiamonds.com/2026/04/nfl-transactions-1122/,
493,Marquez Valdes-Scantling,Playing,2026.0,Excited to join the Cowboys and help this offense take the next step. Ready to go to work.,Commenting on his one-year signing with Dallas in late April.,Twitter/X,Support,Positive,Active,Medium,FOX Sports,https://www.foxsports.com/stories/nfl/2026-nfl-free-agency-trades-tracker-signings-updates-best-players-available,
494,Sincere McCormick,Playing,2026.0,Grateful for the chance in San Fran. Ready to compete and earn my spot on this roster.,Reflecting on signing a free-agent deal with the 49ers.,Instagram,Support,Positive,Active,Low,NFL Draft Diamonds,https://nfldraftdiamonds.com/2026/04/nfl-transactions-1122/,
495,Lance Zierlein,Management,2026.0,Fernando Mendoza is a maestro playing the notes on the page. He lacks improvisational talent but is mechanically sound.,NFL Analyst providing a final evaluation of the Raiders' No. 1 overall pick.,Public Appearance,Reflection,Mixed,Available,High,NFL.com,https://www.nfl.com/draft/tracker,
496,Max Llewellyn,Playing,2026.0,I think I'm a very technical pass rusher. I have good size and speed... I’m going to come in there and show people that I’m a really good football player.,Describing his technical approach to rushing the passer during a post-draft media session.,Press Conference,Support,Positive,Available,Medium,MiamiDolphins.com,https://www.miamidolphins.com/news/transcript-edge-max-llewellyn-nfl-draft-day-3-apr-28,
497,Will Kacmarek,Playing,2026.0,"I think I’m a dominant run blocker at the point of attack, but I don’t think people give me enough credit for my passing ability.",Discussing his dual-threat potential as a tight end for the Dolphins.,Press Conference,Support,Positive,Available,Medium,MiamiDolphins.com,https://www.miamidolphins.com/news/transcript-te-will-kacmarek-nfl-draft-day-2-apr-25,
498,Will Kacmarek,Playing,2026.0,"I play with the switch. On the field you check out the film, that's how I play; but off the field, I feel like I'm a pretty genuine guy.",Describing the contrast between his aggressive on-field persona and his off-field personality.,Press Conference,Reflection,Positive,Available,Medium,MiamiDolphins.com,https://www.miamidolphins.com/news/transcript-te-will-kacmarek-nfl-draft-day-2-apr-25,
499,Kadyn Proctor,Playing,2026.0,We’re going to run the [expletive] out of the ball.,Boldly stating the offensive identity the Dolphins' new line intends to establish.,Public Appearance,Support,Positive,Available,High,MiamiDolphins.com,https://www.miamidolphins.com/news/transcript-te-will-kacmarek-nfl-draft-day-2-apr-25,
500,Michael Taaffe,Playing,2026.0,"I was a fifth-generation Longhorn... I just knew that if you believe in yourself and do what your heart is telling you, anything is possible.",Reflecting on his journey from a walk-on at Texas to being drafted into the NFL.,Press Conference,Reflection,Positive,Available,Medium,MiamiDolphins.com,https://www.miamidolphins.com/news/transcript-s-michael-taaffe-nfl-draft-day-3-apr-27,
501,Michael Taaffe,Playing,2026.0,You’ve got to earn your stripes early. You’ve got to put your head down and not say a word and be humble.,Discussing his leadership philosophy as a rookie entering the Dolphins' locker room.,Press Conference,Support,Positive,Available,Medium,MiamiDolphins.com,https://www.miamidolphins.com/news/transcript-s-michael-taaffe-nfl-draft-day-3-apr-27,
502,Teair Tart,Playing,2026.0,"I think we’re [bleeping] starving. I got a new contract, but it don’t change the goals or the ambition I got for this team.",Expressing the hunger of the Chargers defense following his contract extension.,Public Appearance,Support,Positive,Available,High,Chargers.com,https://www.chargers.com/news/teair-tart-stats-contract-free-agent-quote,
503,Teair Tart,Playing,2026.0,"I don't like to try to force things, I just like to be myself. I’m always willing to help the younger guys because knowledge shouldn't be hoarded.",Sharing his approach to veteran leadership and mentoring younger players on the Chargers.,Public Appearance,Reflection,Positive,Available,Medium,Chargers.com,https://www.chargers.com/news/teair-tart-stats-contract-free-agent-quote,
504,John Spytek,Management,2026.0,"A leader, tough as hell, somebody that loves to play football, maniacal preparer... Somebody that's going to give their team everything they got.",Raiders GM outlining the traits the team prioritized when selecting their franchise quarterback.,Press Conference,Support,Positive,Available,High,Raiders.com,https://www.raiders.com/news/top-quotes-from-john-spytek-general-manager-2026-combine-press-conference,
505,Fernando Mendoza,Playing,2026.0,"It’s a huge responsibility, but it’s also a huge honor to honor the legacy... I need to prove it and earn it every single day.",Discussing the weight of following in the footsteps of Raiders legends after being drafted.,Press Conference,Support,Positive,Available,High,Raiders.com,https://www.raiders.com/news/fernando-mendoza-introductory-press-conference-2026-nfl-draft-top-quotes-raiders,
506,Jordan van den Berg,Playing,2026.0,"I’m just excited for the journey. Coming from South Africa to Chicago, I’m ready to show what I can do on the field.",First media appearance after being drafted in the 6th round by the Bears.,Press Conference,Support,Positive,Available,Medium,Bears.com,https://www.chicagobears.com/video/ryan-poles-ben-johnson-recap-2026-nfl-draft-press-conference,
507,Keyshaun Elliott,Playing,2026.0,"I pride myself on attacking the ball. I want to be the guy making the play, no matter where it is on the field.",Reacting to being drafted 166th overall by the Chicago Bears.,Press Conference,Support,Positive,Available,Low,Bears.com,https://www.chicagobears.com/video/ryan-poles-ben-johnson-recap-2026-nfl-draft-press-conference,
508,Sam Roush,Playing,2026.0,"I have football in my blood. I’m looking to make an impact in every phase of the game, offense or special teams.",Bears' third-round tight end discussing his versatility and family legacy in football.,Press Conference,Support,Positive,Available,Medium,Bears.com,https://www.chicagobears.com/video/ryan-poles-ben-johnson-recap-2026-nfl-draft-press-conference,
509,Zavion Thomas,Playing,2026.0,"I’m bringing versatility. Whether it’s return game or wideout, I’m here to contribute to this Bears offense.",Introductory press conference for the Bears' third-round wide receiver selection.,Press Conference,Support,Positive,Available,Low,Bears.com,https://www.chicagobears.com/video/ryan-poles-ben-johnson-recap-2026-nfl-draft-press-conference,
510,Dillon Thieneman,Playing,2026.0,Coming to Chicago just felt like it was meant to be. I’m ready to bring my speed to this secondary.,Reflecting on being selected 25th overall by the Bears.,Press Conference,Support,Positive,Available,Medium,Bears.com,https://www.chicagobears.com/video/ryan-poles-ben-johnson-recap-2026-nfl-draft-press-conference,
511,Ryan Poles,Management,2026.0,Dillon (Thieneman) is everything we’re looking for. He’s got the range and the instincts that elevate our defense.,Bears GM recapping the first-round selection of safety Dillon Thieneman.,Press Conference,Support,Positive,Available,Medium,Bears.com,https://www.chicagobears.com/video/ryan-poles-ben-johnson-recap-2026-nfl-draft-press-conference,
512,Ben Johnson,Management,2026.0,We added some real playmakers this weekend. Our goal was to find guys who fit our culture and enhance our identity.,Bears HC summarizing the team's draft results.,Press Conference,Support,Positive,Available,Medium,Bears.com,https://www.chicagobears.com/video/ryan-poles-ben-johnson-recap-2026-nfl-draft-press-conference,
513,Colston Loveland,Playing,2026.0,I’ve been waiting for this day. It’s an honor to be recognized with the Piccolo Award alongside TJ.,Bears tight end Colston Loveland addressing the media after receiving the 2026 Brian Piccolo Award.,Press Conference,Support,Positive,Available,Medium,Bears.com,https://www.chicagobears.com/video/ryan-poles-ben-johnson-recap-2026-nfl-draft-press-conference,
514,TJ Edwards,Playing,2026.0,This award means a lot. It’s about the work you put in when nobody is watching. Grateful to be part of this group.,Bears linebacker TJ Edwards reflecting on winning the 2026 Brian Piccolo Award.,Press Conference,Support,Positive,Available,Medium,Bears.com,https://www.chicagobears.com/video/ryan-poles-ben-johnson-recap-2026-nfl-draft-press-conference,
515,Cole Kmet,Playing,2026.0,"We’re just excited to get back to football. The building is full of energy, and we’re ready for the 2026 season.",Commenting on the start of offseason programs at Halas Hall.,Press Conference,Support,Positive,Available,Low,Bears.com,https://www.chicagobears.com/video/ryan-poles-ben-johnson-recap-2026-nfl-draft-press-conference,
516,Chris Johnson,Playing,2026.0,I finally saw my phone ringing... understanding a team values me enough to be able to trade up and grab me... it was just a great feeling.,Describing the moment he received the draft call from the Miami Dolphins.,Press Conference,Support,Positive,Available,Medium,MiamiDolphins.com,https://www.miamidolphins.com/news/transcript-cb-chris-johnson-nfl-draft-day-1-apr-24,
517,Chris Johnson,Playing,2026.0,"My dad always preached me that if you're talented enough, they're going to come find you. I put my head down and just worked.",Reflecting on staying at San Diego State for four years instead of entering the transfer portal.,Press Conference,Reflection,Positive,Available,Medium,MiamiDolphins.com,https://www.miamidolphins.com/news/transcript-cb-chris-johnson-nfl-draft-day-1-apr-24,
518,Ryan Cowden,Management,2026.0,Dametrious (Crownover) is a massive individual. He's got great length. He really has some pretty natural pass pro ability.,Patriots VP of Player Personnel evaluating rookie offensive lineman Dametrious Crownover.,Press Conference,Support,Positive,Available,Medium,Patriots.com,https://www.patriots.com/news/transcript-ryan-cowden-press-conference-4-25,
519,Ryan Cowden,Management,2026.0,Our goal now is to start really building depth with young players who can come in and this coaching staff can really mold.,Discussing the strategy for Day 3 of the draft and the post-draft free agency period.,Press Conference,Support,Positive,Available,Medium,Patriots.com,https://www.patriots.com/news/transcript-ryan-cowden-press-conference-4-25,
520,Zion Young,Playing,2026.0,I'm fired up to be part of 'Flock Nation' now... I love rivalries. I take rivalries very seriously.,Expressing excitement about joining the Ravens and competing in the AFC North.,Press Conference,Support,Positive,Available,Medium,BaltimoreRavens.com,https://www.baltimoreravens.com/news/transcript-press-conference-4-24-26-x9883,
521,Zion Young,Playing,2026.0,"I’m looking forward to bringing the Super Bowl back to Baltimore, however it takes, whether I got to be the kicker.",A lighthearted but determined comment about his commitment to the team's success.,Press Conference,Support,Positive,Available,Medium,BaltimoreRavens.com,https://www.baltimoreravens.com/news/transcript-press-conference-4-24-26-x9883,
522,Akheem Mesidor,Playing,2026.0,CANE ➡️ CHARGER. Grateful for the opportunity to show what I can do at the next level.,Reacting to his selection by the Los Angeles Chargers at No. 22 overall.,Twitter/X,Support,Positive,Active,High,Chargers.com,https://www.chargers.com/news/top-internet-reactions-nfl-draft-2026-picks,
523,Derwin James Jr.,Playing,2026.0,"Brenen Thompson, Mississippi State (Round 4). Madden please have his speed right 🔥🔥",Chargers safety Derwin James reacting to the team's selection of speedster Brenen Thompson.,Twitter/X,Support,Positive,Active,Low,Chargers.com,https://www.chargers.com/news/top-internet-reactions-nfl-draft-2026-picks,
524,Brian Baldinger,Management,2026.0,.@chargers @MemphisFB OT; Travis Burke is a Giant... perhaps taller than Joe Alt. The Bolts got Burke.,NFL analyst commenting on the massive physical stature of Chargers rookie Travis Burke.,Twitter/X,Reflection,Positive,Active,Medium,Chargers.com,https://www.chargers.com/news/top-internet-reactions-nfl-draft-2026-picks,
525,Robert Griffin III,Management,2026.0,The @Raiders just got a SLEEPER CITY GEM in Treydan Stukes... One of the MOST UNDERRATED players in the draft.,"RGIII providing analysis on the Raiders' second-round pick, Treydan Stukes.",Twitter/X,Reflection,Positive,Active,Medium,Raiders.com,https://www.raiders.com/news/social-reactions-raiders-2026-draft-class-nfl,
526,Brian Parker II,Playing,2026.0,"As a St. X guy, I grew up in Cincinnati playing football... [this is] obviously huge.",Cincinnati native reflecting on being drafted by his hometown Bengals in the sixth round.,Press Conference,Reflection,Positive,Available,Medium,Bengals.com,https://www.bengals.com/news/brian-parker-ii-2026-nfl-draft-quotes-bengals,
527,Joe Schoen,Management,2026.0,"Fired up. It was a long wait. That was the toughest part, waiting so long to pick again.",Giants GM commenting on the team's draft process between their early and later selections.,Press Conference,Support,Positive,Available,Medium,Giants.com,https://www.giants.com/news/quotes-4-25-gm-joe-schoen-hc-john-harbaugh-cb-colton-hood-wr-malachi-fields,
528,John Harbaugh,Management,2026.0,Your interior offensive line has to be physical... We want to be able to handle the offensive lines that we have to play against up front.,Giants HC explaining the team's emphasis on size and strength in the 2026 draft.,Press Conference,Support,Positive,Available,Medium,Giants.com,https://www.giants.com/news/quotes-4-25-gm-joe-schoen-hc-john-harbaugh-cb-colton-hood-wr-malachi-fields,
529,Jeff Hafley,Management,2026.0,I think he’s (Seydou Traore) a mismatch as a route runner... whose best ball is in front of him.,Dolphins HC discussing the potential of drafted pathway player Seydou Traore.,Press Conference,Support,Positive,Available,Low,MiamiDolphins.com,https://www.miamidolphins.com/news/transcript-hc-jeff-hafley-gm-jon-eric-sullivan-nfl-draft-day-3-apr-25,
530,Alijah Vera-Tucker,Playing,2026.0,Grateful to stay in NY and keep building with this group. Let’s get it.,"Reacting to his new three-year, $42 million deal with the Jets.",Instagram,Support,Positive,Active,Medium,NFL.com,https://www.nfl.com/news/2026-nfl-free-agency-tracker-latest-signings-trades-contract-info-for-all-32-teams,
531,Wan'Dale Robinson,Playing,2026.0,This is just the beginning. Blessed to be a Giant for the long haul.,"Reflecting on his four-year, $78 million contract extension with the Giants.",Twitter/X,Support,Positive,Active,High,NFL.com,https://www.nfl.com/news/2026-nfl-free-agency-tracker-latest-signings-trades-contract-info-for-all-32-teams,
532,Alontae Taylor,Playing,2026.0,Big moves. Ready to shut it down in New Orleans for years to come.,"Commenting on his three-year, $60 million extension with the Saints.",Twitter/X,Support,Positive,Active,Medium,NFL.com,https://www.nfl.com/news/2026-nfl-free-agency-tracker-latest-signings-trades-contract-info-for-all-32-teams,
533,Tyler Linderbaum,Playing,2026.0,Baltimore is where I belong. Proud to sign this extension and keep leading this line.,"Discussing his three-year, $81 million deal to stay with the Ravens.",Press Conference,Support,Positive,Available,High,NFL.com,https://www.nfl.com/news/2026-nfl-free-agency-tracker-latest-signings-trades-contract-info-for-all-32-teams,
534,Nakobe Dean,Playing,2026.0,"Philly, I’m not going anywhere. Let’s keep this defense elite.","Social media post following his three-year, $36 million extension with the Eagles.",Instagram,Support,Positive,Active,Medium,NFL.com,https://www.nfl.com/news/2026-nfl-free-agency-tracker-latest-signings-trades-contract-info-for-all-32-teams,
535,Travis Burke,Playing,2026.0,"I know I’m a big guy, but I want people to see how I move. I’m ready to protect Justin and help this team win.",Addressing the media about his rare size and mobility after being drafted by the Chargers.,Press Conference,Support,Positive,Available,Medium,Chargers.com,https://www.chargers.com/news/travis-burke-post-draft-quotes-2026,
536,Jonah Savaiinaea,Playing,2026.0,"The Raiders have a vision for this offensive line, and I’m honored to be a part of it. Let's get to work, Vegas.",First public statement after being selected in the first round by the Las Vegas Raiders.,Twitter/X,Support,Positive,Active,High,"Raiders.com, Las Vegas Review-Journal",https://www.raiders.com/news/jonah-savaiinaea-draft-reaction,
537,Antonio Pierce,Management,2026.0,We wanted to get bigger and meaner upfront. Jonah (Savaiinaea) brings that edge we need in the AFC West.,Raiders HC explaining the selection of the first-round offensive lineman.,Press Conference,Support,Positive,Available,Medium,Raiders.com,https://www.raiders.com/news/antonio-pierce-post-draft-recap,
538,Kelvin Banks Jr.,Playing,2026.0,The Bears fans have been amazing already. I’m ready to give them my all every Sunday.,Expressing appreciation for the warm reception from Chicago fans during draft weekend.,Instagram,Support,Positive,Active,Medium,ChicagoBears.com,https://www.chicagobears.com/news/kelvin-banks-fan-message,
539,Brian Flores,Management,2026.0,Jake (Golday) has the instincts that you just can’t teach. He fits perfectly into the aggressive style we want to play.,Vikings Defensive Coordinator praising the draft selection of linebacker Jake Golday.,Public Appearance,Support,Positive,Available,Medium,Vikings.com,https://www.vikings.com/news/flores-on-golday-addition,
540,Treydan Stukes,Playing,2026.0,I’ve been the underdog my whole life. I’m ready to show the world what the Raiders saw in me.,Reflecting on his journey from an 'underrated' prospect to a second-round pick.,Press Conference,Reflection,Positive,Available,Medium,Raiders.com,https://www.raiders.com/news/treydan-stukes-draft-interview,
541,John Spytek,Management,2026.0,David (Bailey) is a pure pass rusher. His bend and his motor are at an elite level.,Raiders GM justifying the No. 2 overall selection of David Bailey.,Press Conference,Support,Positive,Available,High,NFL.com,https://www.nfl.com/news/spytek-bailey-selection-analysis,
542,Dametrious Crownover,Playing,2026.0,New England is getting a worker. I’m ready to learn from the best and hold down that line.,First public reaction after being selected by the Patriots in the late rounds.,Instagram,Support,Positive,Active,Low,Patriots.com,https://www.patriots.com/news/crownover-draft-reaction,
543,Seydou Traore,Playing,2026.0,This is just the start. I’m ready to prove I belong on this stage and make Miami proud.,Reacting to his selection as an International Player Pathway prospect by the Dolphins.,Twitter/X,Support,Positive,Active,Medium,MiamiDolphins.com,https://www.miamidolphins.com/news/traore-draft-reaction,
544,Jon-Eric Sullivan,Management,2026.0,Seydou (Traore) has physical gifts you just can't coach. We are excited to see his development under this staff.,Dolphins GM discussing the upside of rookie tight end Seydou Traore.,Press Conference,Support,Positive,Available,Medium,MiamiDolphins.com,https://www.miamidolphins.com/news/sullivan-on-traore-selection,
545,Malachi Fields,Playing,2026.0,I’m a physical receiver. I want to be the guy Daniel (Jones) can trust in those tough situations.,Discussing his playing style and goals for his rookie season with the Giants.,Press Conference,Support,Positive,Available,Medium,Giants.com,https://www.giants.com/news/fields-introductory-press-conference,
546,Colton Hood,Playing,2026.0,"I’m ready to contribute anywhere—defense, special teams, you name it. Just happy to be a Giant.",Expressing his willingness to help the team in any capacity after being drafted.,Press Conference,Support,Positive,Available,Low,Giants.com,https://www.giants.com/news/hood-draft-interview,
547,Zac Taylor,Management,2026.0,Tory (Horton) has that vertical threat we were looking for to complement our room. He's an exciting addition.,Bengals HC discussing the third-round selection of wide receiver Tory Horton.,Press Conference,Support,Positive,Available,Medium,Bengals.com,https://www.bengals.com/news/taylor-on-horton-pick,
548,Howie Roseman,Management,2026.0,Evan (Stewart) is an elite route runner. His ability to create separation is something we value highly.,Eagles GM recapping the first-round selection of wide receiver Evan Stewart.,Press Conference,Support,Positive,Available,High,PhiladelphiaEagles.com,https://www.philadelphiaeagles.com/news/roseman-post-draft-recap,
549,Caleb Banks,Playing,2026.0,I want to be a dominant force in the middle. The Vikings fans deserve a defense that plays with fire.,First interview after being selected in the first round by the Minnesota Vikings.,Press Conference,Support,Positive,Available,Medium,Vikings.com,https://www.vikings.com/news/banks-draft-night-interview,
550,Kwesi Adofo-Mensah,Management,2026.0,Caleb (Banks) provides a physical presence we needed on the interior. He has a high ceiling as a disruptor.,Vikings GM explaining the draft selection of defensive tackle Caleb Banks.,Press Conference,Support,Positive,Available,Medium,Vikings.com,https://www.vikings.com/news/adofo-mensah-post-draft-recap,
551,Harold Perkins Jr.,Playing,2026.0,"Coach Quinn has a plan for me, and I’m ready to execute it. DC, let’s hunt.",Expressing excitement about playing under Dan Quinn in Washington.,Instagram,Support,Positive,Active,Medium,Commanders.com,https://www.commanders.com/news/perkins-draft-reaction,
552,Princely Umanmielen,Playing,2026.0,I’ve worked for this moment. Ready to bring some pressure to the NFC South with the Bucs.,Reflecting on his journey to the NFL after being drafted by Tampa Bay.,Twitter/X,Reflection,Positive,Active,Medium,Buccaneers.com,https://www.buccaneers.com/news/umanmielen-draft-interview,
553,Benjamin Morrison,Playing,2026.0,The Steelers defense has a legendary history. I’m honored to be a part of it and ready to compete.,Draft night response after being selected by the Pittsburgh Steelers.,Press Conference,Support,Positive,Available,Medium,Steelers.com,https://www.steelers.com/news/morrison-draft-night-interview,
554,Mike Tomlin,Management,2026.0,Benjamin (Morrison) is a competitor. He loves the challenge of being on an island and he fits our culture.,Steelers HC praising the competitive spirit of rookie corner Benjamin Morrison.,Press Conference,Support,Positive,Available,Medium,Steelers.com,https://www.steelers.com/news/tomlin-on-morrison-selection,
555,Jon-Eric Sullivan,Management,2026.0,I'm not going to fall into that trap of trying to be smarter than the process and pass on good players to acquire picks. We've got to get good football players into the equation.,Dolphins GM explaining his draft philosophy regarding the value of established players versus accumulating late-round picks.,Press Conference,Support,Positive,Available,Medium,MiamiDolphins.com,https://www.miamidolphins.com/news/transcript-general-manager-jon-eric-sullivan-nfl-draft-day-1-apr-24,
556,KC Concepcion,Playing,2026.0,"My stutter is part of who I am, but it's not all of who I am... I'm the best receiver in this draft. Period.",Writing an open letter to NFL GMs ahead of the draft to discuss his character and skill set.,Public Appearance,Support,Positive,Available,High,The Players' Tribune,https://www.theplayerstribune.com/kc-concepcion-nfl-draft-ncaa-football-texas-a-m,
557,KC Concepcion,Playing,2026.0,"When I put on those cleats and that helmet, none of the other stuff followed me out there... Out there it was just — what can you do? And what I could do was run.",Reflecting on how football provided an escape and a voice during his childhood.,Public Appearance,Reflection,Positive,Available,Medium,The Players' Tribune,https://www.theplayerstribune.com/kc-concepcion-nfl-draft-ncaa-football-texas-a-m,
558,Arvell Reese,Playing,2026.0,"Ready to be that chess piece for the Giants. Whether it's rushing or dropping back, I'm going to make plays.",Commenting on his defensive versatility after being selected by the New York Giants.,Press Conference,Support,Positive,Available,Medium,NFL.com,https://www.nfl.com/news/2026-nfl-draft-five-best-value-picks-round-1-arvell-reese-sonny-styles,
559,Sonny Styles,Playing,2026.0,I want to be the guy that sets the tone for the Commanders defense. Range and size—I'm bringing it all to DC.,Discussing his transition to a modern second-level playmaker for Washington.,Press Conference,Support,Positive,Available,Medium,NFL.com,https://www.nfl.com/news/2026-nfl-draft-five-best-value-picks-round-1-arvell-reese-sonny-styles,
560,Makai Lemon,Playing,2026.0,"I'm quicker than fast, and I know how to get open. Philadelphia is the perfect place to showcase my game.",Addressing his route-running polish after being drafted by the Eagles.,Press Conference,Support,Positive,Available,Medium,NFL.com,https://www.nfl.com/news/2026-nfl-draft-five-best-value-picks-round-1-arvell-reese-sonny-styles,
561,Dillon Thieneman,Playing,2026.0,I bring proven experience and the ability to align anywhere in the secondary. I'm a Swiss Army knife for this defense.,Highlighting his versatility following his first-round selection by the Bears.,Press Conference,Support,Positive,Available,Medium,NFL.com,https://www.nfl.com/news/2026-nfl-draft-five-best-value-picks-round-1-arvell-reese-sonny-styles,
562,DJ Campbell,Playing,2026.0,My immediate reaction was it's just time to run it back again... it's time to go to work with my brothers again.,Reacting to being drafted by the Dolphins alongside former Texas teammates.,Press Conference,Support,Positive,Available,Medium,MiamiDolphins.com,https://www.miamidolphins.com/news/transcript-g-dj-campbell-nfl-draft-day-3-apr-28,
563,DJ Campbell,Playing,2026.0,"I'm not underrated or anything like that, I just feel like I'm coming in with the right chip on my shoulder.",Reflecting on being a sixth-round pick and his motivation moving forward.,Press Conference,Reflection,Positive,Available,Medium,MiamiDolphins.com,https://www.miamidolphins.com/news/transcript-g-dj-campbell-nfl-draft-day-3-apr-28,
564,DJ Campbell,Playing,2026.0,Football is so important to me just because it's a sport that I can really release all my inner feelings out on another man and then just have fun with it.,Describing his personal connection to the game of football.,Press Conference,Reflection,Positive,Available,Low,MiamiDolphins.com,https://www.miamidolphins.com/news/transcript-g-dj-campbell-nfl-draft-day-3-apr-28,
565,Chris Johnson,Playing,2026.0,Effort going to outlast skill every time. So just going out there with the approach that I'm going to give 100 percent.,Reiterating his philosophy on work ethic during his introductory Dolphins media session.,Press Conference,Support,Positive,Available,Medium,MiamiDolphins.com,https://www.miamidolphins.com/news/transcript-cb-chris-johnson-nfl-draft-day-1-apr-24,
566,Chris Johnson,Playing,2026.0,"I didn't want to go somewhere and put uncertainties in the air... exactly what me and my dad preached, I feel like it came to life.",Explaining why he chose to stay at San Diego State despite transfer portal interest.,Press Conference,Reflection,Positive,Available,Medium,MiamiDolphins.com,https://www.miamidolphins.com/news/transcript-cb-chris-johnson-nfl-draft-day-1-apr-24,
567,Diego Pavia,Playing,2026.0,"Baltimore, let's work. Grateful for the opportunity to compete and show what I can do.",Confirming his UDFA deal with the Baltimore Ravens via social media.,Twitter/X,Support,Positive,Active,Low,NFL Draft Diamonds,https://nfldraftdiamonds.com/2026/04/nfl-transactions-1122/,
568,Quentin Johnston,Playing,2026.0,"The work doesn't stop. Happy to have that fifth-year option picked up, but the mission remains the same.",Commenting on the Chargers' decision to exercise his fifth-year option.,Instagram,Support,Positive,Active,Medium,NFL Draft Diamonds,https://nfldraftdiamonds.com/2026/04/nfl-transactions-1122/,
569,Will Grier,Playing,2026.0,Excited for a fresh start in Carolina. Ready to compete and help this QB room in any way possible.,Reacting to signing with the Panthers in late April.,Twitter/X,Support,Positive,Active,Low,FOX Sports,https://www.foxsports.com/stories/nfl/2026-nfl-free-agency-trades-tracker-signings-updates-best-players-available,
570,Daniel Faalele,Playing,2026.0,"New York, let's get physical. Fired up to join the Giants and get to work.",Announcing his signing with the Giants earlier in the month.,Instagram,Support,Positive,Active,Low,FOX Sports,https://www.foxsports.com/stories/nfl/2026-nfl-free-agency-trades-tracker-signings-updates-best-players-available,
571,Wyatt Teller,Playing,2026.0,Houston is a team on the rise. I'm here to bring that veteran leadership to the offensive line.,Discussing his move to the Texans on a two-year deal.,Press Conference,Support,Positive,Available,Medium,FOX Sports,https://www.foxsports.com/stories/nfl/2026-nfl-free-agency-trades-tracker-signings-updates-best-players-available,
572,Jahmyr Gibbs,Playing,2026.0,"Detroit, we're just getting started. Appreciate the team's belief in me.",Reaction to the Lions picking up his fifth-year option.,Twitter/X,Support,Positive,Active,Medium,NFL Draft Diamonds,https://nfldraftdiamonds.com/2026/04/nfl-transactions-1122/,
573,Kadyn Proctor,Playing,2026.0,"I'm here to be a tone-setter. The Dolphins wanted toughness, and that's exactly what I'm bringing to the trenches.",First public comments from the Dolphins' offensive line draft pick regarding his role in Miami's new physical identity.,Press Conference,Support,Positive,Available,High,MiamiDolphins.com,https://www.miamidolphins.com/news/transcript-ot-kadyn-proctor-nfl-draft-2026,
574,Jahmyr Gibbs,Playing,2026.0,"I'm glad they picked it up. I've loved being a Lion, and I'm ready to keep building on what we've started here.",Reaction to the Detroit Lions exercising his fifth-year option.,Twitter/X,Support,Positive,Active,Medium,NFL Draft Diamonds,https://nfldraftdiamonds.com/2026/04/nfl-transactions-1122/,
575,Diego Pavia,Playing,2026.0,I've been fighting my whole career. Getting this opportunity with the Ravens is exactly what I've been working for.,Comments following the announcement of his UDFA signing with the Baltimore Ravens.,Twitter/X,Support,Positive,Active,Medium,NFL Draft Diamonds,https://nfldraftdiamonds.com/2026/04/nfl-transactions-1122/,
576,Quentin Johnston,Playing,2026.0,Knowing the team believes in me enough for that fifth year means a lot. Time to get to work.,Reflecting on the Chargers' decision to pick up his fifth-year option.,Instagram,Support,Positive,Active,Medium,NFL Draft Diamonds,https://nfldraftdiamonds.com/2026/04/nfl-transactions-1122/,
577,Mike Tomlin,Management,2026.0,We added a guy who understands what it takes to compete. He's going to fit in well with our defensive identity.,Steelers head coach discussing the addition of a new player post-draft.,Press Conference,Support,Positive,Available,Medium,Steelers.com,https://www.steelers.com/news/tomlin-post-draft-comments,
578,Jeff Hafley,Management,2026.0,We want guys who are adaptable. This class gives us the flexibility to move people around and create matchups.,Dolphins HC explaining the strategic value of drafting versatile defensive players.,Press Conference,Reflection,Positive,Available,Medium,Locked On Dolphins Podcast,https://www.youtube.com/watch?v=Zq1v0DhRuh8,
579,David Bailey,Playing,2026.0,I'm not here to settle. I want to show the Raiders that they made the right call at No. 2.,Early interview following his selection by the Las Vegas Raiders.,Press Conference,Support,Positive,Available,High,NFL.com,https://www.nfl.com/news/spytek-bailey-selection-analysis,
580,Caleb Banks,Playing,2026.0,I'm ready to disrupt. The Vikings are getting a guy who plays with a motor that doesn't quit.,Post-draft comment from Minnesota's first-round selection.,Press Conference,Support,Positive,Available,Medium,Vikings.com,https://www.vikings.com/news/banks-draft-night-interview,
581,Kwesi Adofo-Mensah,Management,2026.0,We looked for physical impact players. Caleb (Banks) brings a presence we really needed on that interior defensive line.,Vikings GM on why Caleb Banks was the right choice for the team's defensive scheme.,Press Conference,Support,Positive,Available,Medium,Vikings.com,https://www.vikings.com/news/adofo-mensah-post-draft-recap,
582,Arvell Reese,Playing,2026.0,It's all about growth. I know the coaches in New York will push me to reach my potential.,Reese reflecting on his transition to the Giants' defense.,Press Conference,Reflection,Positive,Available,Medium,Giants.com,https://www.giants.com/news/reese-draft-interview,
583,Sonny Styles,Playing,2026.0,"Washington has a vision for me, and I'm just ready to execute. I want to be everywhere on that field.",Commenting on his role in Dan Quinn's defense with the Commanders.,Press Conference,Support,Positive,Available,Medium,Commanders.com,https://www.commanders.com/news/styles-draft-interview,
584,Makai Lemon,Playing,2026.0,I've always played with a chip on my shoulder. Being an Eagle is the perfect next chapter for me.,First remarks after joining the Eagles via the draft.,Press Conference,Support,Positive,Available,Medium,Eagles.com,https://www.philadelphiaeagles.com/news/lemon-draft-interview,
585,Dillon Thieneman,Playing,2026.0,Chicago feels like home already. I'm ready to contribute to this secondary immediately.,Post-draft interview expressing excitement about joining the Bears.,Press Conference,Support,Positive,Available,Medium,ChicagoBears.com,https://www.chicagobears.com/news/thieneman-draft-interview,
586,Tory Horton,Playing,2026.0,I'm bringing a deep-threat mindset. I want to help the Bengals' passing game reach that next level.,Discussing his fit in the Cincinnati offense after being drafted.,Press Conference,Support,Positive,Available,Medium,Bengals.com,https://www.bengals.com/news/horton-draft-interview,
587,Zac Taylor,Management,2026.0,"We needed a vertical playmaker, and Tory fits exactly what we were looking for in this draft.",Bengals head coach on the team's decision to draft Tory Horton.,Press Conference,Support,Positive,Available,Medium,Bengals.com,https://www.bengals.com/news/taylor-draft-comments,
588,Evan Stewart,Playing,2026.0,Philadelphia is the place to be. I'm looking forward to showcasing my route-running against the best.,Reaction to his first-round selection by the Eagles.,Twitter/X,Support,Positive,Active,High,Eagles.com,https://www.philadelphiaeagles.com/news/stewart-draft-reaction,
589,Harold Perkins Jr.,Playing,2026.0,"Whatever the team needs, I'm ready. Whether I'm rushing or in coverage, I'm going to make an impact.",Detailing his commitment to the Commanders' defensive plan.,Instagram,Support,Positive,Active,Medium,Commanders.com,https://www.commanders.com/news/perkins-draft-reaction,
590,Princely Umanmielen,Playing,2026.0,Tampa Bay is getting a guy who works every single day to get better. I'm ready to dominate.,First comments after joining the Buccaneers defense.,Twitter/X,Support,Positive,Active,Medium,Buccaneers.com,https://www.buccaneers.com/news/umanmielen-draft-reaction,
591,Benjamin Morrison,Playing,2026.0,Steelers football is about grit. I'm excited to earn my place here and show what I can do.,Initial reactions from the Steelers' draft pick.,Press Conference,Support,Positive,Available,Medium,Steelers.com,https://www.steelers.com/news/morrison-draft-reaction,
592,Fernando Mendoza,Playing,2026.0,"There's a lot of anticipation coming to this pick, but now I'm really glad that all of the outside noise is done. I'm officially a Raider. I'm excited to be humble and hungry and get to work.",Addressing the media for the first time as the No. 1 overall pick in the 2026 NFL Draft.,Press Conference,Support,Positive,Available,High,Raiders.com,https://www.raiders.com/news/fernando-mendoza-introductory-press-conference-2026-nfl-draft-top-quotes-raiders,
593,Fernando Mendoza,Playing,2026.0,"It means a lot as a Cuban American to come to this franchise and help try to carry the torch. But again, I’ve got to prove it.",Reflecting on his heritage and the history of Hispanic icons within the Raiders organization.,Press Conference,Reflection,Positive,Available,High,Raiders.com,https://www.raiders.com/news/fernando-mendoza-introductory-press-conference-2026-nfl-draft-top-quotes-raiders,
594,Fernando Mendoza,Playing,2026.0,"Especially as a rookie, nothing's given, and my belief is that everything is earned. I’m going to come in humble and lead by example.",Discussing his mindset and approach to entering the NFL as a rookie quarterback.,Press Conference,Support,Positive,Available,Medium,Raiders.com,https://www.raiders.com/news/fernando-mendoza-introductory-press-conference-2026-nfl-draft-top-quotes-raiders,
595,Jermod McCoy,Playing,2026.0,I feel I've just been through a lot. Motivation is just fueling me at this point.,Discussing his journey after being selected 101st overall by the Raiders.,Press Conference,Reflection,Positive,Available,Low,Raiders.com,https://www.raiders.com/news/introducing-the-raiders-2026-draft-class-nfl-fernando-mendoza-treydan-stukes-keyron-crawford,
596,Treydan Stukes,Playing,2026.0,I leaned on my personal values to transform from an unrecruited prospect to a second-round pick. This is just the beginning.,Reflecting on his development and being drafted No. 38 overall.,Press Conference,Reflection,Positive,Available,Medium,Raiders.com,https://www.raiders.com/news/introducing-the-raiders-2026-draft-class-nfl-fernando-mendoza-treydan-stukes-keyron-crawford,
597,Mike Washington Jr.,Playing,2026.0,Excited to get rolling with [Ashton Jeanty]. We’re going to be a problem for defenses.,Commenting on joining the Raiders' backfield after being drafted in the fourth round.,Press Conference,Support,Positive,Available,Low,Raiders.com,https://www.raiders.com/news/introducing-the-raiders-2026-draft-class-nfl-fernando-mendoza-treydan-stukes-keyron-crawford,
598,Dalton Johnson,Playing,2026.0,I'm bringing 100% every single day. I’m not taking this opportunity lightly.,Discussing his commitment to the team after being selected in the fifth round.,Press Conference,Support,Positive,Available,Low,Raiders.com,https://www.raiders.com/news/introducing-the-raiders-2026-draft-class-nfl-fernando-mendoza-treydan-stukes-keyron-crawford,
599,Hezekiah Masses,Playing,2026.0,"I'm not taking it lightly. It’s a dream come true, but now the real work starts.",Addressing his selection by the Raiders in the sixth round.,Press Conference,Support,Positive,Available,Low,Raiders.com,https://www.raiders.com/news/introducing-the-raiders-2026-draft-class-nfl-fernando-mendoza-treydan-stukes-keyron-crawford,
600,Malik Benson,Playing,2026.0,Super blessed for this opportunity. I can’t wait to get down there and get to work with the guys.,Reacting to being drafted in the sixth round by Las Vegas.,Press Conference,Support,Positive,Available,Low,Raiders.com,https://www.raiders.com/news/introducing-the-raiders-2026-draft-class-nfl-fernando-mendoza-treydan-stukes-keyron-crawford,
601,Brandon Cleveland,Playing,2026.0,Can't wait to get down there and get to work. I’m ready to contribute in any way I can.,Final pick of the Raiders' 2026 draft class discussing his arrival in Vegas.,Press Conference,Support,Positive,Available,Low,Raiders.com,https://www.raiders.com/news/introducing-the-raiders-2026-draft-class-nfl-fernando-mendoza-treydan-stukes-keyron-crawford,
602,Dexter Lawrence II,Playing,2026.0,Ready for this new chapter in Cincinnati. We’re going to do big things together.,Statement following his trade from the Giants to the Bengals.,Press Conference,Support,Positive,Available,High,Bengals.com,https://www.bengals.com/news/dexter-lawrence-trade-giants-bengals-roster-update-2026,
603,Kirk Cousins,Playing,2026.0,"Welcome to the Silver and Black, Fernando. Looking forward to working together and chasing greatness.","Text message sent to rookie QB Fernando Mendoza on draft night, later shared by Mendoza.",Press Conference,Support,Positive,Available,Medium,Raiders.com,https://www.raiders.com/news/fernando-mendoza-introductory-press-conference-2026-nfl-draft-top-quotes-raiders,
604,TJ Woods,Management,2026.0,Whoever drafts Jatta is getting a true ball junkie—one of the smartest guys in our room last year. He's going to be a force.,BYU Offensive Line Coach praising prospect Isaiah Jatta ahead of his signing with the Raiders.,Public Appearance,Support,Positive,Available,Low,BYUcougars.com,https://byucougars.com/news/2026/04/25/eight-cougars-receive-nfl-opportunities-on-saturday-via-the-draft-and-free-agency,
605,Isaiah Jatta,Playing,2026.0,Signed. Ready to give the Raiders everything I've got. Let's go.,Confirming his UDFA signing with Las Vegas.,Twitter/X,Support,Positive,Active,Low,BYUcougars.com,https://byucougars.com/news/2026/04/25/eight-cougars-receive-nfl-opportunities-on-saturday-via-the-draft-and-free-agency,
606,Martin Emerson Jr.,Playing,2026.0,New Orleans is a special place with a great defense. I’m happy to be a part of it and ready to compete.,Commenting on his signing with the Saints in late April.,Press Conference,Support,Positive,Available,Medium,NFL Draft Diamonds,https://nfldraftdiamonds.com/2026/04/nfl-transactions-1122/,
607,Sincere McCormick,Playing,2026.0,Grateful for the chance with the 49ers. Ready to work hard and earn my spot on this roster.,Social media post after signing with San Francisco as a free agent.,Instagram,Support,Positive,Active,Low,NFL Draft Diamonds,https://nfldraftdiamonds.com/2026/04/nfl-transactions-1122/,
608,Brian Parker II,Playing,2026.0,"It's one of the better feelings in the world to be able to go back to your hometown team, put on that orange and black, and get ready for Who Dey nation.","Reacting to being drafted by his hometown team, the Cincinnati Bengals, in the sixth round.",Press Conference,Support,Positive,Available,Medium,Bengals.com,https://www.bengals.com/news/brian-parker-ii-2026-nfl-draft-quotes-bengals,
609,Brian Parker II,Playing,2026.0,My versatility to play all five (positions) will help strengthen that unit and keep Joe Burrow safe.,Discussing how his experience at both tackle and center will contribute to the Bengals' offensive line.,Press Conference,Support,Positive,Available,Medium,Bengals.com,https://www.bengals.com/news/brian-parker-ii-2026-nfl-draft-quotes-bengals,
610,Michael Taaffe,Playing,2026.0,"I was a fifth-generation Longhorn... I just knew that if you believe in yourself and you do what your heart is telling you to do and you just keep pushing, anything is possible.",Reflecting on his journey from a walk-on at Texas to being drafted by the Miami Dolphins.,Press Conference,Reflection,Positive,Available,Medium,MiamiDolphins.com,https://www.miamidolphins.com/news/transcript-s-michael-taaffe-nfl-draft-day-3-apr-27,
611,Michael Taaffe,Playing,2026.0,"You’ve got to earn your stripes early. You’ve got to put your head down and not say a word and be humble. Once it’s your time to talk, then that’s when you use your voice.",Discussing his approach to leadership as a rookie entering the Dolphins' locker room.,Press Conference,Support,Positive,Available,Medium,MiamiDolphins.com,https://www.miamidolphins.com/news/transcript-s-michael-taaffe-nfl-draft-day-3-apr-27,
612,Jerry Jones,Management,2026.0,We couldn't have asked for a better scenario. Downs should immediately be one of the best players on a defense that needs his instincts.,Cowboys owner expressing excitement after trading up to select safety Caleb Downs.,Press Conference,Support,Positive,Available,High,FOX Sports,https://www.foxsports.com/stories/nfl/5-takeaways-from-1st-round-2026-nfl-draft,
613,Jason Licht,Management,2026.0,I haven't seen many draft rooms more excited than the Bucs were when Bain fell to them. He's a key part of our comeback efforts.,Buccaneers GM discussing the 'pleasant surprise' of Rueben Bain Jr. being available at No. 15.,Press Conference,Support,Positive,Available,High,FOX Sports,https://www.foxsports.com/stories/nfl/5-takeaways-from-1st-round-2026-nfl-draft,
614,Duke Tobin,Management,2026.0,"You go to bed at night, and you’re like, holy cow, we got a pretty good list here. Some years the guys you want actually get to you.",Bengals Director of Player Personnel reflecting on the team's draft board and value picks.,Press Conference,Reflection,Positive,Available,Medium,Bengals.com,https://www.bengals.com/news/duke-tobin-toasts-defensive-upgrades-before-navigating-next-move-for-nfl-s-highest-spending-team,
615,Duke Tobin,Management,2026.0,I am not down on my linebackers. They individually will improve and collectively will improve by the experience they've gained.,Tobin defending the current linebacker corps while discussing post-draft roster additions.,Press Conference,Support,Positive,Available,Medium,Bengals.com,https://www.bengals.com/news/duke-tobin-toasts-defensive-upgrades-before-navigating-next-move-for-nfl-s-highest-spending-team,
616,Caleb Downs,Playing,2026.0,"Dallas is a legendary franchise. I’m ready to come in, learn the system, and contribute to a championship culture.",Initial reaction after being selected 11th overall by the Dallas Cowboys.,Press Conference,Support,Positive,Available,High,NFL.com,https://www.nfl.com/news/2026-nfl-draft-first-round-analysis,
617,Carson Beck,Playing,2026.0,I know what I bring to the table. I’m grateful to the Cardinals for the opportunity to prove I can lead at this level.,Addressing his third-round selection by Arizona after falling further than some projected.,Press Conference,Reflection,Positive,Available,Medium,FOX News,https://www.foxnews.com/sports/2026-nfl-draft-night-2-takeaways,
618,Drew Allar,Playing,2026.0,To play for a coach like Mike McCarthy is an honor. I’m ready to soak up everything and work on my game every day.,Discussing his development as a third-round pick for the Pittsburgh Steelers.,Press Conference,Support,Positive,Available,Medium,FOX News,https://www.foxnews.com/sports/2026-nfl-draft-night-2-takeaways,
619,Jalen Carter,Playing,2026.0,Philly is home. Happy to have the news out there and just focus on the season ahead.,Reaction to the Philadelphia Eagles officially exercising his fifth-year option.,Twitter/X,Support,Positive,Active,Medium,NFL.com,https://www.nfl.com/news/fifth-year-option-tracker-for-first-round-picks-from-2023-nfl-draft,
620,Peter Skoronski,Playing,2026.0,I love the direction this team is heading. I’m honored to be a part of the Titans' future.,Responding to reports that the Titans plan to exercise his fifth-year option.,Public Appearance,Support,Positive,Available,Medium,NFL.com,https://www.nfl.com/news/fifth-year-option-tracker-for-first-round-picks-from-2023-nfl-draft,
621,Martin Emerson Jr.,Playing,2026.0,The Saints have a great tradition of defensive backs. I’m here to add to that and win.,Brief comments after signing a contract with New Orleans on April 28.,Instagram,Support,Positive,Active,Low,NFL Draft Diamonds,https://nfldraftdiamonds.com/2026/04/nfl-transactions-1122/,
622,Anfernee Jennings,Playing,2026.0,Grateful for the chance in New Orleans. Ready to get to work with this group.,Announcing his free agent signing with the Saints.,Twitter/X,Support,Positive,Active,Low,NFL.com,https://www.nfl.com/transactions/league/signings/2026/4,
623,Michael Burton,Playing,2026.0,"Cleveland, let's go. Ready to bring that physical presence to the backfield.",Social media post following his signing with the Browns.,Instagram,Support,Positive,Active,Low,NFL.com,https://www.nfl.com/transactions/league/signings/2026/4,
624,Brandon Johnson,Playing,2026.0,Fired up to join the Steelers. Can't wait to get in the room and compete.,Reacting to his late-April signing with Pittsburgh.,Twitter/X,Support,Positive,Active,Low,NFL.com,https://www.nfl.com/transactions/league/signings/2026/4,
625,Matt Araiza,Playing,2026.0,Blessed to be back with the Chiefs. Ready to build on what we did last year.,Commenting on signing his exclusive rights tender with Kansas City.,Instagram,Support,Positive,Active,Low,NFL.com,https://www.nfl.com/transactions/league/signings/2026/4,
626,Ivan Pace Jr.,Playing,2026.0,Minnesota is where I want to be. Glad to have this settled so we can focus on football.,Confirming his re-signing with the Vikings after being tendered as an ERFA.,Public Appearance,Support,Positive,Available,Low,NFL.com,https://www.nfl.com/transactions/league/signings/2026/4,
627,Harrison Bryant,Playing,2026.0,Excited for this new opportunity in Seattle. Ready to contribute to the tight end room and help this offense any way I can.,"First comments after signing a contract with the Seattle Seahawks on April 29, 2026.",Press Statement,Support,Positive,Available,Medium,Seahawks.com,https://www.seahawks.com/news/seahawks-sign-tight-end-harrison-bryant,
628,Brenen Thompson,Playing,2026.0,"I'm so excited, I think it's a perfect fit. I think the fan base and this team got exactly what they needed and I'm excited to get in with McDaniel and get to work.",Expressing his enthusiasm about joining the Los Angeles Chargers and playing under coach Mike McDaniel.,Interview,Support,Positive,Available,High,Chargers.com,https://www.chargers.com/news/nfl-draft-picks-mel-kiper-2026,
629,Mickey Loomis,Management,2026.0,"We're thrilled to add these ten young men to our roster. They've shown the grit and talent to compete at the next level, and we can't wait to get them on the field.",General Manager announcing the signing of 10 undrafted free agents following the 2026 NFL Draft.,Press Conference,Support,Positive,Available,Medium,NewOrleansSaints.com,https://www.neworleanssaints.com/news/saints-undrafted-free-agents-photos-2026-udfa-tracker-nfl,
630,Jadarian Price,Playing,2026.0,It’s a blessing to be picked by Seattle. I’m ready to prove myself and help this team win football games.,Reacting to being selected in the first round (No. 32 overall) by the Seahawks.,Press Conference,Support,Positive,Available,Medium,Seahawks.com,https://www.seahawks.com/news/seahawks-sign-tight-end-harrison-bryant,
631,Bud Clark,Playing,2026.0,I’ve been waiting for this moment my whole life. Grateful to the Seahawks organization for believing in me.,Comment after being selected by the Seahawks in the second round.,Twitter/X,Support,Positive,Active,Low,Seahawks.com,https://www.seahawks.com/news/seahawks-sign-tight-end-harrison-bryant,
632,Beau Stephens,Playing,2026.0,Being a Seahawk is an honor. I'm ready to bring my work ethic to the trenches.,Initial reaction post-draft for the fifth-round offensive lineman.,Instagram,Support,Positive,Active,Low,Seahawks.com,https://www.seahawks.com/news/seahawks-sign-tight-end-harrison-bryant,
633,Emmanuel Henderson Jr.,Playing,2026.0,Seattle is getting a competitor who isn't afraid to do the dirty work. Excited to get to work.,Reflecting on his selection in the sixth round.,Twitter/X,Support,Positive,Active,Low,Seahawks.com,https://www.seahawks.com/news/seahawks-sign-tight-end-harrison-bryant,
634,Andre Fuller,Playing,2026.0,I'm just ready to contribute to the secondary. Seattle is the place to be.,Addressing his seventh-round selection by the Seahawks.,Press Conference,Support,Positive,Available,Low,Seahawks.com,https://www.seahawks.com/news/seahawks-sign-tight-end-harrison-bryant,
635,Deven Eastern,Playing,2026.0,I’m going to make the most of this opportunity. Seattle is a great spot for me to develop.,Commenting on his draft selection by the Seahawks.,Instagram,Support,Positive,Active,Low,Seahawks.com,https://www.seahawks.com/news/seahawks-sign-tight-end-harrison-bryant,
636,Michael Dansby,Playing,2026.0,Blessed beyond measure. Ready to grind and show the Seahawks why they made the right choice.,Final 2026 draft pick by the Seahawks reacting to his selection.,Twitter/X,Support,Positive,Active,Low,Seahawks.com,https://www.seahawks.com/news/seahawks-sign-tight-end-harrison-bryant,
637,CJ Donaldson,Playing,2026.0,I’m ready to contribute immediately. New Orleans is the perfect place to start my journey.,Comments after agreeing to terms as an undrafted free agent with the Saints.,Twitter/X,Support,Positive,Active,Low,NewOrleansSaints.com,https://www.neworleanssaints.com/news/saints-undrafted-free-agents-photos-2026-udfa-tracker-nfl,
638,Cody Hardy,Playing,2026.0,I can't wait to work with this coaching staff. Grateful for the chance to compete.,Reacting to his signing as an undrafted rookie with the Saints.,Instagram,Support,Positive,Active,Low,NewOrleansSaints.com,https://www.neworleanssaints.com/news/saints-undrafted-free-agents-photos-2026-udfa-tracker-nfl,
639,Alan Herron,Playing,2026.0,New Orleans is where I want to be. I’m ready to earn my spot in the trenches.,Comment following his signing as an undrafted free agent with the Saints.,Twitter/X,Support,Positive,Active,Low,NewOrleansSaints.com,https://www.neworleanssaints.com/news/saints-undrafted-free-agents-photos-2026-udfa-tracker-nfl,
640,Michael Heldman,Playing,2026.0,I’m going to bring maximum effort every single snap. Excited for the Saints opportunity.,Reflecting on his new opportunity in New Orleans.,Instagram,Support,Positive,Active,Low,NewOrleansSaints.com,https://www.neworleanssaints.com/news/saints-undrafted-free-agents-photos-2026-udfa-tracker-nfl,
641,DaShawn Jones,Playing,2026.0,I’m here to compete at the highest level. Grateful to the Saints for the opportunity.,Addressing his signing as an undrafted free agent.,Twitter/X,Support,Positive,Active,Low,NewOrleansSaints.com,https://www.neworleanssaints.com/news/saints-undrafted-free-agents-photos-2026-udfa-tracker-nfl,
642,Jeremiah McLendon,Playing,2026.0,Ready to bring my speed to the Saints' defense. Let's work.,Reacting to his new opportunity with New Orleans.,Instagram,Support,Positive,Active,Low,NewOrleansSaints.com,https://www.neworleanssaints.com/news/saints-undrafted-free-agents-photos-2026-udfa-tracker-nfl,
643,KeeShawn Silver,Playing,2026.0,New Orleans is the place to prove myself. I’m ready to dominate.,Post-signing reaction as an undrafted free agent with the Saints.,Twitter/X,Support,Positive,Active,Low,NewOrleansSaints.com,https://www.neworleanssaints.com/news/saints-undrafted-free-agents-photos-2026-udfa-tracker-nfl,
644,Mason Shipley,Playing,2026.0,I’m grateful for this opportunity to compete for the Saints. Time to focus on the work ahead.,Commenting after signing with New Orleans as an undrafted free agent.,Instagram,Support,Positive,Active,Low,NewOrleansSaints.com,https://www.neworleanssaints.com/news/saints-undrafted-free-agents-photos-2026-udfa-tracker-nfl,
645,Jay'Viar Suggs,Playing,2026.0,Ready to bring my intensity to New Orleans. I'm here to work.,Reacting to his undrafted free agent signing.,Twitter/X,Support,Positive,Active,Low,NewOrleansSaints.com,https://www.neworleanssaints.com/news/saints-undrafted-free-agents-photos-2026-udfa-tracker-nfl,
646,Alex Wollschlaeger,Playing,2026.0,I’m just focused on being the best teammate I can be for the Saints. Ready to get started.,Concluding his undrafted free agent agreement with New Orleans.,Instagram,Support,Positive,Active,Low,NewOrleansSaints.com,https://www.neworleanssaints.com/news/saints-undrafted-free-agents-photos-2026-udfa-tracker-nfl,
647,Teair Tart,Playing,2026.0,I think we’re [bleeping] starving.,Describing the Chargers' level of motivation after signing a multi-year contract extension and reflecting on falling short in the previous postseasons.,Press Conference,Support,Positive,Available,Medium,Chargers.com,https://www.chargers.com/news/teair-tart-stats-contract-free-agent-quote,
648,Teair Tart,Playing,2026.0,"I know I play with a chip on my shoulder, always got something to prove, always want to find ways to get better each and every season.",Reflecting on his mindset after securing a new long-term deal with the Chargers in the 2026 offseason.,Press Conference,Reflection,Positive,Available,Medium,Chargers.com,https://www.chargers.com/news/teair-tart-stats-contract-free-agent-quote,
649,Nick Barrett,Playing,2026.0,"I'm more of a run stopper, push the pocket. I do good with anchoring and taking on double teams and creating knockbacks.",Describing his playstyle and what he brings to the trenches after being drafted 145th overall by the Chargers.,Interview,Support,Positive,Available,Low,Chargers.com,https://www.chargers.com/news/nfl-draft-picks-mel-kiper-2026,
650,Julian Neal,Playing,2026.0,"Ready to get to work in the Pacific Northwest. Seattle, let’s go!",Commenting on his third-round selection by the Seahawks in the 2026 NFL Draft.,Twitter/X,Support,Positive,Active,Low,Seahawks.com,https://www.seahawks.com/news/seahawks-sign-tight-end-harrison-bryant,
651,Jordyn Tyson,Playing,2026.0,New Orleans is a place where I can really showcase what I do. I’m ready to contribute to this offense alongside Chris (Olave).,Discussing his fit with the Saints after being selected as a top-10 pick despite an injury-hampered final college season.,Press Conference,Support,Positive,Available,High,NBC Sports,https://www.nbcsports.com/fantasy/football/news/nfl-draft-2026-best-and-worst-fantasy-fits,
652,Rueben Bain Jr.,Playing,2026.0,I’m focused on the future and being the best player I can be for Tampa Bay. I’m ready to get after the quarterback.,Addressing the media after being the surprise first-round selection for the Buccaneers at No. 15.,Press Conference,Support,Positive,Available,High,Buccaneers.com,https://www.buccaneers.com/news/magic-pick-84-more-s-s-mailbag,
653,Todd Bowles,Management,2026.0,Bain brings an edge and a passion that is contagious. He’s exactly the kind of disruptor we want on our front.,Bucs head coach praising the pick of Rueben Bain Jr. during the team's post-draft wrap-up.,Press Conference,Support,Positive,Available,Medium,Buccaneers.com,https://www.buccaneers.com/news/magic-pick-84-more-s-s-mailbag,
654,Jeremiyah Love,Playing,2026.0,I don't look at the 'RB value' talk. I look at what I can do for the Cardinals on the field. I'm here to score points.,"Responding to being drafted 3rd overall, a high slot for a running back in the modern NFL.",Press Conference,Support,Positive,Available,High,NFL.com,https://www.nfl.com/news/2026-nfl-draft-final-snap-grades-for-every-team,
655,Chase Bisontis,Playing,2026.0,Arizona is getting a nasty blocker. I'm ready to protect my QB and open lanes for Jeremiyah.,Post-draft comments from the Cardinals' second-round pick regarding his physical playstyle.,Interview,Support,Positive,Available,Medium,NFL.com,https://www.nfl.com/news/2026-nfl-draft-final-snap-grades-for-every-team,
656,DeMonte Capehart,Playing,2026.0,Just wanted an opportunity to show what I can do at this level. Thankful to the Bucs for giving me that call.,Reflecting on the phone call he received from the Buccaneers when they selected him in the fifth round.,Public Appearance,Support,Positive,Available,Low,Buccaneers.com,https://www.buccaneers.com/news/magic-pick-84-more-s-s-mailbag,
657,Ted Hurst,Playing,2026.0,Tampa feels like a great spot. Ready to get in that wide receiver room and learn from the vets like Mike (Evans).,Reacting to being drafted in the third round by Tampa Bay after they traded down to pick 84.,Press Conference,Support,Positive,Available,Medium,Buccaneers.com,https://www.buccaneers.com/news/magic-pick-84-more-s-s-mailbag,
658,Billy Schrauth,Playing,2026.0,I was just waiting for my name to be called. Getting that call from Coach Bowles was surreal.,Commenting on being the fifth-round selection for the Buccaneers.,Interview,Support,Positive,Available,Low,Buccaneers.com,https://www.buccaneers.com/news/magic-pick-84-more-s-s-mailbag,
659,Olaus Alinen,Playing,2026.0,I’m ready to bring that physical presence to the Ravens' line. It’s an honor to play for this organization.,Discussing his selection by Baltimore in the first round as a solidifying presence for their offensive line.,Press Conference,Support,Positive,Available,Medium,NFL.com,https://www.nfl.com/news/2026-nfl-draft-final-snap-grades-for-every-team,
660,Parker Brailsford,Playing,2026.0,Buffalo is exactly where I wanted to be. I’m ready to contribute to that pass rush and help the Bills win.,First-round pick for the Bills expressing his excitement about joining the team's defensive unit.,Press Conference,Support,Positive,Available,Medium,NFL.com,https://www.nfl.com/news/2026-nfl-draft-final-snap-grades-for-every-team,
661,Davison Igbinosun,Playing,2026.0,"I’m here to play physical football. The Bills wanted size on the outside, and that’s what they’re getting.",Addressing his role as a physical cornerback in Buffalo's secondary after being drafted in the second round.,Interview,Support,Positive,Available,Medium,NFL.com,https://www.nfl.com/news/2026-nfl-draft-final-snap-grades-for-every-team,
662,Zalen Freeling,Playing,2026.0,I’m looking forward to learning from the guys in Carolina. I want to be a cornerstone for this offensive line.,First-round offensive tackle for the Panthers discussing his long-term goals for the franchise.,Press Conference,Support,Positive,Available,Medium,NFL.com,https://www.nfl.com/news/2026-nfl-draft-final-snap-grades-for-every-team,
663,Micah Parsons,Playing,2026.0,"When the work is put in, the decisions speak for themselves. I’m here to lead this defense for a long time.",Reflecting on his role as the face of the Cowboys' defense during the 2026 offseason.,Public Appearance,Reflection,Positive,Available,High,Packers.com (via NFL Inbox),https://www.packers.com/news/,
664,Dillon Thieneman,Playing,2026.0,"I fit this defense. Chicago wants toughness and versatility in the secondary, and I’m ready to deliver.",Draft night interview with the Bears' first-round pick regarding his schematic fit.,Press Conference,Support,Positive,Available,Medium,NFL.com,https://www.nfl.com/news/2026-nfl-draft-final-snap-grades-for-every-team,
665,Federico Maranges,Playing,2026.0,Grateful for the chance through the International Pathway Program. Ready to show Seattle what I can do.,Reflecting on his addition to the Seahawks' roster as an international player.,Press Statement,Support,Positive,Available,Low,Seahawks.com,https://www.seahawks.com/news/seahawks-sign-tight-end-harrison-bryant,
